candidate_id,blend,nco_oh,mdi_parts,Polyol_B_parts,Polyol_C_parts,Polyol_D_parts,Polyol_A_parts,simulated_eta_80c_pa_s,simulated_eta_120c_pa_s,simulated_ratio_80c_120c,simulated_domain_ratio,simulated_log10_interval_radius,simulated_chemistry_in_domain_flag
Candidate_0001,Polyol_D:60+Polyol_B:40,2.5,100.1,40,0,60,0,1.9253424603,0.2307078082,8.3453719015,0.6517216602,0.0548550931,1
Candidate_0002,Polyol_D:30+Polyol_A:70,1.9,30.905875,0,0,30,70,8.2452869214,0.7637037127,10.7964473446,0.853164071,0.0613012503,1
Candidate_0003,Polyol_B:40+Polyol_C:60,2.6,120.835,40,60,0,0,1.4839590097,0.18749299,7.914743957,0.7461645981,0.0578772671,1
Candidate_0004,Polyol_D:80+Polyol_B:20,1.5,48.79875,20,0,80,0,3.3134643951,0.4256299629,7.7848475989,0.7247477878,0.0571919292,1
Candidate_0005,Polyol_B:20+Polyol_C:80,2.6,106.8925,20,80,0,0,1.7542036536,0.2126552677,8.2490486708,0.6859533103,0.0559505059,1
Candidate_0006,Polyol_D:20+Polyol_C:80,2.6,87.373,0,80,20,0,2.3328618454,0.2627995585,8.8769625745,0.5869270923,0.052781667,1
Candidate_0007,Polyol_A:70+Polyol_C:30,2.8,54.5545,0,30,0,70,5.1581056898,0.4452258277,11.5853694203,0.9182743345,0.0633847787,1
Candidate_0008,Polyol_A:50+Polyol_C:50,2.2,53.08875,0,50,0,50,4.5150828328,0.4547489276,9.9287377251,0.5507125894,0.0516228029,1
Candidate_0009,Polyol_D:60+Polyol_B:40,2.3,92.092,40,0,60,0,2.0286763364,0.2499227851,8.1172124254,0.5642216602,0.0520550931,1
Candidate_0010,Polyol_C:100,2.7,96.525,0,100,0,0,2.0461752647,0.2346982723,8.7183226549,0.6385647528,0.0544340721,1
Candidate_0011,Polyol_D:100,1.7,42.5425,0,0,100,0,4.4001919957,0.5091839941,8.6416541891,0.6541020574,0.0549312658,1
Candidate_0012,Polyol_D:70+Polyol_C:30,2.5,70.60625,0,30,70,0,3.0737215625,0.3288901204,9.3457400261,0.5297009604,0.0509504307,1
Candidate_0013,Polyol_B:90+Polyol_C:10,2.6,155.69125000000005,90,10,0,0,1.0245061637,0.1428754281,7.1706253289,0.8706360146,0.0618603525,1
Candidate_0014,Polyol_B:100,2.2,137.63750000000002,100,0,0,0,1.0570376696,0.1592864517,6.6360802086,0.6946479426,0.0562287342,1
Candidate_0015,Polyol_C:100,1.8,64.35,0,100,0,0,2.5888942856,0.3363999373,7.695882189,0.5948147528,0.0530340721,1
Candidate_0016,Polyol_B:40+Polyol_C:60,1.9,88.30250000000001,40,60,0,0,1.7819217001,0.2480775647,7.1829216088,0.7024145981,0.0564772671,1
Candidate_0017,Polyol_D:20+Polyol_A:80,1.7,25.5255,0,0,20,80,9.6042870366,0.8944854541,10.7372199212,0.9799738852,0.0653591643,1
Candidate_0018,Polyol_A:10+Polyol_C:90,2.7,90.250875,0,90,0,10,2.3637876038,0.2576838547,9.1732080262,0.7030578301,0.0564978506,1
Candidate_0019,Polyol_D:50+Polyol_B:50,1.5,65.69062499999998,50,0,50,0,2.2060740409,0.313472882,7.0375275431,0.8707311323,0.0618633962,1
Candidate_0020,Polyol_B:20+Polyol_C:80,1.6,65.78,20,80,0,0,2.2782631471,0.3172443805,7.1814137218,0.7734533103,0.0587505059,1
Candidate_0021,Polyol_D:80+Polyol_B:20,2.9,94.34425,20,0,80,0,2.2979939699,0.2431236927,9.4519540425,0.7247477878,0.0571919292,1
Candidate_0022,Polyol_A:80+Polyol_C:20,2.3,39.468,0,20,0,80,6.917692789,0.6165641486,11.2197454303,0.7618952162,0.0583806469,1
Candidate_0023,Polyol_A:30+Polyol_C:70,2.8,80.5805,0,70,0,30,2.9715869362,0.2956044741,10.0525776725,0.7267135,0.057254832,1
Candidate_0024,Polyol_B:70+Polyol_C:30,2.4,130.845,70,30,0,0,1.2449927772,0.171592269,7.2555295432,0.7370606388,0.0575859404,1
Candidate_0025,Polyol_A:60+Polyol_B:40,2.4,78.078,40,0,0,60,2.867027377,0.3096937763,9.2576202584,0.5809977878,0.0525919292,1
Candidate_0026,Polyol_D:90+Polyol_B:10,2.1,60.435375,10,0,90,0,3.3275286029,0.3786498101,8.7878787043,0.4554635,0.048574832,1
Candidate_0027,Polyol_D:10+Polyol_A:90,1.5,20.645625000000003,0,0,10,90,11.2129373856,1.0516604955,10.66212664,1.1102060861,0.0695265948,0
Candidate_0028,Polyol_D:20+Polyol_C:80,2.7,90.7335,0,80,20,0,2.2726713272,0.2524950404,9.0008553174,0.6306770923,0.054181667,1
Candidate_0029,Polyol_A:100,2.6,32.5325,0,0,0,100,9.2662743429,0.735546656,12.5978063633,0.9507639163,0.0644244453,1
Candidate_0030,Polyol_C:100,2.0,71.5,0,100,0,0,2.4570248117,0.310536281,7.9121988697,0.5073147528,0.0502340721,1
Candidate_0031,Polyol_D:30+Polyol_B:70,2.1,107.732625,70,0,30,0,1.4991792401,0.2082848669,7.197734825,0.6859366027,0.0559499713,1
Candidate_0032,Polyol_D:30+Polyol_C:70,2.6,84.5845,0,70,30,0,2.4517873559,0.2723918018,9.0009586908,0.5709977878,0.0522719292,1
Candidate_0033,Polyol_A:90+Polyol_C:10,2.0,29.6725,0,10,0,90,8.9499897563,0.8000025167,11.1874520013,0.8771055184,0.0620673766,1
Candidate_0034,Polyol_D:30+Polyol_B:70,2.0,102.6025,70,0,30,0,1.5388842227,0.2167851336,7.0986612283,0.7296866027,0.0573499713,1
Candidate_0035,Polyol_D:90+Polyol_A:10,2.3,54.679625,0,0,90,10,4.2006112542,0.4302019401,9.7642778018,0.5792927329,0.0525373675,1
Candidate_0036,Polyol_D:60+Polyol_C:40,2.1,61.5615,0,40,60,0,3.2443879765,0.3715180395,8.7327871912,0.423896587,0.0475646908,1
Candidate_0037,Polyol_B:30+Polyol_C:70,3.0,131.38124999999997,30,70,0,0,1.4506257866,0.1698859582,8.5388209926,0.8919811323,0.0625433962,1
Candidate_0038,Polyol_A:90+Polyol_C:10,3.0,44.50875,0,10,0,90,6.8912604541,0.5362577238,12.8506502528,1.1396055184,0.0704673766,0
Candidate_0039,Polyol_D:40+Polyol_A:60,2.2,38.538500000000006,0,0,40,60,6.914992576,0.6287468876,10.9980545635,0.6855188677,0.0559366038,1
Candidate_0040,Polyol_A:80+Polyol_B:20,2.8,63.063,20,0,0,80,4.2056027491,0.3825095652,10.9947649215,0.869595713,0.0618270628,1
Candidate_0041,Polyol_B:80+Polyol_C:20,2.6,148.72,80,20,0,0,1.0997794259,0.1503428905,7.3151408908,0.8481384704,0.0611404311,1
Candidate_0042,Polyol_D:80+Polyol_A:20,2.0,45.045,0,0,80,20,5.0054715306,0.5182772226,9.6579037489,0.649595713,0.0547870628,1
Candidate_0043,Polyol_B:30+Polyol_C:70,2.5,109.484375,30,70,0,0,1.6531692946,0.207499178,7.9671125005,0.6732311323,0.0555433962,1
Candidate_0044,Polyol_A:50+Polyol_B:50,2.8,105.105,50,0,0,50,2.1173225381,0.2274819897,9.3076491046,0.8262761148,0.0604408357,1
Candidate_0045,Polyol_A:40+Polyol_C:60,2.9,76.7195,0,60,0,40,3.2917156595,0.3116232514,10.5631259698,0.81181112,0.0599779558,1
Candidate_0046,Polyol_B:90+Polyol_C:10,2.1,125.750625,90,10,0,0,1.1675527539,0.174508442,6.6905230527,0.7393860146,0.0576603525,1
Candidate_0047,Polyol_D:40+Polyol_A:60,2.4,42.042,0,0,40,60,6.5627663618,0.5804065296,11.3071890589,0.7730188677,0.0587366038,1
Candidate_0048,Polyol_D:70+Polyol_B:30,2.2,79.82975000000002,30,0,70,0,2.3829838483,0.2878664749,8.2780874337,0.4721267068,0.0491080546,1
Candidate_0049,Polyol_D:90+Polyol_B:10,1.7,48.923875,10,0,90,0,3.6942930836,0.4443496685,8.3139323501,0.6304635,0.054174832,1
Candidate_0050,Polyol_A:10+Polyol_B:90,1.5,86.33625,90,0,0,10,1.5173692494,0.2366055928,6.4130743137,1.0799483589,0.0685583475,0
Candidate_0051,Polyol_D:10+Polyol_C:90,2.5,86.69375,0,90,10,0,2.2766075168,0.2638970619,8.6268770889,0.5586059162,0.0518753893,1
Candidate_0052,Polyol_D:80+Polyol_B:20,2.8,91.091,20,0,80,0,2.3588551451,0.2530457588,9.3218521276,0.6809977878,0.0557919292,1
Candidate_0053,Polyol_D:50+Polyol_B:50,1.6,70.07,50,0,50,0,2.1491547938,0.3011814345,7.1357479178,0.8269811323,0.0604633962,1
Candidate_0054,Polyol_D:40+Polyol_C:60,2.1,66.066,0,60,40,0,2.936109909,0.3449670744,8.5112757911,0.4232844417,0.0475451021,1
Candidate_0055,Polyol_A:60+Polyol_C:40,2.1,45.79575,0,40,0,60,5.331683387,0.5256553243,10.1429266293,0.6441893612,0.0546140596,1
Candidate_0056,Polyol_D:50+Polyol_C:50,2.5,75.96875,0,50,50,0,2.7794968456,0.3049645736,9.1141630424,0.49375,0.0498,1
Candidate_0057,Polyol_C:100,1.6,57.2,0,100,0,0,2.7278412454,0.3644177016,7.4854795288,0.6823147528,0.0558340721,1
Candidate_0058,Polyol_D:10+Polyol_C:90,2.9,100.56475,0,90,10,0,2.0505889647,0.2248782422,9.1186632585,0.7336059162,0.0574753893,1
Candidate_0059,Polyol_D:80+Polyol_A:20,1.9,42.79275,0,0,80,20,5.138038841,0.5394285172,9.5249670285,0.693345713,0.0561870628,1
Candidate_0060,Polyol_A:90+Polyol_B:10,1.5,26.27625,10,0,0,90,8.1567583666,0.8250614427,9.8862435508,1.0367688677,0.0671766038,0
Candidate_0061,Polyol_D:60+Polyol_B:40,1.8,72.072,40,0,60,0,2.3119301057,0.305256379,7.5737323267,0.6954716602,0.0562550931,1
Candidate_0062,Polyol_B:10+Polyol_C:90,1.8,69.17625,10,90,0,0,2.3639928714,0.3134501221,7.5418470255,0.6528321891,0.0548906301,1
Candidate_0063,Polyol_A:10+Polyol_B:90,2.6,149.64950000000002,90,0,0,10,1.1381906593,0.1523826192,7.4692945003,0.9486983589,0.0643583475,1
Candidate_0064,Polyol_D:30+Polyol_B:70,2.8,143.6435,70,0,30,0,1.2484951165,0.157418316,7.931066398,0.9046866027,0.0629499713,1
Candidate_0065,Polyol_B:10+Polyol_C:90,2.7,103.764375,10,90,0,0,1.8684207255,0.2186867296,8.543823069,0.6965821891,0.0562906301,1
Candidate_0066,Polyol_B:40+Polyol_C:60,2.9,134.7775,40,60,0,0,1.3720335865,0.1662913646,8.2507807298,0.8774145981,0.0620772671,1
Candidate_0067,Polyol_D:70+Polyol_C:30,2.6,73.43050000000001,0,30,70,0,2.9944160116,0.3159941543,9.4761753363,0.5734509604,0.0523504307,1
Candidate_0068,Polyol_A:10+Polyol_C:90,1.6,53.482,0,90,0,10,3.1512634485,0.4001075812,7.8760403361,0.7468078301,0.0578978506,1
Candidate_0069,Polyol_A:70+Polyol_C:30,1.8,35.070750000000004,0,30,0,70,6.699063748,0.6641988859,10.0859304204,0.8307743345,0.0605847787,1
Candidate_0070,Polyol_D:70+Polyol_C:30,2.7,76.25475000000002,0,30,70,0,2.9171566352,0.3036038463,9.6084310876,0.6172009604,0.0537504307,1
Candidate_0071,Polyol_D:50+Polyol_B:50,2.4,105.105,50,0,50,0,1.7436069752,0.2187026086,7.9725019571,0.6519811323,0.0548633962,1
Candidate_0072,Polyol_A:70+Polyol_C:30,1.9,37.019125,0,30,0,70,6.5262201999,0.638155275,10.2266963157,0.7870243345,0.0591847787,1
Candidate_0073,Polyol_A:70+Polyol_C:30,2.3,44.812625,0,30,0,70,5.8783057793,0.543800054,10.8096822279,0.6995243345,0.0563847787,1
Candidate_0074,Polyol_D:90+Polyol_C:10,2.4,62.634,0,10,90,0,3.4928198167,0.3701925309,9.4351439452,0.5247429986,0.050791776,1
Candidate_0075,Polyol_A:60+Polyol_B:40,2.3,74.82475,40,0,0,60,2.9429591061,0.322332619,9.1301932611,0.5372477878,0.0511919292,1
Candidate_0076,Polyol_A:80+Polyol_C:20,3.0,51.48,0,20,0,80,5.7609560173,0.4659891591,12.3628541673,1.0681452162,0.0681806469,0
Candidate_0077,Polyol_D:20+Polyol_A:80,2.2,33.033,0,0,20,80,8.4275860205,0.7323427494,11.5077073231,0.7612238852,0.0583591643,1
Candidate_0078,Polyol_A:60+Polyol_C:40,1.8,39.2535,0,40,0,60,5.7666223897,0.5926747232,9.7298267733,0.7754393612,0.0588140596,1
Candidate_0079,Polyol_D:60+Polyol_C:40,1.7,49.8355,0,40,60,0,3.6019885905,0.4359804581,8.2618120229,0.598896587,0.0531646908,1
Candidate_0080,Polyol_D:60+Polyol_C:40,2.0,58.63,0,40,60,0,3.3303139048,0.3866799783,8.612584286,0.467646587,0.0489646908,1
Candidate_0081,Polyol_D:10+Polyol_B:90,2.9,170.545375,90,0,10,0,0.9828618585,0.1298299788,7.5703767926,1.0155102821,0.066496329,0
Candidate_0082,Polyol_B:10+Polyol_C:90,2.5,96.078125,10,90,0,0,1.96869959,0.2369005061,8.3102380091,0.6090821891,0.0534906301,1
Candidate_0083,Polyol_B:30+Polyol_C:70,2.2,96.34625,30,70,0,0,1.7880287287,0.2339546699,7.6426289321,0.5419811323,0.0513433962,1
Candidate_0084,Polyol_A:20+Polyol_B:80,2.9,152.40225,80,0,0,20,1.2365723092,0.1509714742,8.190767929,1.0352711633,0.0671286772,0
Candidate_0085,Polyol_B:60+Polyol_C:40,1.5,77.75625000000001,60,40,0,0,1.6953048671,0.2595844807,6.5308406049,0.931043517,0.0637933925,1
Candidate_0086,Polyol_C:100,2.3,82.22499999999998,0,100,0,0,2.2717073331,0.275420974,8.2481275855,0.4635647528,0.0488340721,1
Candidate_0087,Polyol_B:90+Polyol_C:10,1.6,95.81000000000002,90,10,0,0,1.3305722127,0.2131450923,6.2425655595,0.9581360146,0.0646603525,1
Candidate_0088,Polyol_D:60+Polyol_B:40,3.0,120.12,40,0,60,0,1.689452756,0.1888875776,8.9442237423,0.8704716602,0.0618550931,1
Candidate_0089,Polyol_D:80+Polyol_C:20,1.9,51.623,0,20,80,0,3.7833135429,0.4346673912,8.7039276916,0.5487140638,0.05155885,1
Candidate_0090,Polyol_C:100,2.5,89.37499999999999,0,100,0,0,2.1559942842,0.2542456032,8.479966839,0.5510647528,0.0516340721,1
Candidate_0091,Polyol_B:80+Polyol_C:20,2.5,143.00000000000003,80,20,0,0,1.1289065121,0.1564785003,7.2144512521,0.8043884704,0.0597404311,1
Candidate_0092,Polyol_D:90+Polyol_A:10,2.8,66.56649999999999,0,0,90,10,3.6859594626,0.3522195584,10.4649482816,0.7980427329,0.0595373675,1
Candidate_0093,Polyol_D:40+Polyol_B:60,3.0,142.6425,60,0,40,0,1.3250335013,0.1577023256,8.4021177015,0.9548691259,0.064555812,1
Candidate_0094,Polyol_D:30+Polyol_C:70,2.9,94.34425,0,70,30,0,2.2668649047,0.2415898558,9.3831129496,0.7022477878,0.0564719292,1
Candidate_0095,Polyol_A:20+Polyol_C:80,1.9,59.09475,0,80,0,20,3.3129112948,0.3875015725,8.5494138076,0.5801716892,0.0525654941,1
Candidate_0096,Polyol_D:10+Polyol_B:90,1.6,94.094,90,0,10,0,1.3806179579,0.2183776141,6.3221588145,0.9717602821,0.065096329,1
Candidate_0097,Polyol_D:60+Polyol_C:40,3.0,87.945,0,40,60,0,2.5642555061,0.2591993409,9.8929862152,0.730146587,0.0573646908,1
Candidate_0098,Polyol_A:70+Polyol_B:30,2.4,66.066,30,0,0,70,3.5889820701,0.3670915228,9.7768045489,0.5960442273,0.0530734153,1
Candidate_0099,Polyol_D:70+Polyol_A:30,2.3,48.923875,0,0,70,30,5.0824982955,0.4910287684,10.3507138948,0.6339168103,0.0542853379,1
Candidate_0100,Polyol_D:80+Polyol_B:20,2.0,65.065,20,0,80,0,2.9075043373,0.3484763401,8.3434770248,0.5059977878,0.0501919292,1
Candidate_0101,Polyol_D:50+Polyol_C:50,2.3,69.89124999999999,0,50,50,0,2.9286735186,0.3303641786,8.8649850921,0.40625,0.047,1
Candidate_0102,Polyol_A:30+Polyol_C:70,2.1,60.43537500000001,0,70,0,30,3.5682489952,0.3911230923,9.1230844332,0.5079635,0.050254832,1
Candidate_0103,Polyol_B:70+Polyol_C:30,1.7,92.681875,70,30,0,0,1.4949736696,0.2270388467,6.5846602521,0.8683106388,0.0617859404,1
Candidate_0104,Polyol_A:60+Polyol_C:40,2.3,50.15724999999999,0,40,0,60,5.0601055604,0.4852410225,10.4280250971,0.6441893612,0.0546140596,1
Candidate_0105,Polyol_A:40+Polyol_C:60,1.8,47.61900000000001,0,60,0,40,4.3883228865,0.4838596719,9.0694123557,0.68056112,0.0557779558,1
Candidate_0106,Polyol_D:20+Polyol_C:80,2.3,77.2915,0,80,20,0,2.5231680828,0.2963056748,8.5154227453,0.4556770923,0.048581667,1
Candidate_0107,Polyol_B:60+Polyol_C:40,1.8,93.3075,60,40,0,0,1.5674389938,0.230230781,6.8081209076,0.799793517,0.0595933925,1
Candidate_0108,Polyol_A:50+Polyol_C:50,1.5,36.196875,0,50,0,50,5.421661936,0.6016918632,9.0106951205,0.8569625894,0.0614228029,1
Candidate_0109,Polyol_D:10+Polyol_A:90,3.0,41.291250000000005,0,0,10,90,7.5758887077,0.5771635172,13.1260699652,1.1539560861,0.0709265948,0
Candidate_0110,Polyol_A:80+Polyol_B:20,1.9,42.79275,20,0,0,80,5.321079339,0.5482622111,9.7053549037,0.738345713,0.0576270628,1
Candidate_0111,Polyol_D:80+Polyol_A:20,1.8,40.5405,0,0,80,20,5.2741171277,0.5614430127,9.3938601226,0.737095713,0.0575870628,1
Candidate_0112,Polyol_B:70+Polyol_C:30,2.7,147.20062500000003,70,30,0,0,1.1510910302,0.1521886902,7.5635780089,0.8683106388,0.0617859404,1
Candidate_0113,Polyol_A:40+Polyol_B:60,2.7,114.86475,60,0,0,40,1.8140769124,0.2072460645,8.7532514384,0.8439950486,0.0610078416,1
Candidate_0114,Polyol_B:20+Polyol_C:80,2.1,86.33625,20,80,0,0,1.9991341967,0.2597377305,7.6967416038,0.5547033103,0.0517505059,1
Candidate_0115,Polyol_A:10+Polyol_B:90,2.3,132.38225,90,0,0,10,1.2310400418,0.1718109233,7.1650860016,0.8174483589,0.0601583475,1
Candidate_0116,Polyol_D:80+Polyol_C:20,2.5,67.925,0,20,80,0,3.2341340044,0.3419214802,9.4587038005,0.5487140638,0.05155885,1
Candidate_0117,Polyol_A:80+Polyol_C:20,2.9,49.764,0,20,0,80,5.9135319415,0.4850065374,12.1926850157,1.0243952162,0.0667806469,0
Candidate_0118,Polyol_A:90+Polyol_C:10,2.4,35.60699999999999,0,10,0,90,8.0614467329,0.6817171757,11.8252070209,0.8771055184,0.0620673766,1
Candidate_0119,Polyol_D:90+Polyol_A:10,1.9,45.170125,0,0,90,10,4.6636080273,0.5048466535,9.2376724603,0.6667927329,0.0553373675,1
Candidate_0120,Polyol_A:80+Polyol_C:20,2.2,37.75200000000001,0,20,0,80,7.100904285,0.6417266089,11.0653106586,0.7181452162,0.0569806469,1
Candidate_0121,Polyol_D:60+Polyol_A:40,2.1,42.042,0,0,60,40,5.8769689271,0.5687954101,10.3323072288,0.6636901986,0.0552380864,1
Candidate_0122,Polyol_D:80+Polyol_B:20,1.7,55.30525,20,0,80,0,3.1446877829,0.3929059763,8.0036649289,0.6372477878,0.0543919292,1
Candidate_0123,Polyol_D:90+Polyol_B:10,2.4,69.06899999999999,10,0,90,0,3.0765546576,0.335832255,9.160986213,0.4992135,0.049974832,1
Candidate_0124,Polyol_D:60+Polyol_B:40,1.5,60.06,40,0,60,0,2.5005288092,0.3441756063,7.2652702972,0.8267216602,0.0604550931,1
Candidate_0125,Polyol_B:30+Polyol_C:70,2.4,105.105,30,70,0,0,1.6969526237,0.2159673801,7.8574487645,0.6294811323,0.0541433962,1
Candidate_0126,Polyol_A:30+Polyol_C:70,2.0,57.557500000000005,0,70,0,30,3.6627522142,0.4070851285,8.9975092613,0.5517135,0.051654832,1
Candidate_0127,Polyol_D:90+Polyol_C:10,2.0,52.195,0,10,90,0,3.8778029075,0.4344249594,8.9262893939,0.5247429986,0.050791776,1
Candidate_0128,Polyol_A:30+Polyol_B:70,3.0,142.6425,70,0,0,30,1.4166715033,0.1626727162,8.7087222518,1.0298691259,0.066955812,0
Candidate_0129,Polyol_B:100,1.8,112.6125,100,0,0,0,1.1735457206,0.1869243827,6.2781842787,0.8696479426,0.0618287342,1
Candidate_0130,Polyol_D:70+Polyol_B:30,2.3,83.458375,30,0,70,0,2.3215001248,0.276579069,8.3936218802,0.5158767068,0.0505080546,1
Candidate_0131,Polyol_A:20+Polyol_B:80,2.7,141.89175,80,0,0,20,1.3029396243,0.1635454456,7.9668352701,0.9477711633,0.0643286772,1
Candidate_0132,Polyol_A:20+Polyol_B:80,2.8,147.147,80,0,0,20,1.2693222837,0.157132737,8.0780256762,0.9915211633,0.0657286772,1
Candidate_0133,Polyol_D:20+Polyol_A:80,3.0,45.045,0,0,20,80,6.837291484,0.5317899823,12.8571272713,1.1112238852,0.0695591643,0
Candidate_0134,Polyol_A:80+Polyol_B:20,1.7,38.28825,20,0,0,80,5.6066637295,0.593925363,9.4400139799,0.825845713,0.0604270628,1
Candidate_0135,Polyol_D:90+Polyol_A:10,1.8,42.792750000000005,0,0,90,10,4.7871212606,0.5254498362,9.1105200354,0.7105427329,0.0567373675,1
Candidate_0136,Polyol_A:30+Polyol_C:70,3.0,86.33625,0,70,0,30,2.8202243996,0.2728773221,10.3351366022,0.8142135,0.060054832,1
Candidate_0137,Polyol_A:20+Polyol_C:80,2.6,80.86649999999999,0,80,0,20,2.7589453364,0.2928673883,9.4204593834,0.6239216892,0.0539654941,1
Candidate_0138,Polyol_A:70+Polyol_B:30,2.0,55.055,30,0,0,70,3.9845642882,0.4307858927,9.2495236171,0.5960442273,0.0530734153,1
Candidate_0139,Polyol_A:20+Polyol_B:80,2.4,126.126,80,0,0,20,1.4092286178,0.184396975,7.6423629927,0.8165211633,0.0601286772,1
Candidate_0140,Polyol_D:40+Polyol_C:60,1.7,53.482,0,60,40,0,3.259731718,0.4048226119,8.0522471374,0.5982844417,0.0531451021,1
Candidate_0141,Polyol_A:80+Polyol_B:20,2.2,49.5495,20,0,0,80,4.9197447648,0.4862649597,10.117415756,0.607095713,0.0534270628,1
Candidate_0142,Polyol_D:60+Polyol_C:40,1.5,43.9725,0,40,60,0,3.7953087143,0.472291992,8.0359370439,0.686396587,0.0559646908,1
Candidate_0143,Polyol_B:30+Polyol_C:70,2.1,91.966875,30,70,0,0,1.8353837397,0.2435025411,7.5374315672,0.5857311323,0.0527433962,1
Candidate_0144,Polyol_A:10+Polyol_B:90,1.7,97.84775,90,0,0,10,1.4400796181,0.2184144903,6.5933336932,0.9924483589,0.0657583475,1
Candidate_0145,Polyol_D:70+Polyol_A:30,2.4,51.051,0,0,70,30,4.951363995,0.471775255,10.4951752828,0.6776668103,0.0556853379,1
Candidate_0146,Polyol_B:20+Polyol_C:80,2.2,90.4475,20,80,0,0,1.9475542356,0.2495532685,7.8041624047,0.5109533103,0.0503505059,1
Candidate_0147,Polyol_D:40+Polyol_B:60,2.7,128.37825,60,0,40,0,1.4331248315,0.1778088756,8.0599172954,0.8236191259,0.060355812,1
Candidate_0148,Polyol_A:90+Polyol_B:10,1.7,29.779750000000003,10,0,0,90,7.7412808243,0.7616277045,10.1641271431,0.9492688677,0.0643766038,1
Candidate_0149,Polyol_A:90+Polyol_B:10,2.3,40.29025,10,0,0,90,6.6175692994,0.5991175721,11.0455269672,0.7742688677,0.0587766038,1
Candidate_0150,Polyol_B:10+Polyol_C:90,1.9,73.019375,10,90,0,0,2.3029991369,0.3011595671,7.6471060155,0.6090821891,0.0534906301,1
Candidate_0151,Polyol_B:40+Polyol_C:60,2.8,130.13,40,60,0,0,1.4083711825,0.1730778439,8.1372124277,0.8336645981,0.0606772671,1
Candidate_0152,Polyol_A:90+Polyol_B:10,2.1,36.786750000000005,10,0,0,90,6.9727368085,0.6490163179,10.7435462195,0.7742688677,0.0587766038,1
Candidate_0153,Polyol_A:60+Polyol_C:40,2.4,52.33799999999999,0,40,0,60,4.9295490182,0.4662144498,10.5735654913,0.6879393612,0.0560140596,1
Candidate_0154,Polyol_A:50+Polyol_B:50,3.0,112.61249999999998,50,0,0,50,2.0094733258,0.2099923432,9.5692695023,0.9137761148,0.0632408357,1
Candidate_0155,Polyol_D:60+Polyol_C:40,2.7,79.1505,0,40,60,0,2.7734379821,0.2922464407,9.4900659014,0.598896587,0.0531646908,1
Candidate_0156,Polyol_D:100,1.5,37.53750000000001,0,0,100,0,4.6363520055,0.5515924359,8.4053944615,0.7416020574,0.0577312658,1
Candidate_0157,Polyol_A:40+Polyol_C:60,2.2,58.20100000000001,0,60,0,40,3.9526560544,0.4123180141,9.5864258145,0.50556112,0.0501779558,1
Candidate_0158,Polyol_A:50+Polyol_C:50,3.0,72.39375,0,50,0,50,3.6630818514,0.3302154959,11.0930041051,0.9007125894,0.0628228029,1
Candidate_0159,Polyol_A:40+Polyol_C:60,2.4,63.492,0,60,0,40,3.751321192,0.3806174987,9.8558820979,0.59306112,0.0529779558,1
Candidate_0160,Polyol_D:30+Polyol_C:70,1.6,52.05200000000001,0,70,30,0,3.184246462,0.4063608174,7.8360076212,0.6584977878,0.0550719292,1
Candidate_0161,Polyol_A:40+Polyol_B:60,1.8,76.5765,60,0,0,40,2.2952351313,0.2970518803,7.7267147027,0.8002450486,0.0596078416,1
Candidate_0162,Polyol_D:80+Polyol_C:20,2.2,59.77400000000001,0,20,80,0,3.4979626897,0.3855153924,9.0734708869,0.4174640638,0.04735885,1
Candidate_0163,Polyol_D:50+Polyol_C:50,2.4,72.92999999999999,0,50,50,0,2.8531103741,0.3174104139,8.9887106694,0.45,0.0484,1
Candidate_0164,Polyol_D:90+Polyol_C:10,1.9,49.58525,0,10,90,0,3.9805045009,0.4521541783,8.8034230176,0.5684929986,0.052191776,1
Candidate_0165,Polyol_D:20+Polyol_C:80,2.8,94.094,0,80,20,0,2.2140337935,0.2425945683,9.1264771891,0.6744270923,0.055581667,1
Candidate_0166,Polyol_A:40+Polyol_C:60,1.9,50.2645,0,60,0,40,4.2750991099,0.4648872628,9.1959910546,0.63681112,0.0543779558,1
Candidate_0167,Polyol_B:80+Polyol_C:20,2.1,120.12,80,20,0,0,1.2533360393,0.1836292211,6.8253627151,0.7168884704,0.0569404311,1
Candidate_0168,Polyol_C:100,2.1,75.075,0,100,0,0,2.3936307462,0.2983599793,8.0226267342,0.4635647528,0.0488340721,1
Candidate_0169,Polyol_A:90+Polyol_C:10,1.8,26.70525,0,10,0,90,9.4303391754,0.8666323804,10.8815910741,0.9646055184,0.0648673766,1
Candidate_0170,Polyol_A:70+Polyol_B:30,2.3,63.31325,30,0,0,70,3.6840343938,0.3820728121,9.6422312123,0.5522942273,0.0516734153,1
Candidate_0171,Polyol_A:100,2.0,25.025,0,0,0,100,10.8397552996,0.9350630614,11.5925393132,0.8632639163,0.0616244453,1
Candidate_0172,Polyol_D:30+Polyol_C:70,2.4,78.078,0,70,30,0,2.5833757335,0.2950785162,8.7548757069,0.4834977878,0.0494719292,1
Candidate_0173,Polyol_D:40+Polyol_A:60,2.8,49.049,0,0,40,60,5.911223687,0.4945898193,11.9517698428,0.9480188677,0.0643366038,1
Candidate_0174,Polyol_D:90+Polyol_A:10,1.7,40.415375,0,0,90,10,4.9139056777,0.5468938508,8.9851178068,0.7542927329,0.0581373675,1
Candidate_0175,Polyol_A:60+Polyol_C:40,2.5,54.51875,0,40,0,60,4.802360985,0.4479339198,10.7211371433,0.7316893612,0.0574140596,1
Candidate_0176,Polyol_A:30+Polyol_B:70,2.4,114.114,70,0,0,30,1.6572326555,0.2067975522,8.0137924143,0.7673691259,0.058555812,1
Candidate_0177,Polyol_B:10+Polyol_C:90,2.4,92.235,10,90,0,0,2.0208395748,0.2465685991,8.1958513042,0.5653321891,0.0520906301,1
Candidate_0178,Polyol_A:30+Polyol_C:70,1.8,51.801750000000006,0,70,0,30,3.8593335452,0.4409900552,8.7515205836,0.6392135,0.054454832,1
Candidate_0179,Polyol_B:60+Polyol_C:40,2.2,114.0425,60,40,0,0,1.411825745,0.1961897301,7.1962265534,0.624793517,0.0539933925,1
Candidate_0180,Polyol_D:20+Polyol_C:80,2.5,84.0125,0,80,20,0,2.3946464781,0.2735246119,8.7547751597,0.5431770923,0.051381667,1
Candidate_0181,Polyol_B:80+Polyol_C:20,1.8,102.96,80,20,0,0,1.3555785558,0.2070413687,6.5473801901,0.8481384704,0.0611404311,1
Candidate_0182,Polyol_A:10+Polyol_B:90,2.8,161.161,90,0,0,10,1.0802150964,0.1406668867,7.67924223,1.0361983589,0.0671583475,0
Candidate_0183,Polyol_D:90+Polyol_A:10,2.0,47.5475,0,0,90,10,4.5432815774,0.485051333,9.3665995082,0.6230427329,0.0539373675,1
Candidate_0184,Polyol_D:30+Polyol_B:70,1.8,92.34225,70,0,30,0,1.6214767353,0.2348405317,6.9045863751,0.8171866027,0.0601499713,1
Candidate_0185,Polyol_A:80+Polyol_C:20,2.6,44.616,0,20,0,80,6.3959359963,0.546843344,11.6961028547,0.8931452162,0.0625806469,1
Candidate_0186,Polyol_D:40+Polyol_A:60,1.6,28.02800000000001,0,0,40,60,8.0892087423,0.7992939466,10.1204428945,0.9480188677,0.0643366038,1
Candidate_0187,Polyol_B:100,2.3,143.89374999999998,100,0,0,0,1.0297648822,0.1530407406,6.7286977197,0.7383979426,0.0576287342,1
Candidate_0188,Polyol_A:40+Polyol_C:60,2.3,60.8465,0,60,0,40,3.8506729829,0.3961507935,9.7202202942,0.54931112,0.0515779558,1
Candidate_0189,Polyol_D:10+Polyol_C:90,1.6,55.484,0,90,10,0,2.8804454303,0.3782514212,7.6151608931,0.6898559162,0.0560753893,1
Candidate_0190,Polyol_D:80+Polyol_B:20,2.1,68.31825,20,0,80,0,2.832487382,0.3348123874,8.4599240916,0.4622477878,0.0487919292,1
Candidate_0191,Polyol_A:40+Polyol_B:60,2.3,97.84775,60,0,0,40,2.014026802,0.2432055097,8.2811725959,0.6689950486,0.0554078416,1
Candidate_0192,Polyol_A:10+Polyol_C:90,2.2,73.53775,0,90,0,10,2.6938312566,0.3147357708,8.5590247644,0.4843078301,0.0494978506,1
Candidate_0193,Polyol_A:30+Polyol_B:70,2.9,137.88774999999998,70,0,0,30,1.4541913114,0.1693115157,8.5888505897,0.9861191259,0.065555812,1
Candidate_0194,Polyol_B:90+Polyol_C:10,3.0,179.64375,90,10,0,0,0.9227945608,0.1217504087,7.5793960031,1.0456360146,0.0674603525,0
Candidate_0195,Polyol_D:90+Polyol_B:10,2.3,66.19112499999999,10,0,90,0,3.1580356078,0.3495378293,9.03488934,0.4554635,0.048574832,1
Candidate_0196,Polyol_A:50+Polyol_B:50,2.6,97.5975,50,0,0,50,2.2309600593,0.2464282976,9.0531813147,0.7387761148,0.0576408357,1
Candidate_0197,Polyol_D:70+Polyol_B:30,1.7,61.68662500000001,30,0,70,0,2.7157077753,0.3516009064,7.7238361045,0.6908767068,0.0561080546,1
Candidate_0198,Polyol_B:10+Polyol_C:90,2.9,111.450625,10,90,0,0,1.7732497254,0.2018732949,8.7839737627,0.7840821891,0.0590906301,1
Candidate_0199,Polyol_B:20+Polyol_C:80,2.7,111.00375,20,80,0,0,1.7089431821,0.2043169354,8.3641778332,0.7297033103,0.0573505059,1
Candidate_0200,Polyol_D:60+Polyol_B:40,2.8,112.112,40,0,60,0,1.7801263402,0.20461947,8.6996918715,0.7829716602,0.0590550931,1
Candidate_0201,Polyol_A:40+Polyol_C:60,2.6,68.783,0,60,0,40,3.5602416431,0.3513542348,10.1329122873,0.68056112,0.0557779558,1
Candidate_0202,Polyol_A:50+Polyol_B:50,2.0,75.075,50,0,0,50,2.6097933464,0.313271764,8.3307646802,0.6512761148,0.0548408357,1
Candidate_0203,Polyol_A:10+Polyol_B:90,1.9,109.35925,90,0,0,10,1.366726858,0.2016219863,6.7786598227,0.9049483589,0.0629583475,1
Candidate_0204,Polyol_D:10+Polyol_B:90,2.3,135.260125,90,0,10,0,1.1497589695,0.1650462502,6.9662834983,0.7530102821,0.058096329,1
Candidate_0205,Polyol_B:40+Polyol_C:60,2.5,116.1875,40,60,0,0,1.5232608924,0.1951447241,7.8058010506,0.7024145981,0.0564772671,1
Candidate_0206,Polyol_B:90+Polyol_C:10,2.8,167.66750000000002,90,10,0,0,0.9723213025,0.1318906432,7.3721780335,0.9581360146,0.0646603525,1
Candidate_0207,Polyol_D:90+Polyol_C:10,1.7,44.365750000000006,0,10,90,0,4.1941397203,0.489812774,8.5627405882,0.6559929986,0.054991776,1
Candidate_0208,Polyol_D:30+Polyol_A:70,2.8,45.5455,0,0,30,70,6.5167984041,0.5328180005,12.2308150211,0.984414071,0.0655012503,1
Candidate_0209,Polyol_D:20+Polyol_C:80,1.6,53.768,0,80,20,0,3.0297925551,0.3920508719,7.7280597297,0.6744270923,0.055581667,1
Candidate_0210,Polyol_D:40+Polyol_C:60,2.9,91.234,0,60,40,0,2.3820628146,0.2504975089,9.5093273591,0.6857844417,0.0559451021,1
Candidate_0211,Polyol_D:10+Polyol_A:90,2.9,39.914875,0,0,10,90,7.7765321803,0.6007180071,12.9453954899,1.1102060861,0.0695265948,0
Candidate_0212,Polyol_D:80+Polyol_C:20,2.7,73.359,0,20,80,0,3.0693982127,0.3156333076,9.7245700598,0.6362140638,0.05435885,1
Candidate_0213,Polyol_A:70+Polyol_C:30,2.9,56.502875,0,30,0,70,5.0250206316,0.4277682733,11.747062475,0.9620243345,0.0647847787,1
Candidate_0214,Polyol_A:10+Polyol_C:90,1.7,56.824625,0,90,0,10,3.0699572278,0.3844191386,7.9859635483,0.7030578301,0.0564978506,1
Candidate_0215,Polyol_A:30+Polyol_C:70,1.5,43.168125,0,70,0,30,4.1741636957,0.4972148988,8.3950897402,0.7704635,0.058654832,1
Candidate_0216,Polyol_D:40+Polyol_C:60,1.8,56.62800000000001,0,60,40,0,3.1756268913,0.3889492903,8.1646296079,0.5545344417,0.0517451021,1
Candidate_0217,Polyol_A:90+Polyol_C:10,2.2,32.63975,0,10,0,90,8.4941077036,0.7384954003,11.5019101001,0.7896055184,0.0592673766,1
Candidate_0218,Polyol_A:80+Polyol_B:20,2.0,45.045,20,0,0,80,5.1837893732,0.5267645423,9.8408092362,0.694595713,0.0562270628,1
Candidate_0219,Polyol_D:40+Polyol_A:60,2.7,47.297250000000005,0,0,40,60,6.0677793723,0.5147744127,11.7872590828,0.9042688677,0.0629366038,1
Candidate_0220,Polyol_D:30+Polyol_C:70,2.3,74.82475,0,70,30,0,2.6517950964,0.3071208989,8.6343687632,0.4397477878,0.0480719292,1
Candidate_0221,Polyol_D:60+Polyol_A:40,1.5,30.03,0,0,60,40,6.8749211081,0.7230806817,9.5078201943,0.9261901986,0.0636380864,1
Candidate_0222,Polyol_D:70+Polyol_B:30,2.4,87.087,30,0,70,0,2.261602752,0.2657342485,8.5107688017,0.5596267068,0.0519080546,1
Candidate_0223,Polyol_D:30+Polyol_B:70,2.4,123.123,70,0,30,0,1.3861058534,0.1847321051,7.5033294968,0.7296866027,0.0573499713,1
Candidate_0224,Polyol_D:20+Polyol_B:80,3.0,165.16500000000002,80,0,20,0,1.0640590724,0.1344473384,7.9143186088,1.0268676315,0.0668597642,0
Candidate_0225,Polyol_D:20+Polyol_A:80,1.9,28.5285,0,0,20,80,9.1150773047,0.8257141442,11.0390228485,0.8924738852,0.0625591643,1
Candidate_0226,Polyol_A:30+Polyol_B:70,1.9,90.34025,70,0,0,30,1.8886236309,0.2525831007,7.4772367023,0.8111191259,0.059955812,1
Candidate_0227,Polyol_A:30+Polyol_B:70,2.3,109.35925,70,0,0,30,1.7011236006,0.2152371205,7.9034861503,0.7236191259,0.057155812,1
Candidate_0228,Polyol_A:70+Polyol_B:30,2.6,71.57150000000001,30,0,0,70,3.4061715242,0.3388681853,10.0516120181,0.6835442273,0.0558734153,1
Candidate_0229,Polyol_D:40+Polyol_C:60,2.5,78.64999999999999,0,60,40,0,2.6446168406,0.2939615498,8.9964719608,0.5107844417,0.0503451021,1
Candidate_0230,Polyol_D:10+Polyol_C:90,2.2,76.29050000000001,0,90,10,0,2.4623247342,0.2975431064,8.2755227103,0.4273559162,0.0476753893,1
Candidate_0231,Polyol_D:20+Polyol_A:80,1.8,27.027,0,0,20,80,9.3564853869,0.8594121777,10.8870756422,0.9362238852,0.0639591643,1
Candidate_0232,Polyol_A:100,3.0,37.53750000000001,0,0,0,100,8.3463310084,0.6267915144,13.3159604384,1.1257639163,0.0700244453,0
Candidate_0233,Polyol_D:40+Polyol_C:60,2.2,69.21200000000002,0,60,40,0,2.860354897,0.3314407219,8.6300647682,0.3795344417,0.0461451021,1
Candidate_0234,Polyol_A:50+Polyol_B:50,2.7,101.35125,50,0,0,50,2.1733987244,0.2367657059,9.1795334825,0.7825261148,0.0590408357,1
Candidate_0235,Polyol_D:50+Polyol_A:50,2.6,48.798750000000005,0,0,50,50,5.6628990992,0.4988850003,11.3511111698,0.826635744,0.0604523438,1
Candidate_0236,Polyol_D:60+Polyol_A:40,2.5,50.05,0,0,60,40,5.2935113053,0.4846954759,10.9213136262,0.7511901986,0.0580380864,1
Candidate_0237,Polyol_B:50+Polyol_C:50,2.4,117.975,50,50,0,0,1.4454150918,0.1915548755,7.5456972192,0.6862107241,0.0559587432,1
Candidate_0238,Polyol_A:90+Polyol_C:10,1.6,23.738,0,10,0,90,9.936469134,0.9388116501,10.584092275,1.0521055184,0.0676673766,0
Candidate_0239,Polyol_D:20+Polyol_B:80,1.5,82.58250000000001,80,0,20,0,1.574894803,0.244979023,6.42869248,0.9831176315,0.0654597642,1
Candidate_0240,Polyol_A:30+Polyol_B:70,2.1,99.84975,70,0,0,30,1.7924235635,0.2331635891,7.6874076722,0.7236191259,0.057155812,1
Candidate_0241,Polyol_D:30+Polyol_C:70,1.9,61.81175,0,70,30,0,2.9440793612,0.3604097136,8.1687014805,0.5272477878,0.0508719292,1
Candidate_0242,Polyol_B:70+Polyol_C:30,2.2,119.94125,70,30,0,0,1.3118120221,0.1858836859,7.0571659665,0.6495606388,0.0547859404,1
Candidate_0243,Polyol_A:50+Polyol_B:50,1.7,63.81375,50,0,0,50,2.822690631,0.3532129275,7.991470331,0.7825261148,0.0590408357,1
Candidate_0244,Polyol_D:20+Polyol_B:80,2.0,110.11,80,0,20,0,1.3819413534,0.20057186,6.8900061722,0.7643676315,0.0584597642,1
Candidate_0245,Polyol_D:20+Polyol_B:80,1.7,93.5935,80,0,20,0,1.4946750156,0.2261441407,6.6093908566,0.8956176315,0.0626597642,1
Candidate_0246,Polyol_B:30+Polyol_C:70,2.6,113.86375,30,70,0,0,1.6105156258,0.1993630188,8.0783067758,0.7169811323,0.0569433962,1
Candidate_0247,Polyol_D:90+Polyol_A:10,1.5,35.660625,0,0,90,10,5.1776369,0.592443036,8.739467907,0.8417927329,0.0609373675,1
Candidate_0248,Polyol_D:60+Polyol_A:40,2.8,56.056,0,0,60,40,4.8942560095,0.4298863231,11.3850005131,0.8824401986,0.0622380864,1
Candidate_0249,Polyol_B:10+Polyol_C:90,1.6,61.49,10,90,0,0,2.490869285,0.3395564637,7.3356556315,0.7403321891,0.0576906301,1
Candidate_0250,Polyol_D:90+Polyol_A:10,2.6,61.81175,0,0,90,10,3.8837863356,0.3815548926,10.1788403472,0.7105427329,0.0567373675,1
Candidate_0251,Polyol_D:100,3.0,75.07500000000002,0,0,100,0,3.1324964722,0.3027203472,10.3478226729,0.7853520574,0.0591312658,1
Candidate_0252,Polyol_A:60+Polyol_B:40,2.9,94.34425,40,0,0,60,2.5157640282,0.2535558187,9.9219337244,0.7997477878,0.0595919292,1
Candidate_0253,Polyol_A:60+Polyol_B:40,2.6,84.5845,40,0,0,60,2.7209907489,0.2858833872,9.51783444,0.6684977878,0.0553919292,1
Candidate_0254,Polyol_D:50+Polyol_B:50,2.5,109.484375,50,0,50,0,1.6986199103,0.2101271567,8.0837714513,0.6957311323,0.0562633962,1
Candidate_0255,Polyol_A:70+Polyol_C:30,2.5,48.709375,0,30,0,70,5.5788848662,0.501990719,11.1135219335,0.7870243345,0.0591847787,1
Candidate_0256,Polyol_A:60+Polyol_C:40,2.8,61.06099999999999,0,40,0,60,4.4401499789,0.3972817477,11.1763251248,0.8629393612,0.0616140596,1
Candidate_0257,Polyol_D:90+Polyol_A:10,3.0,71.32125,0,0,90,10,3.498209218,0.3251396319,10.7590981686,0.8855427329,0.0623373675,1
Candidate_0258,Polyol_B:10+Polyol_C:90,2.2,84.54875,10,90,0,0,2.129298818,0.2671045747,7.9717796677,0.4778321891,0.0492906301,1
Candidate_0259,Polyol_A:50+Polyol_C:50,1.7,41.02312499999999,0,50,0,50,5.1455009079,0.5554315944,9.2639687039,0.7694625894,0.0586228029,1
Candidate_0260,Polyol_D:30+Polyol_B:70,1.5,76.951875,70,0,30,0,1.7537508077,0.2647819601,6.6233772388,0.9484366027,0.0643499713,1
Candidate_0261,Polyol_B:100,3.0,187.6875,100,0,0,0,0.8575735257,0.1156657035,7.4142420753,1.0446479426,0.0674287342,0
Candidate_0262,Polyol_B:40+Polyol_C:60,1.8,83.655,40,60,0,0,1.8291149696,0.2582018022,7.0840519093,0.7461645981,0.0578772671,1
Candidate_0263,Polyol_A:90+Polyol_C:10,2.1,31.156125,0,10,0,90,8.7190697288,0.7686339693,11.3435914581,0.8333555184,0.0606673766,1
Candidate_0264,Polyol_D:20+Polyol_A:80,2.4,36.036,0,0,20,80,7.9983134382,0.6760375631,11.8311671928,0.8487238852,0.0611591643,1
Candidate_0265,Polyol_A:40+Polyol_C:60,1.6,42.328,0,60,0,40,4.6238458767,0.5241589251,8.8214578731,0.76806112,0.0585779558,1
Candidate_0266,Polyol_A:20+Polyol_B:80,2.6,136.6365,80,0,0,20,1.3374473027,0.1702198619,7.8571753501,0.9040211633,0.0629286772,1
Candidate_0267,Polyol_A:80+Polyol_B:20,2.3,51.80175,20,0,0,80,4.7928096926,0.4671982379,10.2586210814,0.650845713,0.0548270628,1
Candidate_0268,Polyol_B:20+Polyol_C:80,2.5,102.78125,20,80,0,0,1.8006628251,0.2213338938,8.1355042097,0.6422033103,0.0545505059,1
Candidate_0269,Polyol_A:100,1.9,23.77375,0,0,0,100,11.1268405815,0.9732237089,11.4329732006,0.9070139163,0.0630244453,1
Candidate_0270,Polyol_D:40+Polyol_A:60,1.7,29.779750000000003,0,0,40,60,7.8804978548,0.7679531827,10.2616904687,0.9042688677,0.0629366038,1
Candidate_0271,Polyol_D:20+Polyol_C:80,1.8,60.489,0,80,20,0,2.8754652221,0.3619085685,7.9452808601,0.5869270923,0.052781667,1
Candidate_0272,Polyol_B:80+Polyol_C:20,1.7,97.24,80,20,0,0,1.3914803489,0.2154908872,6.4572584337,0.8918884704,0.0625404311,1
Candidate_0273,Polyol_B:80+Polyol_C:20,1.6,91.52,80,20,0,0,1.4283329823,0.2242852372,6.3683771629,0.9356384704,0.0639404311,1
Candidate_0274,Polyol_A:70+Polyol_B:30,2.8,77.077,30,0,0,70,3.2326727261,0.3128147611,10.3341438051,0.7710442273,0.0586734153,1
Candidate_0275,Polyol_B:20+Polyol_C:80,2.8,115.115,20,80,0,0,1.6648504829,0.1963055538,8.4809138141,0.7734533103,0.0587505059,1
Candidate_0276,Polyol_D:50+Polyol_A:50,2.9,54.42937500000001,0,0,50,50,5.235783273,0.4424713023,11.8330459975,0.957885744,0.0646523438,1
Candidate_0277,Polyol_D:30+Polyol_B:70,1.6,82.08200000000001,70,0,30,0,1.7085020202,0.2543997109,6.7158174588,0.9046866027,0.0629499713,1
Candidate_0278,Polyol_D:90+Polyol_C:10,2.3,60.02425,0,10,90,0,3.5853253331,0.3853003747,9.3052734138,0.4809929986,0.049391776,1
Candidate_0279,Polyol_D:90+Polyol_C:10,2.2,57.4145,0,10,90,0,3.68028081,0.4010247813,9.1771904921,0.4372429986,0.047991776,1
Candidate_0280,Polyol_D:50+Polyol_C:50,2.2,66.8525,0,50,50,0,3.0062379137,0.3438465965,8.742962542,0.3625,0.0456,1
Candidate_0281,Polyol_D:60+Polyol_C:40,2.6,76.219,0,40,60,0,2.8468910448,0.3041732442,9.3594393938,0.555146587,0.0517646908,1
Candidate_0282,Polyol_D:100,1.9,47.5475,0,0,100,0,4.1760611739,0.4700360683,8.8845547304,0.5666020574,0.0521312658,1
Candidate_0283,Polyol_B:30+Polyol_C:70,2.7,118.243125,30,70,0,0,1.5689624707,0.191545883,8.1910529518,0.7607311323,0.0583433962,1
Candidate_0284,Polyol_D:40+Polyol_C:60,1.5,47.190000000000005,0,60,40,0,3.4346827828,0.4385391002,7.8321015873,0.6857844417,0.0559451021,1
Candidate_0285,Polyol_A:100,2.3,28.77875,0,0,0,100,10.0221827171,0.8293265388,12.0847244705,0.8195139163,0.0602244453,1
Candidate_0286,Polyol_D:50+Polyol_A:50,1.8,33.78375000000001,0,0,50,50,6.9800401805,0.6870283851,10.1597551598,0.826635744,0.0604523438,1
Candidate_0287,Polyol_B:30+Polyol_C:70,1.6,70.07,30,70,0,0,2.0916490458,0.2974146753,7.0327701344,0.8044811323,0.0597433962,1
Candidate_0288,Polyol_B:80+Polyol_C:20,2.0,114.4,80,20,0,0,1.2865299925,0.1911232718,6.7314146537,0.7606384704,0.0583404311,1
Candidate_0289,Polyol_D:30+Polyol_A:70,2.1,34.159125,0,0,30,70,7.8253000355,0.704987381,11.0999150427,0.765664071,0.0585012503,1
Candidate_0290,Polyol_A:40+Polyol_B:60,2.0,85.085,60,0,0,40,2.1783236563,0.2742134465,7.9438980269,0.7127450486,0.0568078416,1
Candidate_0291,Polyol_C:100,1.7,60.77499999999999,0,100,0,0,2.6574598045,0.3501286792,7.5899518168,0.6385647528,0.0544340721,1
Candidate_0292,Polyol_D:30+Polyol_A:70,1.6,26.026000000000003,0,0,30,70,8.9179069197,0.8610735316,10.3567309781,0.984414071,0.0655012503,1
Candidate_0293,Polyol_A:80+Polyol_C:20,2.7,46.33200000000001,0,20,0,80,6.2309134928,0.5254013097,11.8593413782,0.9368952162,0.0639806469,1
Candidate_0294,Polyol_D:60+Polyol_A:40,3.0,60.06,0,0,60,40,4.6449592464,0.396835092,11.7050113266,0.9699401986,0.0650380864,1
Candidate_0295,Polyol_B:60+Polyol_C:40,1.6,82.94,60,40,0,0,1.6515640521,0.2494060277,6.6219893226,0.887293517,0.0623933925,1
Candidate_0296,Polyol_A:90+Polyol_B:10,2.4,42.042,10,0,0,90,6.4468284018,0.5756258361,11.1996856246,0.8180188677,0.0601766038,1
Candidate_0297,Polyol_D:40+Polyol_B:60,2.1,99.84975,60,0,40,0,1.6764798788,0.226039382,7.4167601416,0.6486191259,0.054755812,1
Candidate_0298,Polyol_D:10+Polyol_B:90,1.8,105.85575,90,0,10,0,1.3102939725,0.2015879453,6.4998627315,0.8842602821,0.062296329,1
Candidate_0299,Polyol_B:40+Polyol_C:60,2.1,97.5975,40,60,0,0,1.6911566663,0.2290044551,7.3848199385,0.6149145981,0.0536772671,1
Candidate_0300,Polyol_A:20+Polyol_C:80,3.0,93.3075,0,80,0,20,2.4850409301,0.2495651259,9.9574847273,0.7989216892,0.0595654941,1
Candidate_0301,Polyol_A:80+Polyol_C:20,2.1,36.036,0,20,0,80,7.2889680422,0.6679159686,10.9130016124,0.7618952162,0.0583806469,1
Candidate_0302,Polyol_A:80+Polyol_B:20,1.6,36.036,20,0,0,80,5.7551533026,0.6181639168,9.3100764146,0.869595713,0.0618270628,1
Candidate_0303,Polyol_A:50+Polyol_B:50,2.1,78.82875,50,0,0,50,2.5424576771,0.3009882024,8.4470343252,0.6075261148,0.0534408357,1
Candidate_0304,Polyol_A:50+Polyol_B:50,2.5,93.84375,50,0,0,50,2.2900458763,0.2564852272,8.9285683279,0.6950261148,0.0562408357,1
Candidate_0305,Polyol_B:70+Polyol_C:30,2.0,109.0375,70,30,0,0,1.3822174818,0.2013653931,6.8642255789,0.7370606388,0.0575859404,1
Candidate_0306,Polyol_D:100,2.9,72.57249999999999,0,0,100,0,3.2154590122,0.3150745989,10.2053895275,0.7416020574,0.0577312658,1
Candidate_0307,Polyol_A:70+Polyol_B:30,1.6,44.044,30,0,0,70,4.4237480869,0.5055319281,8.7506799093,0.7710442273,0.0586734153,1
Candidate_0308,Polyol_D:40+Polyol_A:60,1.8,31.53150000000001,0,0,40,60,7.6771719482,0.7378413077,10.4049093871,0.8605188677,0.0615366038,1
Candidate_0309,Polyol_A:40+Polyol_B:60,1.7,72.32225,60,0,0,40,2.3560232401,0.3091747976,7.6203599347,0.8439950486,0.0610078416,1
Candidate_0310,Polyol_D:30+Polyol_A:70,2.9,47.172125,0,0,30,70,6.3486575115,0.5119259079,12.4015163402,1.028164071,0.0669012503,0
Candidate_0311,Polyol_D:50+Polyol_C:50,1.9,57.73625,0,50,50,0,3.2514756792,0.387685955,8.3868802495,0.49375,0.0498,1
Candidate_0312,Polyol_B:50+Polyol_C:50,3.0,147.46875,50,50,0,0,1.2356010269,0.150682402,8.2000353741,0.9487107241,0.0643587432,1
Candidate_0313,Polyol_A:50+Polyol_B:50,2.4,90.09,50,0,0,50,2.3506965504,0.2669525879,8.805670583,0.6512761148,0.0548408357,1
Candidate_0314,Polyol_A:90+Polyol_B:10,1.9,33.28325,10,0,0,90,7.3469662956,0.7030709839,10.4498215173,0.8617688677,0.0615766038,1
Candidate_0315,Polyol_A:70+Polyol_B:30,2.9,79.82975,30,0,0,70,3.1492660524,0.3005491189,10.4783739301,0.8147942273,0.0600734153,1
Candidate_0316,Polyol_D:80+Polyol_A:20,3.0,67.56750000000001,0,0,80,20,3.8540835188,0.3474116117,11.093709563,0.912095713,0.0631870628,1
Candidate_0317,Polyol_A:40+Polyol_B:60,1.5,63.81375,60,0,0,40,2.4824719206,0.3349250598,7.4120220259,0.9314950486,0.0638078416,1
Candidate_0318,Polyol_D:60+Polyol_C:40,1.6,46.904,0,40,60,0,3.6973853851,0.4537731581,8.14809188,0.642646587,0.0545646908,1
Candidate_0319,Polyol_A:20+Polyol_C:80,2.5,77.75625000000001,0,80,0,20,2.8320145688,0.3048195332,9.2907909784,0.5801716892,0.0525654941,1
Candidate_0320,Polyol_A:40+Polyol_B:60,3.0,127.6275,60,0,0,40,1.6772528324,0.1838107701,9.1248887751,0.9752450486,0.0652078416,1
Candidate_0321,Polyol_C:100,2.4,85.79999999999998,0,100,0,0,2.2130946716,0.2646215631,8.3632438927,0.5073147528,0.0502340721,1
Candidate_0322,Polyol_D:20+Polyol_B:80,1.6,88.08800000000001,80,0,20,0,1.5342607061,0.2353732581,6.5184155511,0.9393676315,0.0640597642,1
Candidate_0323,Polyol_D:10+Polyol_B:90,1.7,99.974875,90,0,10,0,1.344996427,0.2098149054,6.4103950316,0.9280102821,0.063696329,1
Candidate_0324,Polyol_A:100,1.5,18.768750000000004,0,0,0,100,12.353255256,1.1420886022,10.8163720675,1.0820139163,0.0686244453,0
Candidate_0325,Polyol_A:70+Polyol_C:30,2.1,40.915875,0,30,0,70,6.1937967288,0.5890915659,10.5141493909,0.6995243345,0.0563847787,1
Candidate_0326,Polyol_A:90+Polyol_C:10,2.7,40.057875,0,10,0,90,7.4534239832,0.6046288952,12.3272705654,1.0083555184,0.0662673766,0
Candidate_0327,Polyol_D:30+Polyol_A:70,2.6,42.29225,0,0,30,70,6.8665575003,0.5771948494,11.896428923,0.896914071,0.0627012503,1
Candidate_0328,Polyol_D:80+Polyol_B:20,2.7,87.83775000000001,20,0,80,0,2.4213281969,0.2633727521,9.1935410073,0.6372477878,0.0543919292,1
Candidate_0329,Polyol_D:30+Polyol_B:70,2.7,138.513375,70,0,30,0,1.2815608604,0.1638426794,7.8218988205,0.8609366027,0.0615499713,1
Candidate_0330,Polyol_D:30+Polyol_B:70,3.0,153.90375,70,0,30,0,1.1849010195,0.1453154207,8.1539936616,0.9921866027,0.0657499713,1
Candidate_0331,Polyol_A:80+Polyol_C:20,1.7,29.172,0,20,0,80,8.092367471,0.78380665,10.3244434971,0.9368952162,0.0639806469,1
Candidate_0332,Polyol_A:60+Polyol_C:40,1.5,32.71125,0,40,0,60,6.2370421069,0.6682388844,9.333551597,0.9066893612,0.0630140596,1
Candidate_0333,Polyol_B:70+Polyol_C:30,1.6,87.23,70,30,0,0,1.5345672697,0.2363044778,6.4940253523,0.9120606388,0.0631859404,1
Candidate_0334,Polyol_D:100,2.3,57.5575,0,0,100,0,3.7614674009,0.4005383162,9.3910301438,0.4791020574,0.0493312658,1
Candidate_0335,Polyol_B:90+Polyol_C:10,1.5,89.821875,90,10,0,0,1.3658117258,0.2218437086,6.15663944,1.0018860146,0.0660603525,0
Candidate_0336,Polyol_D:30+Polyol_A:70,1.5,24.399375,0,0,30,70,9.1540930467,0.8962146091,10.2141752139,1.028164071,0.0669012503,0
Candidate_0337,Polyol_A:20+Polyol_C:80,2.2,68.4255,0,80,0,20,3.0630398385,0.3436830639,8.9123967974,0.4489216892,0.0483654941,1
Candidate_0338,Polyol_D:70+Polyol_C:30,2.4,67.782,0,30,70,0,3.1551274796,0.3423123808,9.2171000996,0.4859509604,0.0495504307,1
Candidate_0339,Polyol_D:40+Polyol_C:60,3.0,94.38,0,60,40,0,2.3206028549,0.2406753611,9.6420458019,0.7295344417,0.0573451021,1
Candidate_0340,Polyol_D:10+Polyol_A:90,1.9,26.151125,0,0,10,90,10.0997319455,0.8961659594,11.2699348151,0.9352060861,0.0639265948,1
Candidate_0341,Polyol_D:70+Polyol_A:30,2.6,55.30525000000001,0,0,70,30,4.6991583453,0.4355034497,10.7901747936,0.7651668103,0.0584853379,1
Candidate_0342,Polyol_C:100,2.2,78.64999999999999,0,100,0,0,2.3318723204,0.2866611172,8.1345958028,0.4198147528,0.0474340721,1
Candidate_0343,Polyol_A:70+Polyol_C:30,2.0,38.9675,0,30,0,70,6.3578362142,0.6131328488,10.3694268327,0.7432743345,0.0577847787,1
Candidate_0344,Polyol_D:30+Polyol_C:70,2.0,65.065,0,70,30,0,2.8681187283,0.3462778466,8.2827092646,0.4834977878,0.0494719292,1
Candidate_0345,Polyol_D:80+Polyol_A:20,1.6,36.036,0,0,80,20,5.5571810382,0.6082039549,9.1370353544,0.824595713,0.0603870628,1
Candidate_0346,Polyol_A:10+Polyol_C:90,2.1,70.19512499999999,0,90,0,10,2.7651759766,0.3275803813,8.4412136212,0.5280578301,0.0508978506,1
Candidate_0347,Polyol_C:100,2.8,100.1,0,100,0,0,1.99338159,0.2254956214,8.8400013145,0.6823147528,0.0558340721,1
Candidate_0348,Polyol_A:30+Polyol_B:70,1.6,76.07600000000001,70,0,0,30,2.0426905585,0.2847866508,7.1727047346,0.9423691259,0.064155812,1
Candidate_0349,Polyol_B:40+Polyol_C:60,1.7,79.00750000000001,40,60,0,0,1.8775581284,0.2687392176,6.986543107,0.7899145981,0.0592772671,1
Candidate_0350,Polyol_D:70+Polyol_A:30,1.7,36.161125000000006,0,0,70,30,5.9455435697,0.6242199046,9.5247580637,0.8089168103,0.0598853379,1
Candidate_0351,Polyol_D:40+Polyol_A:60,2.6,45.5455,0,0,40,60,6.2284813534,0.5357827551,11.6250127398,0.8605188677,0.0615366038,1
Candidate_0352,Polyol_C:100,1.5,53.625,0,100,0,0,2.8000867022,0.3792898701,7.3824452551,0.7260647528,0.0572340721,1
Candidate_0353,Polyol_D:10+Polyol_C:90,1.8,62.4195,0,90,10,0,2.7337253322,0.3491700699,7.8292086509,0.6023559162,0.0532753893,1
Candidate_0354,Polyol_B:60+Polyol_C:40,2.4,124.41,60,40,0,0,1.3399121411,0.1811059468,7.3984988599,0.712293517,0.0567933925,1
Candidate_0355,Polyol_A:80+Polyol_B:20,2.5,56.30624999999999,20,0,0,80,4.54868026,0.4312783304,10.5469715013,0.738345713,0.0576270628,1
Candidate_0356,Polyol_B:100,2.8,175.17499999999998,100,0,0,0,0.9035998292,0.1252991608,7.2115393549,0.9571479426,0.0646287342,1
Candidate_0357,Polyol_A:10+Polyol_B:90,2.4,138.138,90,0,0,10,1.1992777931,0.1650741207,7.2650866663,0.8611983589,0.0615583475,1
Candidate_0358,Polyol_A:40+Polyol_B:60,2.8,119.119,60,0,0,40,1.767271642,0.1991198301,8.8754175871,0.8877450486,0.0624078416,1
Candidate_0359,Polyol_B:60+Polyol_C:40,1.7,88.12374999999999,60,40,0,0,1.6089518004,0.2396266774,6.714410172,0.843543517,0.0609933925,1
Candidate_0360,Polyol_D:30+Polyol_A:70,2.7,43.91887500000001,0,0,30,70,6.6893924208,0.5545627156,12.0624633292,0.940664071,0.0641012503,1
Candidate_0361,Polyol_D:40+Polyol_B:60,1.5,71.32125,60,0,40,0,1.9611583877,0.2873523723,6.824924994,0.9111191259,0.063155812,1
Candidate_0362,Polyol_D:20+Polyol_A:80,2.5,37.5375,0,0,20,80,7.7919477541,0.6495297511,11.9962907633,0.8924738852,0.0625591643,1
Candidate_0363,Polyol_D:100,2.1,52.5525,0,0,100,0,3.9633468142,0.433897978,9.1342827462,0.4791020574,0.0493312658,1
Candidate_0364,Polyol_B:80+Polyol_C:20,2.7,154.44000000000003,80,20,0,0,1.0714038521,0.1444478614,7.4172358205,0.8918884704,0.0625404311,1
Candidate_0365,Polyol_A:30+Polyol_B:70,2.6,123.6235,70,0,0,30,1.5728188578,0.1908982009,8.2390449497,0.8548691259,0.061355812,1
Candidate_0366,Polyol_D:60+Polyol_C:40,2.4,70.35599999999998,0,40,60,0,2.9996847906,0.3295069418,9.103555676,0.467646587,0.0489646908,1
Candidate_0367,Polyol_D:40+Polyol_A:60,2.5,43.79375,0,0,40,60,6.393439443,0.5576484641,11.4649996451,0.8167688677,0.0601366038,1
Candidate_0368,Polyol_B:100,2.6,162.6625,100,0,0,0,0.9520963823,0.1357349605,7.0143784541,0.8696479426,0.0618287342,1
Candidate_0369,Polyol_D:70+Polyol_B:30,2.7,97.97287500000002,30,0,70,0,2.0910246946,0.2356851358,8.8721110381,0.6908767068,0.0561080546,1
Candidate_0370,Polyol_A:30+Polyol_B:70,2.8,133.13299999999998,70,0,0,30,1.492704812,0.1762212497,8.4706289074,0.9423691259,0.064155812,1
Candidate_0371,Polyol_D:50+Polyol_A:50,2.4,45.04500000000001,0,0,50,50,5.9668290888,0.5404356691,11.0407758597,0.739135744,0.0576523438,1
Candidate_0372,Polyol_D:30+Polyol_A:70,2.3,37.412375,0,0,30,70,7.4267058539,0.6507853754,11.4119126434,0.765664071,0.0585012503,1
Candidate_0373,Polyol_D:60+Polyol_A:40,2.4,48.048,0,0,60,40,5.4337071993,0.5044762735,10.7709866347,0.7074401986,0.0566380864,1
Candidate_0374,Polyol_D:40+Polyol_A:60,1.9,33.28325,0,0,40,60,7.4790920839,0.7089101362,10.5501271633,0.8167688677,0.0601366038,1
Candidate_0375,Polyol_A:50+Polyol_C:50,2.3,55.50187499999999,0,50,0,50,4.3985885038,0.4369179671,10.0673097356,0.5944625894,0.0530228029,1
Candidate_0376,Polyol_D:40+Polyol_B:60,2.3,109.35925,60,0,40,0,1.5910856929,0.2086606484,7.6252312299,0.6486191259,0.054755812,1
Candidate_0377,Polyol_D:10+Polyol_B:90,2.0,117.6175,90,0,10,0,1.2435520519,0.1860891275,6.6825615692,0.7967602821,0.059496329,1
Candidate_0378,Polyol_A:20+Polyol_C:80,1.5,46.65375,0,80,0,20,3.678064637,0.4547373079,8.0883283009,0.7551716892,0.0581654941,1
Candidate_0379,Polyol_B:80+Polyol_C:20,1.5,85.8,80,20,0,0,1.4661616386,0.2334384913,6.280719303,0.9793884704,0.0653404311,1
Candidate_0380,Polyol_A:40+Polyol_C:60,1.7,44.9735,0,60,0,40,4.5045453361,0.5036063597,8.9445759558,0.72431112,0.0571779558,1
Candidate_0381,Polyol_A:90+Polyol_C:10,1.7,25.221625,0,10,0,90,9.6800968043,0.9020003188,10.7318108457,1.0083555184,0.0662673766,0
Candidate_0382,Polyol_D:20+Polyol_A:80,2.3,34.534499999999994,0,0,20,80,8.2101446102,0.7036271795,11.6683164744,0.8049738852,0.0597591643,1
Candidate_0383,Polyol_D:40+Polyol_A:60,2.0,35.035000000000004,0,0,40,60,7.2861229078,0.6811133721,10.6973716944,0.7730188677,0.0587366038,1
Candidate_0384,Polyol_D:50+Polyol_C:50,2.1,63.81375,0,50,50,0,3.0858565615,0.3578792423,8.6226195777,0.40625,0.047,1
Candidate_0385,Polyol_D:40+Polyol_B:60,1.7,80.83075000000001,60,0,40,0,1.8612636464,0.265259672,7.0167607165,0.8236191259,0.060355812,1
Candidate_0386,Polyol_D:20+Polyol_C:80,2.1,70.57050000000001,0,80,20,0,2.6585874917,0.3209841056,8.2826141401,0.4556770923,0.048581667,1
Candidate_0387,Polyol_D:70+Polyol_B:30,2.0,72.5725,30,0,70,0,2.5108795151,0.3118420295,8.0517674908,0.5596267068,0.0519080546,1
Candidate_0388,Polyol_B:90+Polyol_C:10,1.9,113.774375,90,10,0,0,1.2302157627,0.1890427384,6.5076065509,0.8268860146,0.0604603525,1
Candidate_0389,Polyol_D:50+Polyol_A:50,2.7,50.67562500000001,0,0,50,50,5.5167897906,0.4793234396,11.5095347619,0.870385744,0.0618523438,1
Candidate_0390,Polyol_A:30+Polyol_B:70,2.5,118.86875,70,0,0,30,1.6144741473,0.1986889042,8.1256381853,0.8111191259,0.059955812,1
Candidate_0391,Polyol_A:60+Polyol_B:40,2.5,81.33125,40,0,0,60,2.7930547738,0.2975505096,9.3868257109,0.6247477878,0.0539919292,1
Candidate_0392,Polyol_D:90+Polyol_C:10,2.5,65.24375,0,10,90,0,3.402701049,0.3556770742,9.5668270353,0.5684929986,0.052191776,1
Candidate_0393,Polyol_A:70+Polyol_B:30,1.5,41.291250000000005,30,0,0,70,4.5409087544,0.5261630775,8.6302307188,0.8147942273,0.0600734153,1
Candidate_0394,Polyol_D:60+Polyol_A:40,1.6,32.032000000000004,0,0,60,40,6.6975402379,0.6947282827,9.6405176022,0.8824401986,0.0622380864,1
Candidate_0395,Polyol_B:30+Polyol_C:70,2.0,87.58749999999999,30,70,0,0,1.8839929236,0.2534400683,7.4336821969,0.6294811323,0.0541433962,1
Candidate_0396,Polyol_B:100,1.7,106.35625,100,0,0,0,1.2046264687,0.1945529114,6.1917678834,0.9133979426,0.0632287342,1
Candidate_0397,Polyol_D:40+Polyol_A:60,1.5,26.27625,0,0,40,60,8.3034472291,0.8319137513,9.98113953,0.9917688677,0.0657366038,1
Candidate_0398,Polyol_D:80+Polyol_C:20,2.6,70.64200000000001,0,20,80,0,3.1506896281,0.3285145472,9.5907157076,0.5924640638,0.05295885,1
Candidate_0399,Polyol_D:20+Polyol_B:80,2.5,137.63750000000002,80,0,20,0,1.2126282343,0.16421435,7.3844230691,0.8081176315,0.0598597642,1
Candidate_0400,Polyol_D:20+Polyol_C:80,1.9,63.84949999999999,0,80,20,0,2.8012749128,0.3477179305,8.0561704387,0.5431770923,0.051381667,1
Candidate_0401,Polyol_D:70+Polyol_A:30,2.0,42.5425,0,0,70,30,5.4971097004,0.5536333904,9.9291513048,0.6776668103,0.0556853379,1
Candidate_0402,Polyol_A:30+Polyol_B:70,2.0,95.095,70,0,0,30,1.8398949695,0.2426791757,7.581593948,0.7673691259,0.058555812,1
Candidate_0403,Polyol_D:70+Polyol_B:30,2.9,105.23012500000002,30,0,70,0,1.9845150051,0.2175648014,9.1214892853,0.7783767068,0.0589080546,1
Candidate_0404,Polyol_A:60+Polyol_C:40,3.0,65.4225,0,40,0,60,4.2139838333,0.3667372755,11.4904704682,0.9504393612,0.0644140596,1
Candidate_0405,Polyol_D:10+Polyol_B:90,2.1,123.498375,90,0,10,0,1.211466979,0.1787924684,6.7758278048,0.7530102821,0.058096329,1
Candidate_0406,Polyol_D:100,2.4,60.06,0,0,100,0,3.6644172166,0.3848329842,9.5220975526,0.5228520574,0.0507312658,1
Candidate_0407,Polyol_B:10+Polyol_C:90,2.3,88.39187499999998,10,90,0,0,2.07436046,0.2566312546,8.0830390811,0.5215821891,0.0506906301,1
Candidate_0408,Polyol_B:60+Polyol_C:40,2.5,129.59374999999997,60,40,0,0,1.3053408671,0.1740046811,7.5017571884,0.756043517,0.0581933925,1
Candidate_0409,Polyol_D:80+Polyol_C:20,1.7,46.18899999999999,0,20,80,0,3.9863654471,0.4708695636,8.4659654287,0.6362140638,0.05435885,1
Candidate_0410,Polyol_D:90+Polyol_B:10,2.2,63.31325,10,0,90,0,3.2416745386,0.3638027387,8.910528134,0.4117135,0.047174832,1
Candidate_0411,Polyol_D:50+Polyol_A:50,2.2,41.29125000000001,0,0,50,50,6.2870711186,0.5854469712,10.7389250056,0.651635744,0.0548523438,1
Candidate_0412,Polyol_A:80+Polyol_B:20,2.6,58.5585,20,0,0,80,4.4313190787,0.4143676652,10.69417199,0.782095713,0.0590270628,1
Candidate_0413,Polyol_D:90+Polyol_A:10,2.9,68.94387499999999,0,0,90,10,3.5908574699,0.338408832,10.6110040002,0.8417927329,0.0609373675,1
Candidate_0414,Polyol_B:70+Polyol_C:30,2.8,152.6525,70,30,0,0,1.121391558,0.1462212863,7.6691402909,0.9120606388,0.0631859404,1
Candidate_0415,Polyol_D:20+Polyol_C:80,2.9,97.4545,0,80,20,0,2.1569091757,0.2330822992,9.2538523225,0.7181770923,0.056981667,1
Candidate_0416,Polyol_D:70+Polyol_C:30,1.7,48.01225,0,30,70,0,3.7886424663,0.4529237162,8.3648577687,0.6172009604,0.0537504307,1
Candidate_0417,Polyol_A:70+Polyol_C:30,1.6,31.174000000000003,0,30,0,70,7.0586050958,0.7195180634,9.8101846984,0.9182743345,0.0633847787,1
Candidate_0418,Polyol_D:70+Polyol_C:30,1.8,50.8365,0,30,70,0,3.690891134,0.4351643233,8.4816032393,0.5734509604,0.0523504307,1
Candidate_0419,Polyol_A:80+Polyol_B:20,1.8,40.5405,20,0,0,80,5.462005358,0.5706372164,9.5717650394,0.782095713,0.0590270628,1
Candidate_0420,Polyol_D:30+Polyol_B:70,1.9,97.472375,70,0,30,0,1.579640771,0.2256323027,7.0009513352,0.7734366027,0.0587499713,1
Candidate_0421,Polyol_B:90+Polyol_C:10,2.9,173.655625,90,10,0,0,0.9472342948,0.1267191371,7.4750690111,1.0018860146,0.0660603525,0
Candidate_0422,Polyol_D:40+Polyol_C:60,1.9,59.774,0,60,40,0,3.0936920658,0.3736983705,8.2785805622,0.5107844417,0.0503451021,1
Candidate_0423,Polyol_D:30+Polyol_B:70,2.6,133.38325,70,0,30,0,1.3155023333,0.1705292259,7.7142338858,0.8171866027,0.0601499713,1
Candidate_0424,Polyol_B:60+Polyol_C:40,2.1,108.85875,60,40,0,0,1.4492172157,0.2041963848,7.0971737173,0.668543517,0.0553933925,1
Candidate_0425,Polyol_D:20+Polyol_C:80,1.7,57.1285,0,80,20,0,2.9516204231,0.3766783373,7.8359176269,0.6306770923,0.054181667,1
Candidate_0426,Polyol_D:90+Polyol_B:10,1.9,54.679625,10,0,90,0,3.5061183527,0.4101864425,8.5476212509,0.5429635,0.051374832,1
Candidate_0427,Polyol_D:50+Polyol_C:50,2.8,85.085,0,50,50,0,2.5698573887,0.2704793128,9.5011236253,0.625,0.054,1
Candidate_0428,Polyol_B:40+Polyol_C:60,2.4,111.54,40,60,0,0,1.5636036649,0.2031087314,7.6983576946,0.6586645981,0.0550772671,1
Candidate_0429,Polyol_B:20+Polyol_C:80,2.3,94.55875,20,80,0,0,1.8973050968,0.2397681448,7.9130824411,0.5547033103,0.0517505059,1
Candidate_0430,Polyol_A:10+Polyol_C:90,2.4,80.223,0,90,0,10,2.5566166501,0.2905377348,8.799602749,0.5718078301,0.0522978506,1
Candidate_0431,Polyol_D:10+Polyol_B:90,2.6,152.90275000000003,90,0,10,0,1.0630400921,0.1463828923,7.2620514268,0.8842602821,0.062296329,1
Candidate_0432,Polyol_B:60+Polyol_C:40,2.0,103.675,60,40,0,0,1.48759898,0.2125297974,6.9994842991,0.712293517,0.0567933925,1
Candidate_0433,Polyol_D:70+Polyol_C:30,1.6,45.18800000000001,0,30,70,0,3.8889826917,0.4714078837,8.2497192472,0.6609509604,0.0551504307,1
Candidate_0434,Polyol_D:80+Polyol_C:20,1.8,48.906,0,20,80,0,3.8835126346,0.452406504,8.5841220245,0.5924640638,0.05295885,1
Candidate_0435,Polyol_A:10+Polyol_C:90,3.0,100.27875,0,90,0,10,2.1855024043,0.2285450769,9.5626754856,0.8343078301,0.0606978506,1
Candidate_0436,Polyol_D:40+Polyol_C:60,2.0,62.92,0,60,40,0,3.013871253,0.3590454478,8.3941218912,0.4670344417,0.0489451021,1
Candidate_0437,Polyol_D:40+Polyol_A:60,2.9,50.80075,0,0,40,60,5.7587073185,0.4751966751,12.1185766234,0.9917688677,0.0657366038,1
Candidate_0438,Polyol_B:50+Polyol_C:50,2.0,98.3125,50,50,0,0,1.6047306015,0.2247917288,7.138743982,0.6862107241,0.0559587432,1
Candidate_0439,Polyol_C:100,2.9,103.675,0,100,0,0,1.9419500527,0.2166538117,8.9633782017,0.7260647528,0.0572340721,1
Candidate_0440,Polyol_D:50+Polyol_B:50,1.9,83.208125,50,0,50,0,1.987057958,0.2671239694,7.4387108077,0.6957311323,0.0562633962,1
Candidate_0441,Polyol_D:60+Polyol_C:40,2.5,73.2875,0,40,60,0,2.9222894736,0.3165867898,9.2306109017,0.511396587,0.0503646908,1
Candidate_0442,Polyol_A:40+Polyol_B:60,2.2,93.5935,60,0,0,40,2.0673672545,0.2531309148,8.1671859633,0.6252450486,0.0540078416,1
Candidate_0443,Polyol_D:60+Polyol_A:40,2.9,58.05799999999999,0,0,60,40,4.7679785765,0.4130302393,11.5438970872,0.9261901986,0.0636380864,1
Candidate_0444,Polyol_A:50+Polyol_C:50,2.4,57.91499999999999,0,50,0,50,4.2850998624,0.4197861686,10.2078157483,0.6382125894,0.0544228029,1
Candidate_0445,Polyol_B:60+Polyol_C:40,2.7,139.96125,60,40,0,0,1.2388512408,0.1606265654,7.7126173828,0.843543517,0.0609933925,1
Candidate_0446,Polyol_A:70+Polyol_B:30,1.7,46.79675,30,0,0,70,4.3096102993,0.4857097377,8.872810168,0.7272942273,0.0572734153,1
Candidate_0447,Polyol_D:20+Polyol_B:80,2.4,132.132,80,0,20,0,1.2447440625,0.1709160647,7.2827797923,0.7643676315,0.0584597642,1
Candidate_0448,Polyol_D:70+Polyol_A:30,1.5,31.906875,0,0,70,30,6.2646431975,0.67620935,9.2643545928,0.8964168103,0.0626853379,1
Candidate_0449,Polyol_B:80+Polyol_C:20,2.4,137.28,80,20,0,0,1.158805014,0.162864509,7.1151475612,0.7606384704,0.0583404311,1
Candidate_0450,Polyol_D:10+Polyol_A:90,1.6,22.022,0,0,10,90,10.9236307071,1.0104242977,10.8109343097,1.0664560861,0.0681265948,0
Candidate_0451,Polyol_D:80+Polyol_A:20,2.3,51.80175,0,0,80,20,4.6279412107,0.4596706606,10.0679499646,0.605845713,0.0533870628,1
Candidate_0452,Polyol_D:70+Polyol_A:30,2.7,57.43237500000001,0,0,70,30,4.5779146564,0.4184271152,10.9407695877,0.8089168103,0.0598853379,1
Candidate_0453,Polyol_A:50+Polyol_C:50,2.9,69.98062499999999,0,50,0,50,3.7600966692,0.3436918459,10.940313871,0.8569625894,0.0614228029,1
Candidate_0454,Polyol_D:20+Polyol_A:80,2.7,40.5405,0,0,20,80,7.3950524243,0.5995915307,12.3334837887,0.9799738852,0.0653591643,1
Candidate_0455,Polyol_D:40+Polyol_B:60,2.5,118.86875,60,0,40,0,1.5100411966,0.1926180554,7.8395620459,0.7361191259,0.057555812,1
Candidate_0456,Polyol_D:70+Polyol_B:30,1.8,65.31525000000002,30,0,70,0,2.6456393918,0.3378144377,7.8316350541,0.6471267068,0.0547080546,1
Candidate_0457,Polyol_B:100,2.7,168.91875000000002,100,0,0,0,0.9275312008,0.1304127166,7.1122757449,0.9133979426,0.0632287342,1
Candidate_0458,Polyol_B:80+Polyol_C:20,2.8,160.16,80,20,0,0,1.0437604007,0.1387839798,7.5207556543,0.9356384704,0.0639404311,1
Candidate_0459,Polyol_D:10+Polyol_C:90,3.0,104.0325,0,90,10,0,1.9976814114,0.2160606402,9.2459293355,0.7773559162,0.0588753893,1
Candidate_0460,Polyol_D:10+Polyol_C:90,2.3,79.75824999999999,0,90,10,0,2.3987939246,0.2858762743,8.3910213619,0.4711059162,0.0490753893,1
Candidate_0461,Polyol_D:50+Polyol_C:50,2.0,60.775,0,50,50,0,3.1675838677,0.3724845713,8.5039330803,0.45,0.0484,1
Candidate_0462,Polyol_D:40+Polyol_C:60,2.7,84.94200000000001,0,60,40,0,2.5099090492,0.2713607119,9.2493457581,0.5982844417,0.0531451021,1
Candidate_0463,Polyol_D:20+Polyol_B:80,2.1,115.6155,80,0,20,0,1.3462856773,0.1927073249,6.9861676415,0.7206176315,0.0570597642,1
Candidate_0464,Polyol_B:70+Polyol_C:30,2.9,158.104375,70,30,0,0,1.0924583663,0.1404878676,7.7761758696,0.9558106388,0.0645859404,1
Candidate_0465,Polyol_B:100,1.6,100.1,100,0,0,0,1.2365303742,0.2024927664,6.1065409711,0.9571479426,0.0646287342,1
Candidate_0466,Polyol_D:80+Polyol_C:20,2.3,62.49099999999999,0,20,80,0,3.4077112299,0.3703991177,9.2001062294,0.4612140638,0.04875885,1
Candidate_0467,Polyol_D:30+Polyol_A:70,2.2,35.78575000000001,0,0,30,70,7.6233982962,0.6773444304,11.2548327761,0.721914071,0.0571012503,1
Candidate_0468,Polyol_A:90+Polyol_C:10,2.8,41.54149999999999,0,10,0,90,7.2611170736,0.5809210571,12.4993180817,1.0521055184,0.0676673766,0
Candidate_0469,Polyol_D:30+Polyol_C:70,2.7,87.83775000000001,0,70,30,0,2.3885284227,0.2617111665,9.1265820052,0.6147477878,0.0536719292,1
Candidate_0470,Polyol_D:20+Polyol_A:80,2.0,30.03,0,0,20,80,8.8798978287,0.7933374296,11.1930907302,0.8487238852,0.0611591643,1
Candidate_0471,Polyol_A:10+Polyol_C:90,2.0,66.85249999999999,0,90,0,10,2.8384102243,0.3409491903,8.3250240956,0.5718078301,0.0522978506,1
Candidate_0472,Polyol_A:40+Polyol_C:60,1.5,39.682500000000005,0,60,0,40,4.7463060302,0.5455502566,8.7000344557,0.81181112,0.0599779558,1
Candidate_0473,Polyol_D:70+Polyol_B:30,2.1,76.20112500000002,30,0,70,0,2.4460959363,0.2996145286,8.164143267,0.5158767068,0.0505080546,1
Candidate_0474,Polyol_D:70+Polyol_A:30,1.9,40.415375,0,0,70,30,5.6426977921,0.5762275977,9.7924809833,0.7214168103,0.0570853379,1
Candidate_0475,Polyol_A:50+Polyol_B:50,2.9,108.85875,50,0,0,50,2.0626931818,0.2185622933,9.4375527927,0.8700261148,0.0618408357,1
Candidate_0476,Polyol_D:90+Polyol_C:10,2.6,67.8535,0,10,90,0,3.3149074491,0.3417307766,9.7003479815,0.6122429986,0.053591776,1
Candidate_0477,Polyol_D:10+Polyol_C:90,2.4,83.226,0,90,10,0,2.336902283,0.2746669053,8.5081319888,0.5148559162,0.0504753893,1
Candidate_0478,Polyol_A:70+Polyol_B:30,1.8,49.5495,30,0,0,70,4.1984173979,0.4666647865,8.9966449572,0.6835442273,0.0558734153,1
Candidate_0479,Polyol_D:20+Polyol_B:80,2.6,143.14300000000003,80,0,20,0,1.1813410314,0.1577754132,7.4874849466,0.8518676315,0.0612597642,1
Candidate_0480,Polyol_A:20+Polyol_C:80,2.9,90.19724999999998,0,80,0,20,2.5508559468,0.2597500719,9.820424409,0.7551716892,0.0581654941,1
Candidate_0481,Polyol_B:50+Polyol_C:50,1.9,93.396875,50,50,0,0,1.647231057,0.2339656533,7.0404823677,0.7299607241,0.0573587432,1
Candidate_0482,Polyol_B:30+Polyol_C:70,1.9,83.208125,30,70,0,0,1.9338894964,0.2637831537,7.3313608902,0.6732311323,0.0555433962,1
Candidate_0483,Polyol_A:10+Polyol_C:90,1.8,60.16725,0,90,0,10,2.9907488011,0.3693458485,8.0974209213,0.6593078301,0.0550978506,1
Candidate_0484,Polyol_A:60+Polyol_C:40,2.6,56.6995,0,40,0,60,4.6784545492,0.4303701796,10.8707684024,0.7754393612,0.0588140596,1
Candidate_0485,Polyol_A:30+Polyol_B:70,2.7,128.37825,70,0,0,30,1.5322383227,0.1834129754,8.3540344936,0.8986191259,0.062755812,1
Candidate_0486,Polyol_D:50+Polyol_B:50,2.1,91.966875,50,0,50,0,1.8858439807,0.2465865026,7.6477988876,0.6082311323,0.0534633962,1
Candidate_0487,Polyol_D:30+Polyol_B:70,2.2,112.86275,70,0,30,0,1.4604986918,0.2001179005,7.2981911582,0.6421866027,0.0545499713,1
Candidate_0488,Polyol_A:80+Polyol_C:20,1.9,32.604,0,20,0,80,7.6801697821,0.7235447311,10.6146440605,0.8493952162,0.0611806469,1
Candidate_0489,Polyol_B:50+Polyol_C:50,2.3,113.059375,50,50,0,0,1.4836961588,0.1993723783,7.4418340759,0.6424607241,0.0545587432,1
Candidate_0490,Polyol_A:70+Polyol_C:30,2.4,46.761,0,30,0,70,5.7266387306,0.5224773489,10.9605492807,0.7432743345,0.0577847787,1
Candidate_0491,Polyol_A:60+Polyol_B:40,1.8,58.5585,40,0,0,60,3.3538695331,0.3936979499,8.5188900112,0.6684977878,0.0553919292,1
Candidate_0492,Polyol_D:50+Polyol_C:50,1.5,45.58125,0,50,50,0,3.6098575089,0.4549536827,7.9345604746,0.66875,0.0554,1
Candidate_0493,Polyol_D:20+Polyol_A:80,1.6,24.024,0,0,20,80,9.8586515841,0.9309900979,10.589426897,1.0237238852,0.0667591643,0
Candidate_0494,Polyol_B:100,2.4,150.15,100,0,0,0,1.0031957641,0.1470399273,6.8226078618,0.7821479426,0.0590287342,1
Candidate_0495,Polyol_D:50+Polyol_A:50,2.3,43.168125,0,0,50,50,6.1248574542,0.5624912671,10.888804524,0.695385744,0.0562523438,1
Candidate_0496,Polyol_D:60+Polyol_A:40,1.9,38.038,0,0,60,40,6.1923881272,0.6161687119,10.0498256531,0.7511901986,0.0580380864,1
Candidate_0497,Polyol_D:30+Polyol_C:70,1.8,58.5585,0,70,30,0,3.0220517721,0.3751183131,8.0562629625,0.5709977878,0.0522719292,1
Candidate_0498,Polyol_B:50+Polyol_C:50,2.5,122.890625,50,50,0,0,1.4081217203,0.1840439014,7.651009945,0.7299607241,0.0573587432,1
Candidate_0499,Polyol_B:50+Polyol_C:50,1.7,83.565625,50,50,0,0,1.7356385862,0.2534519665,6.8479981037,0.8174607241,0.0601587432,1
Candidate_0500,Polyol_A:30+Polyol_C:70,2.4,69.069,0,70,0,30,3.2991190688,0.3468950639,9.5104237922,0.5517135,0.051654832,1
Candidate_0501,Polyol_D:40+Polyol_A:60,3.0,52.5525,0,0,40,60,5.6101260476,0.456563947,12.2877114694,1.0355188677,0.0671366038,0
Candidate_0502,Polyol_A:60+Polyol_C:40,2.2,47.9765,0,40,0,60,5.1941198247,0.5050440843,10.2844880013,0.6004393612,0.0532140596,1
Candidate_0503,Polyol_B:70+Polyol_C:30,1.5,81.778125,70,30,0,0,1.5752094858,0.2459482465,6.4046380013,0.9558106388,0.0645859404,1
Candidate_0504,Polyol_A:70+Polyol_C:30,1.7,33.122375000000005,0,30,0,70,6.8764849675,0.6913053566,9.9471021046,0.8745243345,0.0619847787,1
Candidate_0505,Polyol_D:60+Polyol_A:40,2.2,44.044,0,0,60,40,5.7253363707,0.546492623,10.4765117213,0.6199401986,0.0538380864,1
Candidate_0506,Polyol_D:10+Polyol_A:90,2.6,35.78575000000001,0,0,10,90,8.4109129012,0.6773076617,12.4181570302,0.9789560861,0.0653265948,1
Candidate_0507,Polyol_A:40+Polyol_B:60,2.5,106.35625,60,0,0,40,1.9114391234,0.2245069815,8.513940682,0.7564950486,0.0582078416,1
Candidate_0508,Polyol_A:100,2.4,30.03,0,0,0,100,9.7635988784,0.7968081801,12.2533868535,0.8632639163,0.0616244453,1
Candidate_0509,Polyol_A:20+Polyol_B:80,2.0,105.105,80,0,0,20,1.5645556079,0.2163918548,7.2301963937,0.8165211633,0.0601286772,1
Candidate_0510,Polyol_D:90+Polyol_C:10,2.7,70.46325,0,10,90,0,3.229379025,0.3283313212,9.8357324341,0.6559929986,0.054991776,1
Candidate_0511,Polyol_D:80+Polyol_A:20,2.9,65.31525,0,0,80,20,3.9561569165,0.3615897485,10.9410096186,0.868345713,0.0617870628,1
Candidate_0512,Polyol_A:50+Polyol_C:50,2.1,50.675625,0,50,0,50,4.6346624536,0.4733075834,9.7920730964,0.5944625894,0.0530228029,1
Candidate_0513,Polyol_D:20+Polyol_A:80,1.5,22.5225,0,0,20,80,10.1197528443,0.9689845246,10.4436681777,1.0674738852,0.0681591643,0
Candidate_0514,Polyol_A:10+Polyol_B:90,2.9,166.91675,90,0,0,10,1.0523443048,0.1351512591,7.786418798,1.0799483589,0.0685583475,0
Candidate_0515,Polyol_D:50+Polyol_A:50,1.7,31.906875,0,0,50,50,7.1649029147,0.7150665454,10.0199106795,0.870385744,0.0618523438,1
Candidate_0516,Polyol_D:100,2.5,62.5625,0,0,100,0,3.5698710386,0.369743467,9.6549942247,0.5666020574,0.0521312658,1
Candidate_0517,Polyol_B:30+Polyol_C:70,1.8,78.82875,30,70,0,0,1.985107554,0.2745483484,7.2304479905,0.7169811323,0.0569433962,1
Candidate_0518,Polyol_B:90+Polyol_C:10,1.7,101.798125,90,10,0,0,1.2962419195,0.2047875537,6.3296909207,0.9143860146,0.0632603525,1
Candidate_0519,Polyol_A:40+Polyol_B:60,1.9,80.83075,60,0,0,40,2.2360154256,0.2854043095,7.8345538278,0.7564950486,0.0582078416,1
Candidate_0520,Polyol_D:40+Polyol_C:60,2.4,75.504,0,60,40,0,2.7146581423,0.3059583483,8.8726395528,0.4670344417,0.0489451021,1
Candidate_0521,Polyol_D:80+Polyol_B:20,1.8,58.5585,20,0,80,0,3.063551222,0.3774999126,8.115369354,0.5934977878,0.0529919292,1
Candidate_0522,Polyol_D:70+Polyol_C:30,2.3,64.95775,0,30,70,0,3.2386893901,0.3562824141,9.0902308441,0.4422009604,0.0481504307,1
Candidate_0523,Polyol_A:10+Polyol_C:90,1.9,63.509875,0,90,0,10,2.913584043,0.3548635907,8.2104338669,0.6155578301,0.0536978506,1
Candidate_0524,Polyol_B:40+Polyol_C:60,2.3,106.89249999999998,40,60,0,0,1.6050148949,0.2113977559,7.5923932482,0.6149145981,0.0536772671,1
Candidate_0525,Polyol_D:50+Polyol_C:50,1.8,54.697500000000005,0,50,50,0,3.3375893216,0.403507719,8.2714385985,0.5375,0.0512,1
Candidate_0526,Polyol_D:100,2.7,67.56750000000001,0,0,100,0,3.3880339437,0.3413162384,9.9263778363,0.6541020574,0.0549312658,1
Candidate_0527,Polyol_B:90+Polyol_C:10,2.5,149.703125,90,10,0,0,1.0516396767,0.1487062849,7.0719248822,0.8268860146,0.0604603525,1
Candidate_0528,Polyol_A:30+Polyol_C:70,1.7,48.923875,0,70,0,30,3.9615459871,0.4589872008,8.6310598216,0.6829635,0.055854832,1
Candidate_0529,Polyol_D:10+Polyol_C:90,2.0,69.355,0,90,10,0,2.5944786571,0.3223245992,8.0492728861,0.5148559162,0.0504753893,1
Candidate_0530,Polyol_D:70+Polyol_C:30,1.9,53.66075,0,30,70,0,3.5956618986,0.4181012861,8.5999780866,0.5297009604,0.0509504307,1
Candidate_0531,Polyol_B:40+Polyol_C:60,2.7,125.4825,40,60,0,0,1.4456711608,0.1801412847,8.0252073424,0.7899145981,0.0592772671,1
Candidate_0532,Polyol_B:20+Polyol_C:80,1.9,78.11375,20,80,0,0,2.1064285039,0.2813705245,7.4863154476,0.6422033103,0.0545505059,1
Candidate_0533,Polyol_D:90+Polyol_B:10,2.6,74.82475,10,0,90,0,2.9198454221,0.3100122442,9.4184841945,0.5867135,0.052774832,1
Candidate_0534,Polyol_B:50+Polyol_C:50,2.9,142.553125,50,50,0,0,1.2683252775,0.1568318675,8.0871655591,0.9049607241,0.0629587432,1
Candidate_0535,Polyol_D:40+Polyol_B:60,1.8,85.58550000000001,60,0,40,0,1.813240904,0.2548586915,7.1146912558,0.7798691259,0.058955812,1
Candidate_0536,Polyol_D:10+Polyol_A:90,2.0,27.5275,0,0,10,90,9.8391472475,0.8610267895,11.4272254564,0.8914560861,0.0625265948,1
Candidate_0537,Polyol_B:10+Polyol_C:90,2.6,99.92125,10,90,0,0,1.9179048767,0.2276115044,8.4262211703,0.6528321891,0.0548906301,1
Candidate_0538,Polyol_D:90+Polyol_C:10,2.9,75.68275,0,10,90,0,3.0648854358,0.3030880096,10.1121962546,0.7434929986,0.057791776,1
Candidate_0539,Polyol_B:30+Polyol_C:70,2.3,100.725625,30,70,0,0,1.7418955314,0.224781176,7.7492945008,0.5857311323,0.0527433962,1
Candidate_0540,Polyol_A:30+Polyol_C:70,2.6,74.82475000000001,0,70,0,30,3.1310731588,0.3202245039,9.7777438026,0.6392135,0.054454832,1
Candidate_0541,Polyol_A:20+Polyol_C:80,2.3,71.53575,0,80,0,20,2.9840098884,0.3302070583,9.0367840837,0.4926716892,0.0497654941,1
Candidate_0542,Polyol_D:80+Polyol_B:20,2.5,81.33125,20,0,80,0,2.5512818197,0.2853082964,8.942192892,0.5497477878,0.0515919292,1
Candidate_0543,Polyol_D:60+Polyol_C:40,1.9,55.69849999999999,0,40,60,0,3.4185155367,0.4024606876,8.4940359199,0.511396587,0.0503646908,1
Candidate_0544,Polyol_A:80+Polyol_C:20,2.5,42.9,0,20,0,80,6.565329035,0.5691604442,11.5351112364,0.8493952162,0.0611806469,1
Candidate_0545,Polyol_D:50+Polyol_B:50,2.3,100.725625,50,0,50,0,1.7897854992,0.2276280314,7.8627640377,0.6082311323,0.0534633962,1
Candidate_0546,Polyol_D:50+Polyol_C:50,1.6,48.62,0,50,50,0,3.5167190341,0.4371146937,8.0453004324,0.625,0.054,1
Candidate_0547,Polyol_A:60+Polyol_B:40,2.8,91.091,40,0,0,60,2.5823927302,0.2639036279,9.7853627496,0.7559977878,0.0581919292,1
Candidate_0548,Polyol_A:60+Polyol_B:40,1.9,61.81175,40,0,0,60,3.2673358425,0.3782608325,8.6377852574,0.6247477878,0.0539919292,1
Candidate_0549,Polyol_B:10+Polyol_C:90,2.1,80.70562499999998,10,90,0,0,2.1856921899,0.2780053192,7.8620516902,0.5215821891,0.0506906301,1
Candidate_0550,Polyol_D:70+Polyol_C:30,1.5,42.36375,0,30,70,0,3.9919803759,0.4906464044,8.136165556,0.7047009604,0.0565504307,1
Candidate_0551,Polyol_D:10+Polyol_B:90,2.2,129.37925000000004,90,0,10,0,1.1802097378,0.1717819155,6.8703957254,0.7092602821,0.056696329,1
Candidate_0552,Polyol_B:50+Polyol_C:50,1.6,78.64999999999999,50,50,0,0,1.7816060716,0.2637955375,6.7537384763,0.8612107241,0.0615587432,1
Candidate_0553,Polyol_A:60+Polyol_B:40,2.0,65.065,40,0,0,60,3.1830348206,0.3634290131,8.7583398839,0.5809977878,0.0525919292,1
Candidate_0554,Polyol_D:50+Polyol_A:50,3.0,56.306250000000006,0,0,50,50,5.1006940439,0.4251217544,11.9981957899,1.001635744,0.0660523438,0
Candidate_0555,Polyol_D:10+Polyol_C:90,2.1,72.82275,0,90,10,0,2.5275381243,0.3096860709,8.1616138459,0.4711059162,0.0490753893,1
Candidate_0556,Polyol_D:60+Polyol_B:40,2.0,80.08,40,0,60,0,2.1941682455,0.2817871533,7.786615606,0.6079716602,0.0534550931,1
Candidate_0557,Polyol_A:10+Polyol_C:90,1.5,50.139375,0,90,0,10,3.2347230221,0.4164362814,7.7676301677,0.7905578301,0.0592978506,1
Candidate_0558,Polyol_D:60+Polyol_C:40,1.8,52.767,0,40,60,0,3.5090531429,0.4188854198,8.3771193191,0.555146587,0.0517646908,1
Candidate_0559,Polyol_D:70+Polyol_B:30,2.8,101.6015,30,0,70,0,2.0370738529,0.2264437894,8.9959360698,0.7346267068,0.0575080546,1
Candidate_0560,Polyol_A:50+Polyol_B:50,1.5,56.30624999999999,50,0,0,50,2.9741855312,0.3826309965,7.772986397,0.8700261148,0.0618408357,1
Candidate_0561,Polyol_D:10+Polyol_C:90,1.5,52.01625,0,90,10,0,2.9567325296,0.3936881545,7.5103416134,0.7336059162,0.0574753893,1
Candidate_0562,Polyol_A:60+Polyol_B:40,2.7,87.83775000000001,40,0,0,60,2.6507860587,0.2746737393,9.6506716132,0.7122477878,0.0567919292,1
Candidate_0563,Polyol_D:30+Polyol_B:70,2.5,128.25312499999998,70,0,30,0,1.3503427285,0.1774886557,7.6080509108,0.7734366027,0.0587499713,1
Candidate_0564,Polyol_A:60+Polyol_C:40,2.7,58.88025,0,40,0,60,4.557745042,0.4134951234,11.0224880142,0.8191893612,0.0602140596,1
Candidate_0565,Polyol_D:60+Polyol_A:40,1.7,34.034,0,0,60,40,6.5247359981,0.6674875971,9.7750670225,0.8386901986,0.0608380864,1
Candidate_0566,Polyol_D:20+Polyol_A:80,2.6,39.039,0,0,20,80,7.590906542,0.6240613253,12.1637189072,0.9362238852,0.0639591643,1
Candidate_0567,Polyol_D:70+Polyol_A:30,1.8,38.288250000000005,0,0,70,30,5.7921417087,0.599743892,9.6576918676,0.7651668103,0.0584853379,1
Candidate_0568,Polyol_D:30+Polyol_A:70,2.5,40.665625,0,0,30,70,7.0484147048,0.600750618,11.732679906,0.853164071,0.0613012503,1
Candidate_0569,Polyol_A:30+Polyol_C:70,1.6,46.04600000000001,0,70,0,30,4.0664654724,0.4777188238,8.5122571481,0.7267135,0.057254832,1
Candidate_0570,Polyol_A:90+Polyol_B:10,2.5,43.79375,10,0,0,90,6.2804928157,0.5530552242,11.355995822,0.8617688677,0.0615766038,1
Candidate_0571,Polyol_B:20+Polyol_C:80,1.8,74.0025,20,80,0,0,2.1622161674,0.2928534734,7.3832696678,0.6859533103,0.0559505059,1
Candidate_0572,Polyol_D:50+Polyol_A:50,1.6,30.030000000000005,0,0,50,50,7.3546616424,0.7442489647,9.8819910958,0.914135744,0.0632523438,1
Candidate_0573,Polyol_A:70+Polyol_B:30,3.0,82.58250000000001,30,0,0,70,3.0680113669,0.2887644194,10.6246170258,0.8585442273,0.0614734153,1
Candidate_0574,Polyol_D:30+Polyol_B:70,2.3,117.99287499999998,70,0,30,0,1.4228161461,0.1922711654,7.4000495263,0.6859366027,0.0559499713,1
Candidate_0575,Polyol_D:30+Polyol_A:70,3.0,48.79875,0,0,30,70,6.1848548473,0.4918530059,12.5746000795,1.071914071,0.0683012503,0
Candidate_0576,Polyol_A:10+Polyol_C:90,2.6,86.90825,0,90,0,10,2.4263912892,0.2682001323,9.0469429254,0.6593078301,0.0550978506,1
Candidate_0577,Polyol_D:50+Polyol_A:50,2.1,39.41437500000001,0,0,50,50,6.4535809277,0.6093395154,10.5911085118,0.695385744,0.0562523438,1
Candidate_0578,Polyol_A:50+Polyol_B:50,2.2,82.58250000000001,50,0,0,50,2.4768593454,0.2891862862,8.564926706,0.5637761148,0.0520408357,1
Candidate_0579,Polyol_A:10+Polyol_C:90,2.9,96.936125,0,90,0,10,2.2433842989,0.2378721784,9.4310495397,0.7905578301,0.0592978506,1
Candidate_0580,Polyol_D:20+Polyol_C:80,2.0,67.21,0,80,20,0,2.7289987988,0.3340837154,8.1686076654,0.4994270923,0.049981667,1
Candidate_0581,Polyol_D:40+Polyol_A:60,2.3,40.29025,0,0,40,60,6.7365778159,0.6040933695,11.1515506648,0.7292688677,0.0573366038,1
Candidate_0582,Polyol_D:40+Polyol_A:60,2.1,36.786750000000005,0,0,40,60,7.0981325583,0.6544065348,10.8466712673,0.7292688677,0.0573366038,1
Candidate_0583,Polyol_B:50+Polyol_C:50,2.7,132.721875,50,50,0,0,1.3363967868,0.1698939339,7.8660653519,0.8174607241,0.0601587432,1
Candidate_0584,Polyol_A:80+Polyol_C:20,1.6,27.456000000000003,0,20,0,80,8.3066896151,0.8157944063,10.1823321556,0.9806452162,0.0653806469,1
Candidate_0585,Polyol_A:10+Polyol_B:90,2.1,120.87075000000002,90,0,0,10,1.297110438,0.1861205513,6.9691951189,0.8174483589,0.0601583475,1
Candidate_0586,Polyol_A:40+Polyol_C:60,3.0,79.36500000000001,0,60,0,40,3.2067856103,0.2994043289,10.7105519209,0.85556112,0.0613779558,1
Candidate_0587,Polyol_D:60+Polyol_C:40,2.9,85.0135,0,40,60,0,2.6321684796,0.2697774666,9.75681369,0.686396587,0.0559646908,1
Candidate_0588,Polyol_D:80+Polyol_B:20,2.2,71.57150000000001,20,0,80,0,2.7594059504,0.3216842059,8.5779963705,0.4184977878,0.0473919292,1
Candidate_0589,Polyol_D:80+Polyol_A:20,2.2,49.5495,0,0,80,20,4.750509827,0.4784301761,9.9293691417,0.562095713,0.0519870628,1
Candidate_0590,Polyol_A:30+Polyol_B:70,1.5,71.32125,70,0,0,30,2.0967901557,0.2964090145,7.0739756658,0.9861191259,0.065555812,1
Candidate_0591,Polyol_D:60+Polyol_B:40,2.2,88.08800000000001,40,0,60,0,2.0824047741,0.2601223274,8.0054826312,0.5204716602,0.0506550931,1
Candidate_0592,Polyol_D:30+Polyol_A:70,2.0,32.5325,0,0,30,70,8.0325490375,0.7337584618,10.9471296827,0.809414071,0.0599012503,1
Candidate_0593,Polyol_D:100,2.0,50.05,0,0,100,0,4.0683139935,0.4516056904,9.0085534345,0.5228520574,0.0507312658,1
Candidate_0594,Polyol_A:60+Polyol_C:40,2.9,63.24174999999999,0,40,0,60,4.3255890037,0.3817041076,11.3323092876,0.9066893612,0.0630140596,1
Candidate_0595,Polyol_D:70+Polyol_B:30,3.0,108.85875,30,0,70,0,1.9333122359,0.2090339635,9.2487948042,0.8221267068,0.0603080546,1
Candidate_0596,Polyol_D:20+Polyol_C:80,2.4,80.652,0,80,20,0,2.4580674448,0.2846873631,8.6342696,0.4994270923,0.049981667,1
Candidate_0597,Polyol_D:20+Polyol_C:80,3.0,100.815,0,80,20,0,2.1012584387,0.2239430115,9.3830051873,0.7619270923,0.058381667,1
Candidate_0598,Polyol_A:90+Polyol_C:10,2.9,43.025125,0,10,0,90,7.0737719034,0.5581428167,12.6737668065,1.0958555184,0.0690673766,0
Candidate_0599,Polyol_A:60+Polyol_C:40,1.7,37.07275,0,40,0,60,5.9193483848,0.6168622375,9.5959000647,0.8191893612,0.0602140596,1
Candidate_0600,Polyol_D:40+Polyol_B:60,1.6,76.07600000000001,60,0,40,0,1.9105582461,0.2760851246,6.9201781474,0.8673691259,0.061755812,1
Candidate_0601,Polyol_D:70+Polyol_A:30,2.1,44.669625,0,0,70,30,5.3552779489,0.5319251146,10.0677290875,0.6339168103,0.0542853379,1
Candidate_0602,Polyol_D:10+Polyol_A:90,2.4,33.033,0,0,10,90,8.8623298566,0.7337186308,12.0786490688,0.8914560861,0.0625265948,1
Candidate_0603,Polyol_D:10+Polyol_A:90,2.7,37.162125,0,0,10,90,8.1939016765,0.6507500484,12.5914730179,1.0227060861,0.0667265948,0
Candidate_0604,Polyol_D:20+Polyol_B:80,1.8,99.099,80,0,20,0,1.4561106814,0.2172769021,6.7016358735,0.8518676315,0.0612597642,1
Candidate_0605,Polyol_A:100,1.7,21.27125,0,0,0,100,11.7240224282,1.0542806578,11.1203998119,0.9945139163,0.0658244453,1
Candidate_0606,Polyol_A:70+Polyol_C:30,1.5,29.225625000000004,0,30,0,70,7.245548581,0.7488821526,9.6751518989,0.9620243345,0.0647847787,1
Candidate_0607,Polyol_A:20+Polyol_B:80,1.9,99.84975,80,0,0,20,1.6059920495,0.2252229739,7.130675978,0.8602711633,0.0615286772,1
Candidate_0608,Polyol_D:40+Polyol_C:60,2.3,72.358,0,60,40,0,2.7865544515,0.3184447453,8.7505116425,0.4232844417,0.0475451021,1
Candidate_0609,Polyol_D:30+Polyol_A:70,1.8,29.27925,0,0,30,70,8.4636590576,0.7948710525,10.6478390815,0.896914071,0.0627012503,1
Candidate_0610,Polyol_A:90+Polyol_B:10,2.7,47.297250000000005,10,0,0,90,5.9605858622,0.5105343179,11.6751913686,0.9492688677,0.0643766038,1
Candidate_0611,Polyol_D:70+Polyol_B:30,2.5,90.71562500000002,30,0,70,0,2.2032508004,0.2553146596,8.6295507029,0.6033767068,0.0533080546,1
Candidate_0612,Polyol_D:60+Polyol_B:40,1.6,64.06400000000001,40,0,60,0,2.4360122905,0.3306802877,7.3666692,0.7829716602,0.0590550931,1
Candidate_0613,Polyol_D:70+Polyol_C:30,2.2,62.13350000000001,0,30,70,0,3.3244643943,0.3708225753,8.9651078871,0.3984509604,0.0467504307,1
Candidate_0614,Polyol_D:80+Polyol_A:20,1.5,33.783750000000005,0,0,80,20,5.704360088,0.6330252291,9.0112681543,0.868345713,0.0617870628,1
Candidate_0615,Polyol_A:80+Polyol_B:20,2.4,54.054,20,0,0,80,4.6691496912,0.448879133,10.4017971615,0.694595713,0.0562270628,1
Candidate_0616,Polyol_D:10+Polyol_A:90,1.7,23.398375,0,0,10,90,10.6417884736,0.9708049943,10.9618188374,1.0227060861,0.0667265948,0
Candidate_0617,Polyol_D:10+Polyol_C:90,1.9,65.88725,0,90,10,0,2.6631920751,0.3354789157,7.9384782492,0.5586059162,0.0518753893,1
Candidate_0618,Polyol_B:30+Polyol_C:70,1.7,74.449375,30,70,0,0,2.0376820952,0.2857528791,7.1309241116,0.7607311323,0.0583433962,1
Candidate_0619,Polyol_A:70+Polyol_B:30,1.9,52.30225,30,0,0,70,4.0900934012,0.4483665985,9.1222080664,0.6397942273,0.0544734153,1
Candidate_0620,Polyol_D:60+Polyol_B:40,2.7,108.10800000000002,40,0,60,0,1.8272720606,0.212970149,8.5799445086,0.7392216602,0.0576550931,1
Candidate_0621,Polyol_A:20+Polyol_B:80,2.2,115.61550000000004,80,0,0,20,1.4848624639,0.1997548583,7.4334235282,0.7290211633,0.0573286772,1
Candidate_0622,Polyol_A:10+Polyol_B:90,2.5,143.89375,90,0,0,10,1.168335047,0.1586014718,7.3664830062,0.9049483589,0.0629583475,1
Candidate_0623,Polyol_B:80+Polyol_C:20,2.3,131.56,80,20,0,0,1.1894953622,0.1695111357,7.0172107412,0.7168884704,0.0569404311,1
Candidate_0624,Polyol_A:50+Polyol_C:50,2.0,48.2625,0,50,0,50,4.7574090785,0.4926236323,9.6572895951,0.6382125894,0.0544228029,1
Candidate_0625,Polyol_A:100,1.8,22.522500000000004,0,0,0,100,11.4215291679,1.0129417219,11.2756034441,0.9507639163,0.0644244453,1
Candidate_0626,Polyol_B:20+Polyol_C:80,1.5,61.66875,20,80,0,0,2.3386017618,0.3301913693,7.0825647778,0.8172033103,0.0601505059,1
Candidate_0627,Polyol_B:100,1.9,118.86875,100,0,0,0,1.1432668915,0.1795949728,6.3658067581,0.8258979426,0.0604287342,1
Candidate_0628,Polyol_A:20+Polyol_C:80,2.4,74.646,0,80,0,20,2.9070190019,0.3172594543,9.1629074009,0.5364216892,0.0511654941,1
Candidate_0629,Polyol_A:40+Polyol_B:60,2.9,123.37324999999998,60,0,0,40,1.7216740015,0.1913122299,8.9992887672,0.9314950486,0.0638078416,1
Candidate_0630,Polyol_A:90+Polyol_B:10,2.9,50.80075,10,0,0,90,5.6569738814,0.4712825743,12.0033588978,1.0367688677,0.0671766038,0
Candidate_0631,Polyol_D:70+Polyol_B:30,1.6,58.05800000000001,30,0,70,0,2.7876318834,0.3659500116,7.6175209592,0.7346267068,0.0575080546,1
Candidate_0632,Polyol_A:60+Polyol_B:40,1.5,48.79875,40,0,0,60,3.6274657998,0.443893199,8.1719337169,0.7997477878,0.0595919292,1
Candidate_0633,Polyol_A:10+Polyol_C:90,2.5,83.565625,0,90,0,10,2.4906530006,0.2791455873,8.9224158072,0.6155578301,0.0536978506,1
Candidate_0634,Polyol_D:40+Polyol_B:60,1.9,90.34025,60,0,40,0,1.7664572036,0.2448655393,7.2139885782,0.7361191259,0.057555812,1
Candidate_0635,Polyol_A:10+Polyol_B:90,2.0,115.115,90,0,0,10,1.3314637334,0.1937162751,6.8732672689,0.8611983589,0.0615583475,1
Candidate_0636,Polyol_D:90+Polyol_B:10,1.6,46.046,10,0,90,0,3.7921345148,0.4624839225,8.1994947942,0.6742135,0.055574832,1
Candidate_0637,Polyol_D:90+Polyol_B:10,2.0,57.5575,10,0,90,0,3.4156564675,0.394102802,8.6669174891,0.4992135,0.049974832,1
Candidate_0638,Polyol_A:70+Polyol_B:30,2.7,74.32425,30,0,0,70,3.3182883821,0.3255809737,10.1918989432,0.7272942273,0.0572734153,1
Candidate_0639,Polyol_D:100,2.2,55.05500000000001,0,0,100,0,3.8610879089,0.4168845949,9.2617668191,0.4353520574,0.0479312658,1
Candidate_0640,Polyol_A:70+Polyol_B:30,2.1,57.807750000000006,30,0,0,70,3.8817579476,0.4138945362,9.3786160676,0.5522942273,0.0516734153,1
Candidate_0641,Polyol_D:60+Polyol_A:40,2.7,54.05400000000001,0,0,60,40,5.0238778347,0.4474303168,11.2282910791,0.8386901986,0.0608380864,1
Candidate_0642,Polyol_A:40+Polyol_C:60,2.7,71.42850000000001,0,60,0,40,3.4683833148,0.3375774382,10.2743338926,0.72431112,0.0571779558,1
Candidate_0643,Polyol_D:70+Polyol_C:30,2.0,56.48500000000001,0,30,70,0,3.5028896869,0.4017073002,8.7200050514,0.4859509604,0.0495504307,1
Candidate_0644,Polyol_B:90+Polyol_C:10,2.3,137.726875,90,10,0,0,1.1080815857,0.1610915954,6.8785809911,0.7393860146,0.0576603525,1
Candidate_0645,Polyol_D:50+Polyol_B:50,3.0,131.38124999999997,50,0,50,0,1.4905078696,0.1720375652,8.6638512214,0.9144811323,0.0632633962,1
Candidate_0646,Polyol_A:20+Polyol_B:80,1.5,78.82875000000001,80,0,0,20,1.783006558,0.2643016082,6.7461055945,1.0352711633,0.0671286772,0
Candidate_0647,Polyol_D:90+Polyol_C:10,2.1,54.80475,0,10,90,0,3.7777511334,0.4173909131,9.0508705744,0.4809929986,0.049391776,1
Candidate_0648,Polyol_D:80+Polyol_B:20,3.0,97.5975,20,0,80,0,2.2387030829,0.2335906763,9.5838717454,0.7684977878,0.0585919292,1
Candidate_0649,Polyol_A:70+Polyol_B:30,2.5,68.81875000000001,30,0,0,70,3.4963822057,0.3526976583,9.9132560798,0.6397942273,0.0544734153,1
Candidate_0650,Polyol_B:10+Polyol_C:90,1.7,65.33312499999998,10,90,0,0,2.4266019932,0.3262422643,7.4380368784,0.6965821891,0.0562906301,1
Candidate_0651,Polyol_D:10+Polyol_B:90,3.0,176.42625,90,0,10,0,0.9575028923,0.1247392725,7.6760339628,1.0592602821,0.067896329,0
Candidate_0652,Polyol_D:10+Polyol_B:90,2.5,147.021875,90,0,10,0,1.0911941562,0.1523568915,7.1620925408,0.8405102821,0.060896329,1
Candidate_0653,Polyol_D:50+Polyol_A:50,1.9,35.660625,0,0,50,50,6.7999471174,0.6600896168,10.3015514018,0.782885744,0.0590523438,1
Candidate_0654,Polyol_D:80+Polyol_A:20,2.6,58.5585,0,0,80,20,4.2788855593,0.407691303,10.4954055377,0.737095713,0.0575870628,1
Candidate_0655,Polyol_A:30+Polyol_B:70,1.7,80.83075000000001,70,0,0,30,1.9899867932,0.2736200065,7.2728117313,0.8986191259,0.062755812,1
Candidate_0656,Polyol_D:80+Polyol_B:20,2.3,74.82475,20,0,80,0,2.6882101038,0.3090707877,8.6977165439,0.4622477878,0.0487919292,1
Candidate_0657,Polyol_A:70+Polyol_C:30,2.2,42.864250000000006,0,30,0,70,6.0339896509,0.5659929552,10.6608917925,0.6557743345,0.0549847787,1
Candidate_0658,Polyol_D:90+Polyol_A:10,2.7,64.189125,0,0,90,10,3.7835801821,0.3665939113,10.3209029547,0.7542927329,0.0581373675,1
Candidate_0659,Polyol_D:80+Polyol_C:20,2.9,78.79299999999999,0,20,80,0,2.9130535021,0.2913662657,9.9979093164,0.7237140638,0.05715885,1
Candidate_0660,Polyol_A:70+Polyol_C:30,2.7,52.606125000000006,0,30,0,70,5.2947154366,0.4633958385,11.4259019981,0.8745243345,0.0619847787,1
Candidate_0661,Polyol_B:90+Polyol_C:10,1.8,107.78625,90,10,0,0,1.2627973874,0.1967577189,6.4180322608,0.8706360146,0.0618603525,1
Candidate_0662,Polyol_B:80+Polyol_C:20,1.9,108.68,80,20,0,0,1.3206030703,0.1989231605,6.6387597452,0.8043884704,0.0597404311,1
Candidate_0663,Polyol_D:90+Polyol_A:10,2.4,57.057,0,0,90,10,4.0922306535,0.4133334808,9.900554501,0.6230427329,0.0539373675,1
Candidate_0664,Polyol_D:40+Polyol_B:60,2.9,137.88774999999998,60,0,40,0,1.3601263245,0.1641382796,8.2864663138,0.9111191259,0.063155812,1
Candidate_0665,Polyol_A:90+Polyol_B:10,2.0,35.035000000000004,10,0,0,90,7.1574061168,0.6755031763,10.5956661167,0.8180188677,0.0601766038,1
Candidate_0666,Polyol_A:90+Polyol_B:10,1.8,31.53150000000001,10,0,0,90,7.5415468772,0.7317638551,10.3059844035,0.9055188677,0.0629766038,1
Candidate_0667,Polyol_A:100,2.9,36.28625,0,0,0,100,8.5673792447,0.6523713613,13.1326722058,1.0820139163,0.0686244453,0
Candidate_0668,Polyol_D:90+Polyol_B:10,3.0,86.33624999999999,10,0,90,0,2.6299670703,0.2641750084,9.9553969403,0.7617135,0.058374832,1
Candidate_0669,Polyol_B:10+Polyol_C:90,2.0,76.8625,10,90,0,0,2.2435791109,0.2893509315,7.7538340693,0.5653321891,0.0520906301,1
Candidate_0670,Polyol_A:90+Polyol_C:10,1.5,22.254375,0,10,0,90,10.1996313516,0.9771252804,10.4384069844,1.0958555184,0.0690673766,0
Candidate_0671,Polyol_D:60+Polyol_A:40,1.8,36.036,0,0,60,40,6.3563903065,0.641315034,9.9114943033,0.7949401986,0.0594380864,1
Candidate_0672,Polyol_D:50+Polyol_B:50,2.0,87.58749999999999,50,0,50,0,1.9357895778,0.2566498887,7.5425303606,0.6519811323,0.0548633962,1
Candidate_0673,Polyol_A:50+Polyol_B:50,1.6,60.06,50,0,0,50,2.8974481244,0.3676278206,7.8814713205,0.8262761148,0.0604408357,1
Candidate_0674,Polyol_A:60+Polyol_C:40,1.9,41.43424999999999,0,40,0,60,5.6178369009,0.5694356149,9.8656226513,0.7316893612,0.0574140596,1
Candidate_0675,Polyol_A:20+Polyol_C:80,1.6,49.764,0,80,0,20,3.5831663399,0.436906803,8.2012143439,0.7114216892,0.0567654941,1
Candidate_0676,Polyol_D:20+Polyol_A:80,2.9,43.5435,0,0,20,80,7.0183735933,0.5534927432,12.6801546718,1.0674738852,0.0681591643,0
Candidate_0677,Polyol_D:70+Polyol_B:30,1.9,68.943875,30,0,70,0,2.5773788533,0.3245685441,7.9409385168,0.6033767068,0.0533080546,1
Candidate_0678,Polyol_D:40+Polyol_B:60,2.4,114.114,60,0,40,0,1.5500338524,0.2004789474,7.7316539848,0.6923691259,0.056155812,1
Candidate_0679,Polyol_B:100,2.9,181.43125,100,0,0,0,0.8802859145,0.1203861104,7.3121883532,1.0008979426,0.0660287342,0
Candidate_0680,Polyol_D:80+Polyol_B:20,2.4,78.078,20,0,80,0,2.6188511919,0.2969519488,8.8191076111,0.5059977878,0.0501919292,1
Candidate_0681,Polyol_D:90+Polyol_C:10,1.5,39.14625,0,10,90,0,4.4192408246,0.5306078436,8.3286383301,0.7434929986,0.057791776,1
Candidate_0682,Polyol_D:90+Polyol_A:10,2.1,49.924875,0,0,90,10,4.4260596883,0.4660321982,9.497325947,0.5792927329,0.0525373675,1
Candidate_0683,Polyol_A:90+Polyol_B:10,2.6,45.5455,10,0,0,90,6.118448879,0.5313696187,11.5144875875,0.9055188677,0.0629766038,1
Candidate_0684,Polyol_D:80+Polyol_C:20,1.5,40.755,0,20,80,0,4.2003152257,0.5100869088,8.2345089689,0.7237140638,0.05715885,1
Candidate_0685,Polyol_D:80+Polyol_A:20,2.7,60.81075,0,0,80,20,4.1684853916,0.3917054984,10.6418863378,0.780845713,0.0589870628,1
Candidate_0686,Polyol_D:10+Polyol_C:90,1.7,58.95175,0,90,10,0,2.806126626,0.3634199708,7.7214430997,0.6461059162,0.0546753893,1
Candidate_0687,Polyol_D:20+Polyol_B:80,2.8,154.154,80,0,20,0,1.1211675353,0.145645063,7.6979439753,0.9393676315,0.0640597642,1
Candidate_0688,Polyol_D:50+Polyol_A:50,2.0,37.53750000000001,0,0,50,50,6.6245006624,0.6342071327,10.4453266457,0.739135744,0.0576523438,1
Candidate_0689,Polyol_B:90+Polyol_C:10,2.4,143.715,90,10,0,0,1.0794918066,0.1547751036,6.974583003,0.7831360146,0.0590603525,1
Candidate_0690,Polyol_D:50+Polyol_C:50,2.7,82.04625000000001,0,50,50,0,2.6379187252,0.2815177829,9.3703449132,0.58125,0.0526,1
Candidate_0691,Polyol_A:30+Polyol_C:70,2.7,77.70262500000001,0,70,0,30,3.0502878709,0.3076683215,9.9142084423,0.6829635,0.055854832,1
Candidate_0692,Polyol_D:30+Polyol_C:70,2.2,71.57150000000001,0,70,30,0,2.7220265104,0.3196547406,8.5155205436,0.3959977878,0.0466719292,1
Candidate_0693,Polyol_D:30+Polyol_C:70,1.7,55.30525,0,70,30,0,3.1020892416,0.3904271818,7.9453721104,0.6147477878,0.0536719292,1
Candidate_0694,Polyol_D:90+Polyol_B:10,2.8,80.58049999999999,10,0,90,0,2.7711184224,0.2861773702,9.6832199568,0.6742135,0.055574832,1
Candidate_0695,Polyol_D:70+Polyol_C:30,2.1,59.309250000000006,0,30,70,0,3.4125111049,0.3859561317,8.8417071916,0.4422009604,0.0481504307,1
Candidate_0696,Polyol_D:90+Polyol_B:10,2.7,77.702625,10,0,90,0,2.8445100527,0.2978564902,9.5499347702,0.6304635,0.054174832,1
Candidate_0697,Polyol_B:60+Polyol_C:40,3.0,155.51250000000002,60,40,0,0,1.1454127101,0.1424629836,8.0400724551,0.974793517,0.0651933925,1
Candidate_0698,Polyol_A:50+Polyol_B:50,1.9,71.32124999999999,50,0,0,50,2.678912366,0.3260566272,8.2160954349,0.6950261148,0.0562408357,1
Candidate_0699,Polyol_D:10+Polyol_C:90,2.8,97.097,0,90,10,0,2.1048977471,0.2340556974,8.993148942,0.6898559162,0.0560753893,1
Candidate_0700,Polyol_D:30+Polyol_C:70,3.0,97.5975,0,70,30,0,2.2083771834,0.2321169821,9.5140698609,0.7459977878,0.0578719292,1
Candidate_0701,Polyol_C:100,1.9,67.925,0,100,0,0,2.5220978361,0.3232095071,7.8032909953,0.5510647528,0.0516340721,1
Candidate_0702,Polyol_D:80+Polyol_B:20,1.9,61.81175,20,0,80,0,2.9845080776,0.3626979293,8.2286327997,0.5497477878,0.0515919292,1
Candidate_0703,Polyol_D:10+Polyol_B:90,2.8,164.6645,90,0,10,0,1.0088924437,0.1351284407,7.466173946,0.9717602821,0.065096329,1
Candidate_0704,Polyol_D:40+Polyol_C:60,2.8,88.088,0,60,40,0,2.4451505095,0.2607205062,9.3784357262,0.6420344417,0.0545451021,1
Candidate_0705,Polyol_A:10+Polyol_B:90,1.6,92.092,90,0,0,10,1.4782193779,0.2273281548,6.5025794074,1.0361983589,0.0671583475,0
Candidate_0706,Polyol_A:90+Polyol_C:10,2.6,38.57425,0,10,0,90,7.6508240413,0.6293042685,12.1575912062,0.9646055184,0.0648673766,1
Candidate_0707,Polyol_D:40+Polyol_C:60,1.6,50.336000000000006,0,60,40,0,3.3460640174,0.4213437361,7.9414115613,0.6420344417,0.0545451021,1
Candidate_0708,Polyol_B:30+Polyol_C:70,2.8,122.6225,30,70,0,0,1.5284814348,0.1840352615,8.3053726877,0.8044811323,0.0597433962,1
Candidate_0709,Polyol_D:60+Polyol_A:40,2.3,46.046,0,0,60,40,5.5776161087,0.5250643408,10.6227288268,0.6636901986,0.0552380864,1
Candidate_0710,Polyol_D:80+Polyol_C:20,3.0,81.51,0,20,80,0,2.837893372,0.279941631,10.1374467312,0.7674640638,0.05855885,1
Candidate_0711,Polyol_A:80+Polyol_C:20,1.8,30.888000000000005,0,20,0,80,7.8835750847,0.7530731517,10.4685382382,0.8931452162,0.0625806469,1
Candidate_0712,Polyol_D:70+Polyol_C:30,3.0,84.7275,0,30,70,0,2.6971343914,0.269272456,10.0163768394,0.7484509604,0.0579504307,1
Candidate_0713,Polyol_A:80+Polyol_C:20,2.0,34.32,0,20,0,80,7.4820125702,0.6951741364,10.762789032,0.8056452162,0.0597806469,1
Candidate_0714,Polyol_A:60+Polyol_B:40,3.0,97.5975,40,0,0,60,2.4508544233,0.2436137528,10.0604107737,0.8434977878,0.0609919292,1
Candidate_0715,Polyol_D:10+Polyol_A:90,2.2,30.28025,0,0,10,90,9.3379745349,0.794827904,11.7484231333,0.8039560861,0.0597265948,1
Candidate_0716,Polyol_D:70+Polyol_A:30,3.0,63.81375,0,0,70,30,4.2326321842,0.3711115597,11.4052825175,0.9401668103,0.0640853379,1
Candidate_0717,Polyol_D:50+Polyol_B:50,2.7,118.243125,50,0,50,0,1.6120979865,0.1939718131,8.3109909649,0.7832311323,0.0590633962,1
Candidate_0718,Polyol_A:90+Polyol_B:10,2.2,38.538500000000006,10,0,0,90,6.7928321808,0.6235680241,10.8934902346,0.7305188677,0.0573766038,1
Candidate_0719,Polyol_D:10+Polyol_B:90,1.5,88.213125,90,0,10,0,1.4171829065,0.2272897736,6.2351371295,1.0155102821,0.066496329,0
Candidate_0720,Polyol_D:60+Polyol_C:40,2.2,64.49300000000001,0,40,60,0,3.1606790359,0.3569506088,8.8546677274,0.380146587,0.0461646908,1
Candidate_0721,Polyol_A:90+Polyol_C:10,1.9,28.188875,0,10,0,90,9.1870255806,0.8326512387,11.0334617342,0.9208555184,0.0634673766,1
Candidate_0722,Polyol_D:30+Polyol_C:70,2.1,68.31825,0,70,30,0,2.794117967,0.332700098,8.3983082165,0.4397477878,0.0480719292,1
Candidate_0723,Polyol_B:40+Polyol_C:60,3.0,139.425,40,60,0,0,1.3366335422,0.1597709869,8.365934066,0.9211645981,0.0634772671,1
Candidate_0724,Polyol_A:60+Polyol_B:40,1.7,55.30525,40,0,0,60,3.4426950235,0.4097650681,8.4016313049,0.7122477878,0.0567919292,1
Candidate_0725,Polyol_D:50+Polyol_B:50,2.6,113.86375,50,0,50,0,1.6547935633,0.201887953,8.1965938959,0.7394811323,0.0576633962,1
Candidate_0726,Polyol_D:70+Polyol_B:30,1.5,54.42937500000001,30,0,70,0,2.8614608641,0.3808847149,7.5126691943,0.7783767068,0.0589080546,1
Candidate_0727,Polyol_B:70+Polyol_C:30,1.9,103.585625,70,30,0,0,1.418824793,0.2095832707,6.7697425876,0.7808106388,0.0589859404,1
Candidate_0728,Polyol_D:80+Polyol_A:20,2.5,56.30624999999999,0,0,80,20,4.3922096182,0.4243295007,10.3509409803,0.693345713,0.0561870628,1
Candidate_0729,Polyol_D:30+Polyol_C:70,1.5,48.79875,0,70,30,0,3.2685795736,0.4229447169,7.7281484852,0.7022477878,0.0564719292,1
Candidate_0730,Polyol_A:60+Polyol_C:40,1.6,34.892,0,40,0,60,6.0761192484,0.642036863,9.4638167973,0.8629393612,0.0616140596,1
Candidate_0731,Polyol_D:100,2.8,70.07,0,0,100,0,3.300618772,0.3279330372,10.0649169105,0.6978520574,0.0563312658,1
Candidate_0732,Polyol_D:40+Polyol_C:60,2.6,81.796,0,60,40,0,2.5763826851,0.2824351526,9.1220326555,0.5545344417,0.0517451021,1
Candidate_0733,Polyol_D:50+Polyol_C:50,2.6,79.00750000000001,0,50,50,0,2.7077826308,0.2930067416,9.2413663114,0.5375,0.0512,1
Candidate_0734,Polyol_A:80+Polyol_B:20,1.5,33.783750000000005,20,0,0,80,5.9075755449,0.6433916649,9.1819273818,0.913345713,0.0632270628,1
Candidate_0735,Polyol_D:90+Polyol_B:10,2.5,71.94687499999999,10,0,90,0,2.9971760097,0.3226640839,9.2888429771,0.5429635,0.051374832,1
Candidate_0736,Polyol_B:100,2.1,131.38125,100,0,0,0,1.0850327626,0.1657870551,6.5447375361,0.7383979426,0.0576287342,1
Candidate_0737,Polyol_D:100,1.8,45.04500000000001,0,0,100,0,4.2866619823,0.4892186041,8.762262813,0.6103520574,0.0535312658,1
Candidate_0738,Polyol_D:90+Polyol_C:10,1.6,41.756,0,10,90,0,4.3052193296,0.5098024125,8.4448782983,0.6997429986,0.056391776,1
Candidate_0739,Polyol_D:20+Polyol_C:80,2.2,73.931,0,80,20,0,2.5899928773,0.3083981388,8.3982117644,0.4119270923,0.047181667,1
Candidate_0740,Polyol_D:30+Polyol_B:70,1.7,87.212125,70,0,30,0,1.6644207034,0.2444245556,6.8095478354,0.8609366027,0.0615499713,1
Candidate_0741,Polyol_D:70+Polyol_A:30,2.9,61.686625,0,0,70,30,4.3447312464,0.3862569098,11.2482939109,0.8964168103,0.0626853379,1
Candidate_0742,Polyol_B:80+Polyol_C:20,2.2,125.84,80,20,0,0,1.2209985282,0.1764290164,6.9206219776,0.6731384704,0.0555404311,1
Candidate_0743,Polyol_D:50+Polyol_B:50,2.8,122.6225,50,0,50,0,1.5705040047,0.1863660696,8.4269846348,0.8269811323,0.0604633962,1
Candidate_0744,Polyol_A:60+Polyol_C:40,2.0,43.615,0,40,0,60,5.4728902488,0.5471077251,10.0033137862,0.6879393612,0.0560140596,1
Candidate_0745,Polyol_B:90+Polyol_C:10,2.7,161.67937500000002,90,10,0,0,0.9980727266,0.1372732024,7.2707033041,0.9143860146,0.0632603525,1
Candidate_0746,Polyol_B:20+Polyol_C:80,3.0,123.3375,20,80,0,0,1.5800486589,0.1812128656,8.7192962478,0.8609533103,0.0615505059,1
Candidate_0747,Polyol_D:80+Polyol_C:20,2.4,65.208,0,20,80,0,3.3197883616,0.3558755605,9.3285089782,0.5049640638,0.05015885,1
Candidate_0748,Polyol_D:50+Polyol_B:50,1.7,74.449375,50,0,50,0,2.0937041288,0.2893719415,7.2353391209,0.7832311323,0.0590633962,1
Candidate_0749,Polyol_D:20+Polyol_B:80,2.2,121.121,80,0,20,0,1.3115499588,0.1851511626,7.0836712036,0.6768676315,0.0556597642,1
Candidate_0750,Polyol_A:40+Polyol_C:60,2.8,74.074,0,60,0,40,3.3788950369,0.3243408375,10.417729271,0.76806112,0.0585779558,1
Candidate_0751,Polyol_B:50+Polyol_C:50,1.5,73.734375,50,50,0,0,1.8287909819,0.2745612376,6.6607762905,0.9049607241,0.0629587432,1
Candidate_0752,Polyol_B:60+Polyol_C:40,2.8,145.14499999999998,60,40,0,0,1.2068874542,0.1543283077,7.8202597564,0.887293517,0.0623933925,1
Candidate_0753,Polyol_B:70+Polyol_C:30,2.6,141.74875000000003,70,30,0,0,1.1815770775,0.1583996284,7.4594687446,0.8245606388,0.0603859404,1
Candidate_0754,Polyol_A:30+Polyol_B:70,1.8,85.58550000000001,70,0,0,30,1.9386428456,0.2628912126,7.3743158873,0.8548691259,0.061355812,1
Candidate_0755,Polyol_D:90+Polyol_C:10,3.0,78.29249999999999,0,10,90,0,2.9858078672,0.2912037588,10.2533287333,0.7872429986,0.059191776,1
Candidate_0756,Polyol_D:10+Polyol_A:90,2.3,31.656625,0,0,10,90,9.097044054,0.7636622562,11.9123918731,0.8477060861,0.0611265948,1
Candidate_0757,Polyol_A:40+Polyol_C:60,2.5,66.1375,0,60,0,40,3.6545327916,0.3656932732,9.9934372871,0.63681112,0.0543779558,1
Candidate_0758,Polyol_D:20+Polyol_B:80,2.3,126.6265,80,0,20,0,1.2777104616,0.1778912817,7.1825355896,0.7206176315,0.0570597642,1
Candidate_0759,Polyol_A:20+Polyol_B:80,3.0,157.65750000000003,80,0,0,20,1.2046673217,0.145051798,8.3050836869,1.0790211633,0.0685286772,0
Candidate_0760,Polyol_D:80+Polyol_C:20,2.8,76.076,0,20,80,0,2.9902042092,0.3032571486,9.8602925717,0.6799640638,0.05575885,1
Candidate_0761,Polyol_A:70+Polyol_C:30,3.0,58.45125000000001,0,30,0,70,4.895369321,0.4109952394,11.9110122246,1.0057743345,0.0661847787,0
Candidate_0762,Polyol_C:100,2.6,92.95,0,100,0,0,2.1003671525,0.2442764905,8.5983188476,0.5948147528,0.0530340721,1
Candidate_0763,Polyol_B:80+Polyol_C:20,3.0,171.6,80,20,0,0,0.9905947942,0.1281137604,7.7321498596,1.0231384704,0.0667404311,0
Candidate_0764,Polyol_B:100,1.5,93.84375,100,0,0,0,1.2692792381,0.2107566529,6.0224871691,1.0008979426,0.0660287342,0
Candidate_0765,Polyol_D:60+Polyol_A:40,2.0,40.04,0,0,60,40,6.0326173928,0.5920083911,10.1900876465,0.7074401986,0.0566380864,1
Candidate_0766,Polyol_A:100,2.1,26.27625,0,0,0,100,10.560077148,0.8983987143,11.7543324357,0.8195139163,0.0602244453,1
Candidate_0767,Polyol_A:50+Polyol_C:50,2.6,62.74125,0,50,0,50,4.0668314426,0.3875114742,10.4947381265,0.7257125894,0.0572228029,1
Candidate_0768,Polyol_B:40+Polyol_C:60,2.2,102.24500000000002,40,60,0,0,1.6475228797,0.220025062,7.4878873549,0.5711645981,0.0522772671,1
Candidate_0769,Polyol_D:70+Polyol_A:30,2.5,53.17812500000001,0,0,70,30,4.8236131103,0.4532766826,10.6416528693,0.7214168103,0.0570853379,1
Candidate_0770,Polyol_B:20+Polyol_C:80,1.7,69.89125,20,80,0,0,2.2194813381,0.3048050504,7.281642267,0.7297033103,0.0573505059,1
Candidate_0771,Polyol_A:80+Polyol_C:20,2.8,48.048,0,20,0,80,6.0701487597,0.5048000297,12.0248581662,0.9806452162,0.0653806469,1
Candidate_0772,Polyol_D:20+Polyol_B:80,2.9,159.6595,80,0,20,0,1.0922401236,0.1399342384,7.8053815572,0.9831176315,0.0654597642,1
Candidate_0773,Polyol_A:50+Polyol_C:50,2.5,60.32812499999999,0,50,0,50,4.1745393584,0.4033261175,10.3502827557,0.6819625894,0.0558228029,1
Candidate_0774,Polyol_D:70+Polyol_C:30,2.8,79.07900000000001,0,30,70,0,2.8418906395,0.2916993692,9.7425326874,0.6609509604,0.0551504307,1
Candidate_0775,Polyol_D:30+Polyol_C:70,2.5,81.33125,0,70,30,0,2.5167216689,0.2835083221,8.877064525,0.5272477878,0.0508719292,1
Candidate_0776,Polyol_D:30+Polyol_A:70,2.4,39.039,0,0,30,70,7.2350883027,0.6252677159,11.571184821,0.809414071,0.0599012503,1
Candidate_0777,Polyol_D:10+Polyol_A:90,2.1,28.903875000000003,0,0,10,90,9.5852859343,0.8272654462,11.5867113497,0.8477060861,0.0611265948,1
Candidate_0778,Polyol_D:70+Polyol_A:30,2.8,59.5595,0,0,70,30,4.459799194,0.4020203533,11.0934661821,0.8526668103,0.0612853379,1
Candidate_0779,Polyol_A:80+Polyol_B:20,2.9,65.31525,20,0,0,80,4.0970933621,0.3675111506,11.1482151103,0.913345713,0.0632270628,1
Candidate_0780,Polyol_A:20+Polyol_B:80,2.5,131.38125,80,0,0,20,1.372868899,0.1771666662,7.7490248498,0.8602711633,0.0615286772,1
Candidate_0781,Polyol_B:60+Polyol_C:40,2.9,150.32875,60,40,0,0,1.1757483701,0.1482770082,7.9294044581,0.931043517,0.0637933925,1
Candidate_0782,Polyol_A:40+Polyol_C:60,2.0,52.91,0,60,0,40,4.1647966368,0.4466587725,9.3243363694,0.59306112,0.0529779558,1
Candidate_0783,Polyol_A:20+Polyol_B:80,1.7,89.33925,80,0,0,20,1.6921862653,0.2439811349,6.935725853,0.9477711633,0.0643286772,1
Candidate_0784,Polyol_A:10+Polyol_C:90,2.8,93.5935,0,90,0,10,2.3027991654,0.2475799262,9.3012353659,0.7468078301,0.0578978506,1
Candidate_0785,Polyol_A:80+Polyol_B:20,2.7,60.81075,20,0,0,80,4.3169859508,0.3981200766,10.8434269057,0.825845713,0.0604270628,1
Candidate_0786,Polyol_D:10+Polyol_A:90,2.8,38.5385,0,0,10,90,7.9824895909,0.6252337741,12.7672079179,1.0664560861,0.0681265948,0
Candidate_0787,Polyol_D:40+Polyol_B:60,2.8,133.13299999999998,60,0,40,0,1.3961485628,0.1708368898,8.1724068156,0.8673691259,0.061755812,1
Candidate_0788,Polyol_D:80+Polyol_C:20,2.0,54.34,0,20,80,0,3.685699703,0.417623839,8.8254054456,0.5049640638,0.05015885,1
Candidate_0789,Polyol_D:90+Polyol_B:10,1.5,43.168125,10,0,90,0,3.8925672253,0.4813582494,8.0866324201,0.7179635,0.056974832,1
Candidate_0790,Polyol_D:40+Polyol_B:60,2.6,123.6235,60,0,40,0,1.4710803973,0.1850653934,7.948976143,0.7798691259,0.058955812,1
Candidate_0791,Polyol_D:20+Polyol_A:80,2.1,31.5315,0,0,20,80,8.6507862535,0.762230224,11.3493088849,0.8049738852,0.0597591643,1
Candidate_0792,Polyol_A:20+Polyol_C:80,2.0,62.205,0,80,0,20,3.2274343738,0.3723074186,8.6687350639,0.5364216892,0.0511654941,1
Candidate_0793,Polyol_D:60+Polyol_C:40,2.3,67.4245,0,40,60,0,3.0791298823,0.3429543752,8.9782493087,0.423896587,0.0475646908,1
Candidate_0794,Polyol_A:30+Polyol_B:70,2.2,104.60450000000002,70,0,0,30,1.7461769745,0.224021114,7.7946982026,0.6798691259,0.055755812,1
Candidate_0795,Polyol_A:10+Polyol_B:90,3.0,172.6725,90,0,0,10,1.0251926116,0.1298519025,7.8950911929,1.1236983589,0.0699583475,0
Candidate_0796,Polyol_A:70+Polyol_B:30,2.2,60.560500000000005,30,0,0,70,3.7816041289,0.3976654993,9.5095102174,0.5085442273,0.0502734153,1
Candidate_0797,Polyol_D:90+Polyol_A:10,1.6,38.038,0,0,90,10,5.0440479141,0.5692130123,8.8614416837,0.7980427329,0.0595373675,1
Candidate_0798,Polyol_A:50+Polyol_C:50,1.6,38.61,0,50,0,50,5.2817768236,0.5780991878,9.136454323,0.8132125894,0.0600228029,1
Candidate_0799,Polyol_A:30+Polyol_C:70,1.9,54.679625,0,70,0,30,3.7597583018,0.4236985878,8.8736625753,0.5954635,0.053054832,1
Candidate_0800,Polyol_A:90+Polyol_B:10,2.8,49.049,10,0,0,90,5.8067958928,0.490515981,11.8381380376,0.9930188677,0.0657766038,1
Candidate_0801,Polyol_D:80+Polyol_A:20,2.4,54.054,0,0,80,20,4.5085350058,0.4416467162,10.2084649128,0.649595713,0.0547870628,1
Candidate_0802,Polyol_D:10+Polyol_A:90,1.8,24.77475,0,0,10,90,10.3672180938,0.932739186,11.114809209,0.9789560861,0.0653265948,1
Candidate_0803,Polyol_A:60+Polyol_B:40,2.2,71.57150000000001,40,0,0,60,3.0209018476,0.3354872628,9.0045202393,0.4934977878,0.0497919292,1
Candidate_0804,Polyol_A:20+Polyol_C:80,2.1,65.31525,0,80,0,20,3.1441628557,0.3577090359,8.7897216464,0.4926716892,0.0497654941,1
Candidate_0805,Polyol_A:100,2.7,33.783750000000005,0,0,0,100,9.0271938094,0.706705459,12.7736296556,0.9945139163,0.0658244453,1
Candidate_0806,Polyol_A:40+Polyol_B:60,2.1,89.33924999999999,60,0,0,40,2.1221204011,0.2634613834,8.0547683058,0.6689950486,0.0554078416,1
Candidate_0807,Polyol_B:90+Polyol_C:10,2.0,119.7625,90,10,0,0,1.1984747814,0.1816302666,6.5984309988,0.7831360146,0.0590603525,1
Candidate_0808,Polyol_D:50+Polyol_C:50,3.0,91.1625,0,50,50,0,2.4389575896,0.249683875,9.7681822256,0.7125,0.0568,1
Candidate_0809,Polyol_A:90+Polyol_B:10,3.0,52.5525,10,0,0,90,5.5110174502,0.4528033202,12.1708856893,1.0805188677,0.0685766038,0
Candidate_0810,Polyol_D:80+Polyol_A:20,2.8,63.063,0,0,80,20,4.060933675,0.3763465061,10.7904115205,0.824595713,0.0603870628,1
Candidate_0811,Polyol_D:70+Polyol_C:30,2.9,81.90325,0,30,70,0,2.7685665931,0.2802616734,9.8785058975,0.7047009604,0.0565504307,1
Candidate_0812,Polyol_B:40+Polyol_C:60,1.5,69.7125,40,60,0,0,1.9783274009,0.291121719,6.795533523,0.8774145981,0.0620772671,1
Candidate_0813,Polyol_D:80+Polyol_B:20,1.6,52.05200000000001,20,0,80,0,3.2279732035,0.4089407734,7.8934980651,0.6809977878,0.0557919292,1
Candidate_0814,Polyol_B:60+Polyol_C:40,2.3,119.22624999999998,60,40,0,0,1.3753990173,0.1884970207,7.2966618361,0.668543517,0.0553933925,1
Candidate_0815,Polyol_B:70+Polyol_C:30,2.5,136.29687500000003,70,30,0,0,1.212870532,0.1648640399,7.3567924976,0.7808106388,0.0589859404,1
Candidate_0816,Polyol_D:10+Polyol_C:90,2.6,90.1615,0,90,10,0,2.217868425,0.2535495101,8.7472794739,0.6023559162,0.0532753893,1
Candidate_0817,Polyol_D:80+Polyol_A:20,2.1,47.29725,0,0,80,20,4.8763246093,0.497955282,9.7926958217,0.605845713,0.0533870628,1
Candidate_0818,Polyol_B:10+Polyol_C:90,1.5,57.64687499999999,10,90,0,0,2.5568386627,0.3534140258,7.2346836166,0.7840821891,0.0590906301,1
Candidate_0819,Polyol_D:80+Polyol_A:20,1.7,38.28825,0,0,80,20,5.4137993771,0.5843559367,9.2645578445,0.780845713,0.0589870628,1
Candidate_0820,Polyol_D:60+Polyol_B:40,2.6,104.104,40,0,60,0,1.8756664108,0.2216616257,8.4618454145,0.6954716602,0.0562550931,1
Candidate_0821,Polyol_B:20+Polyol_C:80,2.9,119.22625,20,80,0,0,1.621895426,0.1886083029,8.5992790394,0.8172033103,0.0601505059,1
Candidate_0822,Polyol_D:90+Polyol_A:10,2.2,52.30225000000001,0,0,90,10,4.3118622588,0.4477588144,9.6298768902,0.5355427329,0.0511373675,1
Candidate_0823,Polyol_B:100,2.5,156.40625,100,0,0,0,0.9773121598,0.1412744093,6.9178286757,0.8258979426,0.0604287342,1
Candidate_0824,Polyol_A:30+Polyol_C:70,2.9,83.458375,0,70,0,30,2.8949165762,0.2840136569,10.1928780748,0.7704635,0.058654832,1
Candidate_0825,Polyol_D:70+Polyol_A:30,2.2,46.79675000000001,0,0,70,30,5.2171056197,0.5110680326,10.208240953,0.5901668103,0.0528853379,1
Candidate_0826,Polyol_B:50+Polyol_C:50,2.8,137.6375,50,50,0,0,1.3019162129,0.1632322974,7.9758493466,0.8612107241,0.0615587432,1
Candidate_0827,Polyol_B:10+Polyol_C:90,3.0,115.29374999999996,10,90,0,0,1.7274978434,0.1939577297,8.9065686925,0.8278321891,0.0604906301,1
Candidate_0828,Polyol_B:60+Polyol_C:40,2.6,134.7775,60,40,0,0,1.2716615716,0.1671818599,7.6064566582,0.799793517,0.0595933925,1
Candidate_0829,Polyol_D:40+Polyol_B:60,2.2,104.60450000000002,60,0,40,0,1.6332247701,0.217176251,7.5202733366,0.6048691259,0.053355812,1
Candidate_0830,Polyol_D:60+Polyol_B:40,2.4,96.096,40,0,60,0,1.9763341541,0.2401231725,8.2305015943,0.6079716602,0.0534550931,1
Candidate_0831,Polyol_A:100,2.5,31.28125,0,0,0,100,9.5116868,0.7655648844,12.4244032,0.9070139163,0.0630244453,1
Candidate_0832,Polyol_D:80+Polyol_C:20,2.1,57.057,0,20,80,0,3.5906044124,0.4012485741,8.9485786232,0.4612140638,0.04875885,1
Candidate_0833,Polyol_D:60+Polyol_B:40,1.9,76.076,40,0,60,0,2.2522796504,0.2932871052,7.6794363289,0.6517216602,0.0548550931,1
Candidate_0834,Polyol_A:50+Polyol_C:50,2.8,67.5675,0,50,0,50,3.8596808741,0.3577181762,10.7897253496,0.8132125894,0.0600228029,1
Candidate_0835,Polyol_D:20+Polyol_B:80,2.7,148.6485,80,0,20,0,1.1508610744,0.1515889508,7.5919852235,0.8956176315,0.0626597642,1
Candidate_0836,Polyol_D:100,2.6,65.065,0,0,100,0,3.4777642608,0.3552456183,9.7897456903,0.6103520574,0.0535312658,1
Candidate_0837,Polyol_A:80+Polyol_C:20,2.4,41.184,0,20,0,80,6.7392083602,0.5923883226,11.3763355956,0.8056452162,0.0597806469,1
Candidate_0838,Polyol_B:80+Polyol_C:20,2.9,165.88000000000002,80,20,0,0,1.0168301821,0.1333421821,7.6257202792,0.9793884704,0.0653404311,1
Candidate_0839,Polyol_D:60+Polyol_A:40,2.6,52.05200000000001,0,0,60,40,5.1569326265,0.4656902944,11.0737386804,0.7949401986,0.0594380864,1
Candidate_0840,Polyol_D:90+Polyol_B:10,2.9,83.45837499999999,10,0,90,0,2.6996203805,0.274956195,9.8183653594,0.7179635,0.056974832,1
Candidate_0841,Polyol_A:100,2.8,35.035,0,0,0,100,8.7942818286,0.6789951416,12.9519068536,1.0382639163,0.0672244453,0
Candidate_0842,Polyol_B:50+Polyol_C:50,2.2,108.14375,50,50,0,0,1.52299108,0.2075089194,7.3394005623,0.5987107241,0.0531587432,1
Candidate_0843,Polyol_D:40+Polyol_B:60,2.0,95.095,60,0,40,0,1.7208805765,0.2352642242,7.3146717595,0.6923691259,0.056155812,1
Candidate_0844,Polyol_B:50+Polyol_C:50,2.6,127.80625,50,50,0,0,1.3717905607,0.1768274368,7.7577924847,0.7737107241,0.0587587432,1
Candidate_0845,Polyol_A:40+Polyol_C:60,2.1,55.55550000000001,0,60,0,40,4.0573400944,0.4291450315,9.4544729559,0.54931112,0.0515779558,1
Candidate_0846,Polyol_A:80+Polyol_B:20,2.1,47.29725,20,0,0,80,5.0500416465,0.5061098092,9.9781540586,0.650845713,0.0548270628,1
Candidate_0847,Polyol_A:50+Polyol_C:50,2.7,65.154375,0,50,0,50,3.9619025148,0.3723169319,10.6412096117,0.7694625894,0.0586228029,1
Candidate_0848,Polyol_B:70+Polyol_C:30,2.3,125.39312499999998,70,30,0,0,1.2779657635,0.1785950824,7.155660428,0.6933106388,0.0561859404,1
Candidate_0849,Polyol_D:70+Polyol_A:30,1.6,34.034,0,0,70,30,6.1030081991,0.6496948021,9.3936540341,0.8526668103,0.0612853379,1
Candidate_0850,Polyol_B:70+Polyol_C:30,2.1,114.489375,70,30,0,0,1.3465546813,0.1934697431,6.9600272371,0.6933106388,0.0561859404,1
Candidate_0851,Polyol_D:90+Polyol_C:10,1.8,46.9755,0,10,90,0,4.0859260926,0.4706069404,8.6822478418,0.6122429986,0.053591776,1
Candidate_0852,Polyol_D:60+Polyol_B:40,2.1,84.084,40,0,60,0,2.1375561816,0.270738121,7.8952907476,0.5642216602,0.0520550931,1
Candidate_0853,Polyol_B:70+Polyol_C:30,3.0,163.55625,70,30,0,0,1.0642716842,0.1349792596,7.8847053074,0.9995606388,0.0659859404,1
Candidate_0854,Polyol_B:10+Polyol_C:90,2.8,107.6075,10,90,0,0,1.8202133222,0.2101119003,8.6630662973,0.7403321891,0.0576906301,1
Candidate_0855,Polyol_A:40+Polyol_B:60,1.6,68.068,60,0,0,40,2.4184212904,0.3217924604,7.5154690926,0.8877450486,0.0624078416,1
Candidate_0856,Polyol_A:50+Polyol_B:50,2.3,86.33624999999999,50,0,0,50,2.4129535261,0.2778471297,8.6844644705,0.6075261148,0.0534408357,1
Candidate_0857,Polyol_B:30+Polyol_C:70,1.5,65.69062499999998,30,70,0,0,2.1470452831,0.3095523984,6.9359672028,0.8482311323,0.0611433962,1
Candidate_0858,Polyol_B:40+Polyol_C:60,2.0,92.95,40,60,0,0,1.7359460712,0.2383503043,7.283171199,0.6586645981,0.0550772671,1
Candidate_0859,Polyol_D:10+Polyol_B:90,2.7,158.78362500000003,90,0,10,0,1.0356124354,0.140643137,7.3634054049,0.9280102821,0.063696329,1
Candidate_0860,Polyol_B:90+Polyol_C:10,2.2,131.73875,90,10,0,0,1.1374285502,0.1676658681,6.783900404,0.6956360146,0.0562603525,1
Candidate_0861,Polyol_D:90+Polyol_A:10,2.5,59.434375,0,0,90,10,3.9866463969,0.3971264432,10.0387331678,0.6667927329,0.0553373675,1
Candidate_0862,Polyol_A:10+Polyol_B:90,2.7,155.40525000000002,90,0,0,10,1.1088240315,0.1464076112,7.5735408994,0.9924483589,0.0657583475,1
Candidate_0863,Polyol_A:20+Polyol_C:80,1.8,55.9845,0,80,0,20,3.4006520275,0.4033158117,8.4317349549,0.6239216892,0.0539654941,1
Candidate_0864,Polyol_D:10+Polyol_B:90,1.9,111.736625,90,0,10,0,1.2764868813,0.1936835689,6.5905791016,0.8405102821,0.060896329,1
Candidate_0865,Polyol_B:20+Polyol_C:80,2.0,82.225,20,80,0,0,2.0520802263,0.2703378284,7.5907994022,0.5984533103,0.0531505059,1
Candidate_0866,Polyol_B:20+Polyol_C:80,2.4,98.67,20,80,0,0,1.8483524436,0.2303667014,8.0235226373,0.5984533103,0.0531505059,1
Candidate_0867,Polyol_D:50+Polyol_A:50,1.5,28.153125000000003,0,0,50,50,7.5494460312,0.7746223412,9.7459699135,0.957885744,0.0646523438,1
Candidate_0868,Polyol_A:60+Polyol_B:40,2.1,68.31825,40,0,0,60,3.100908862,0.3491787577,8.8805770503,0.5372477878,0.0511919292,1
Candidate_0869,Polyol_A:30+Polyol_C:70,2.2,63.31325000000002,0,70,0,30,3.476184068,0.3757869365,9.2504122151,0.4642135,0.048854832,1
Candidate_0870,Polyol_D:20+Polyol_C:80,1.5,50.4075,0,80,20,0,3.1100350353,0.4080507715,7.6216864481,0.7181770923,0.056981667,1
Candidate_0871,Polyol_D:50+Polyol_B:50,2.2,96.34625,50,0,50,0,1.8371870374,0.2369177076,7.7545366117,0.5644811323,0.0520633962,1
Candidate_0872,Polyol_A:50+Polyol_C:50,1.8,43.43625,0,50,0,50,5.0127410676,0.5336528101,9.3932627595,0.7257125894,0.0572228029,1
Candidate_0873,Polyol_A:90+Polyol_C:10,2.3,34.123375,0,10,0,90,8.2749499573,0.7095385815,11.6624383415,0.8333555184,0.0606673766,1
Candidate_0874,Polyol_B:50+Polyol_C:50,1.8,88.48125,50,50,0,0,1.6908571149,0.2435139728,6.9435732806,0.7737107241,0.0587587432,1
Candidate_0875,Polyol_A:20+Polyol_C:80,1.7,52.87425,0,80,0,20,3.490716528,0.4197754422,8.3156758989,0.6676716892,0.0553654941,1
Candidate_0876,Polyol_D:30+Polyol_C:70,2.8,91.091,0,70,30,0,2.3269016428,0.2514493249,9.2539586015,0.6584977878,0.0550719292,1
Candidate_0877,Polyol_B:100,2.0,125.125,100,0,0,0,1.113769291,0.1725529532,6.4546521547,0.7821479426,0.0590287342,1
Candidate_0878,Polyol_A:90+Polyol_C:10,2.5,37.090625,0,10,0,90,7.8534521372,0.6549866629,11.9902474073,0.9208555184,0.0634673766,1
Candidate_0879,Polyol_A:10+Polyol_B:90,1.8,103.6035,90,0,0,10,1.402923908,0.2098503357,6.6853546057,0.9486983589,0.0643583475,1
Candidate_0880,Polyol_A:60+Polyol_B:40,1.6,52.05200000000001,40,0,0,60,3.5338730109,0.4264878977,8.2859866122,0.7559977878,0.0581919292,1
Candidate_0881,Polyol_A:20+Polyol_B:80,2.1,110.36025,80,0,0,20,1.5241882741,0.2079070088,7.3311057819,0.7727711633,0.0587286772,1
Candidate_0882,Polyol_A:20+Polyol_C:80,2.8,87.08699999999999,0,80,0,20,2.61841404,0.2703506735,9.6852506645,0.7114216892,0.0567654941,1
Candidate_0883,Polyol_A:10+Polyol_B:90,2.2,126.62650000000004,90,0,0,10,1.2636434971,0.1788226601,7.0664618013,0.7736983589,0.0587583475,1
Candidate_0884,Polyol_A:20+Polyol_B:80,2.3,120.87075,80,0,0,20,1.4465513049,0.1919223583,7.5371692883,0.7727711633,0.0587286772,1
Candidate_0885,Polyol_D:60+Polyol_B:40,1.7,68.068,40,0,60,0,2.3731603722,0.3177141282,7.4694832927,0.7392216602,0.0576550931,1
Candidate_0886,Polyol_B:50+Polyol_C:50,2.1,103.228125,50,50,0,0,1.5633267067,0.2159775191,7.2383770001,0.6424607241,0.0545587432,1
Candidate_0887,Polyol_A:10+Polyol_C:90,2.3,76.88037499999999,0,90,0,10,2.6243273125,0.3023948047,8.6784801576,0.5280578301,0.0508978506,1
Candidate_0888,Polyol_B:60+Polyol_C:40,1.9,98.49124999999998,60,40,0,0,1.5269972653,0.221203303,6.9031395321,0.756043517,0.0581933925,1
Candidate_0889,Polyol_D:80+Polyol_C:20,1.6,43.472,0,20,80,0,4.0919422629,0.4900861151,8.3494352056,0.6799640638,0.05575885,1
Candidate_0890,Polyol_D:70+Polyol_B:30,2.6,94.34425000000002,30,0,70,0,2.1464043962,0.2453036286,8.7499904026,0.6471267068,0.0547080546,1
Candidate_0891,Polyol_B:30+Polyol_C:70,2.9,127.00187499999998,30,70,0,0,1.4890448561,0.1768191357,8.4212879453,0.8482311323,0.0611433962,1
Candidate_0892,Polyol_D:80+Polyol_B:20,2.6,84.5845,20,0,80,0,2.485455815,0.274121198,9.0669960322,0.5934977878,0.0529919292,1
Candidate_0893,Polyol_D:50+Polyol_C:50,1.7,51.65875,0,50,50,0,3.4259836391,0.4199751814,8.1575859501,0.58125,0.0526,1
Candidate_0894,Polyol_D:50+Polyol_B:50,1.8,78.82875,50,0,50,0,2.0396841547,0.2780255054,7.3363202844,0.7394811323,0.0576633962,1
Candidate_0895,Polyol_A:40+Polyol_B:60,2.4,102.102,60,0,0,40,1.9620625946,0.2336692853,8.396750101,0.7127450486,0.0568078416,1
Candidate_0896,Polyol_D:60+Polyol_C:40,2.8,82.082,0,40,60,0,2.701880093,0.2807872939,9.6225155186,0.642646587,0.0545646908,1
Candidate_0897,Polyol_A:70+Polyol_C:30,2.6,50.65775000000001,0,30,0,70,5.4349432214,0.4823073814,11.2686295736,0.8307743345,0.0605847787,1
Candidate_0898,Polyol_A:30+Polyol_C:70,2.5,71.946875,0,70,0,30,3.2139980032,0.3332931139,9.6431575376,0.5954635,0.053054832,1
Candidate_0899,Polyol_D:10+Polyol_C:90,2.7,93.62925,0,90,10,0,2.1606448692,0.2436076916,8.8693622739,0.6461059162,0.0546753893,1
Candidate_0900,Polyol_A:30+Polyol_C:70,2.3,66.191125,0,70,0,30,3.3864945217,0.36105212,9.3795170674,0.5079635,0.050254832,1
Candidate_0901,Polyol_D:50+Polyol_A:50,2.5,46.92187500000001,0,0,50,50,5.8128780369,0.5192448834,11.1948682076,0.782885744,0.0590523438,1
Candidate_0902,Polyol_A:20+Polyol_B:80,1.6,84.08400000000002,80,0,0,20,1.7370029385,0.2539381939,6.8402586924,0.9915211633,0.0657286772,1
Candidate_0903,Polyol_A:80+Polyol_C:20,1.5,25.74,0,20,0,80,8.5266879697,0.8490876076,10.042176913,1.0243952162,0.0667806469,0
Candidate_0904,Polyol_D:10+Polyol_B:90,2.4,141.14100000000002,90,0,10,0,1.1200938659,0.1585746942,7.0635095442,0.7967602821,0.059496329,1
Candidate_0905,Polyol_A:80+Polyol_B:20,3.0,67.56750000000001,20,0,0,80,3.9913836421,0.3531008322,11.3038069512,0.957095713,0.0646270628,1
Candidate_0906,Polyol_A:100,2.2,27.527500000000003,0,0,0,100,10.2876150144,0.8631719969,11.9183836496,0.7757639163,0.0588244453,1
Candidate_0907,Polyol_A:100,1.6,20.020000000000003,0,0,0,100,12.0345270652,1.0973066676,10.9673324881,1.0382639163,0.0672244453,0
Candidate_0908,Polyol_A:50+Polyol_C:50,1.9,45.849375,0,50,0,50,4.8834065838,0.5127279841,9.5243613283,0.6819625894,0.0558228029,1
Candidate_0909,Polyol_B:70+Polyol_C:30,1.8,98.13375,70,30,0,0,1.4564016298,0.2181365262,6.6765601123,0.8245606388,0.0603859404,1
Candidate_0910,Polyol_D:20+Polyol_B:80,1.9,104.6045,80,0,20,0,1.4185413515,0.2087573529,6.7951683226,0.8081176315,0.0598597642,1
Candidate_0911,Polyol_A:20+Polyol_B:80,1.8,94.5945,80,0,0,20,1.6485259137,0.2344144978,7.0325254162,0.9040211633,0.0629286772,1
Candidate_0912,Polyol_D:90+Polyol_C:10,2.8,73.073,0,10,90,0,3.1460573327,0.3154572659,9.9730064014,0.6997429986,0.056391776,1
Candidate_0913,Polyol_D:90+Polyol_B:10,1.8,51.80175,10,0,90,0,3.5989760739,0.4269264688,8.4299670719,0.5867135,0.052774832,1
Candidate_0914,Polyol_A:50+Polyol_B:50,1.8,67.56750000000001,50,0,0,50,2.7498619669,0.3393632506,8.1030045603,0.7387761148,0.0576408357,1
Candidate_0915,Polyol_D:30+Polyol_B:70,2.9,148.77362499999998,70,0,30,0,1.2162825068,0.1512458555,8.0417575902,0.9484366027,0.0643499713,1
Candidate_0916,Polyol_B:40+Polyol_C:60,1.6,74.36,40,60,0,0,1.927284279,0.2797066731,6.8903764696,0.8336645981,0.0606772671,1
Candidate_0917,Polyol_D:50+Polyol_A:50,2.8,52.5525,0,0,50,50,5.3744502702,0.4605288987,11.6701694181,0.914135744,0.0632523438,1
Candidate_0918,Polyol_C:100,3.0,107.25,0,100,0,0,1.8918455083,0.2081586942,9.0884770181,0.7698147528,0.0586340721,1
Candidate_0919,Polyol_D:100,1.6,40.040000000000006,0,0,100,0,4.5167287924,0.5299641871,8.5227056889,0.6978520574,0.0563312658,1
Candidate_0920,Polyol_A:90+Polyol_B:10,1.6,28.02800000000001,10,0,0,90,7.9463046211,0.7927103208,10.0242224845,0.9930188677,0.0657766038,1
Candidate_0921,Polyol_D:60+Polyol_B:40,2.9,116.116,40,0,60,0,1.7341970336,0.1965962259,8.8211105076,0.8267216602,0.0604550931,1
Candidate_0922,Polyol_D:50+Polyol_C:50,2.9,88.12375,0,50,50,0,2.503552113,0.2598736672,9.6337275714,0.66875,0.0554,1
Candidate_0923,Polyol_D:10+Polyol_A:90,2.5,34.409375000000004,0,0,10,90,8.6336715553,0.7049491118,12.2472266595,0.9352060861,0.0639265948,1
Candidate_0924,Polyol_A:40+Polyol_B:60,2.6,110.6105,60,0,0,40,1.8621217961,0.2157039369,8.632766852,0.8002450486,0.0596078416,1
Candidate_0925,Polyol_D:30+Polyol_A:70,1.7,27.652625,0,0,30,70,8.6878146663,0.8273103555,10.5012763446,0.940664071,0.0641012503,1
Candidate_0926,Polyol_D:20+Polyol_A:80,2.8,42.042,0,0,20,80,7.204251568,0.5760812105,12.5056180208,1.0237238852,0.0667591643,0
Candidate_0927,Polyol_A:20+Polyol_C:80,2.7,83.97675,0,80,0,20,2.6877613741,0.2813838938,9.5519375261,0.6676716892,0.0553654941,1
Candidate_0928,Polyol_D:50+Polyol_B:50,2.9,127.00187499999998,50,0,50,0,1.5299831954,0.1790585515,8.5445971889,0.8707311323,0.0618633962,1
