cid,blend,nco_oh,mdi_parts,eta80,eta120,ratio,domain_ratio,unc_radius,in_domain,mdi_fraction,PPG1000,PPG2000,PPG400,PPG700,property_score,broad_margin,ea_two_point_kj_mol,check_nco_oh,check_mdi_fraction,check_eta80_broad,check_eta120_broad,check_ratio_broad,check_eta80_preferred,check_eta120_preferred,check_ratio_preferred,check_chemistry_in_domain,feasible_nominal,property_rank,nominal_rank,robust_check_interval_inside_broad,robust_check_domain_ratio_max,feasible_robust,robust_score,robust_rank
WO_INV_0424,PPG1000:50+PPG700:50,2.2,66.8525,3.0062379137,0.3438465965,8.742962542,0.3625,0.0456,True,0.40066825489579116,50.0,0.0,0.0,50.0,0.01326109288256663,0.37648962661976215,62.57500000290107,True,True,True,True,True,True,True,True,True,True,136.0,66.0,True,True,True,0.04535769714487605,55.0
WO_INV_0408,PPG1000:40+PPG700:60,2.2,69.21200000000002,2.860354897,0.3314407219,8.6300647682,0.3795344417,0.0461451021,True,0.4090253646313501,40.0,0.0,0.0,60.0,0.01932404539350037,0.3634925408449129,62.19990811596431,True,True,True,True,True,True,True,True,True,True,178.0,87.0,True,True,True,0.05438001074804148,69.0
WO_INV_0440,PPG1000:60+PPG700:40,2.2,64.49300000000001,3.1606790359,0.3569506088,8.8546677274,0.380146587,0.0461646908,True,0.3920713951353554,60.0,0.0,0.0,40.0,0.008639683278276298,0.3840046106574805,62.94139256887167,True,True,True,True,True,True,True,True,True,True,98.0,49.0,True,True,True,0.03879975713886814,41.0
WO_INV_0423,PPG1000:50+PPG700:50,2.1,63.81375,3.0858565615,0.3578792423,8.6226195777,0.40625,0.047,True,0.38955063295968745,50.0,0.0,0.0,50.0,0.008753950685966719,0.3626294646055415,62.175000003760914,True,True,True,True,True,True,True,True,True,True,101.0,51.0,True,True,True,0.03839905966870999,40.0
WO_INV_0407,PPG1000:40+PPG700:60,2.1,66.066,2.936109909,0.3449670744,8.5112757911,0.4232844417,0.0475451021,True,0.3978297785217926,40.0,0.0,0.0,60.0,0.013839888208911202,0.34963237881884485,61.79990811324222,True,True,True,True,True,True,True,True,True,True,143.0,70.0,True,True,True,0.04648264091378465,58.0
WO_INV_0425,PPG1000:50+PPG700:50,2.3,69.89124999999999,2.9286735186,0.3303641786,8.8649850921,0.40625,0.047,True,0.4113881674306357,50.0,0.0,0.0,50.0,0.018702012068359725,0.382840099594986,62.975000003373246,True,True,True,True,True,True,True,True,True,True,172.0,84.0,True,True,True,0.05601055573299259,74.0
WO_INV_0441,PPG1000:60+PPG700:40,2.3,67.4245,3.0791298823,0.3429543752,8.9782493087,0.423896587,0.0475646908,True,0.40271585102538754,60.0,0.0,0.0,40.0,0.013088637826608228,0.3701444486412755,63.3413925721562,True,True,True,True,True,True,True,True,True,True,133.0,65.0,True,True,True,0.04844065002339059,64.0
WO_INV_0406,PPG1000:40+PPG700:60,2.0,62.92,3.013871253,0.3590454478,8.3941218912,0.4670344417,0.0489451021,True,0.3862018168426221,40.0,0.0,0.0,60.0,0.00928950802042972,0.3357722168073616,61.39990811111737,True,True,True,True,True,True,True,True,True,True,106.0,54.0,True,True,True,0.03931429555772345,42.0
WO_INV_0391,PPG1000:30+PPG700:70,2.1,68.31825,2.794117967,0.332700098,8.3983082165,0.4397477878,0.0480719292,True,0.4058873592138702,30.0,0.0,0.0,70.0,0.020364323724023154,0.3362708135393269,61.41429746546122,True,True,True,True,True,True,True,True,True,True,185.0,89.0,True,True,True,0.05598649158395352,73.0
WO_INV_0439,PPG1000:60+PPG700:40,2.1,61.5615,3.2443879765,0.3715180395,8.7327871912,0.423896587,0.0475646908,True,0.381040656344488,60.0,0.0,0.0,40.0,0.005124505722782066,0.37532511555669074,62.541392568639864,True,True,True,True,True,True,True,True,True,True,62.0,28.0,True,True,True,0.03272100938095399,24.0
WO_INV_0422,PPG1000:50+PPG700:50,2.0,60.775,3.1675838677,0.3724845713,8.5039330803,0.45,0.0484,True,0.37801275073860985,50.0,0.0,0.0,50.0,0.005180585468391704,0.34876930257790134,61.77499999912605,True,True,True,True,True,True,True,True,True,True,64.0,30.0,True,True,True,0.03216944664223154,22.0
WO_INV_0392,PPG1000:30+PPG700:70,2.2,71.57150000000001,2.7220265104,0.3196547406,8.5155205436,0.3959977878,0.0466719292,True,0.41715261567334905,30.0,0.0,0.0,70.0,0.026813732842562638,0.3501309755606507,61.81429746164753,True,True,True,True,True,True,True,True,True,True,227.0,104.0,True,True,True,0.0648114022786835,86.0
WO_INV_0390,PPG1000:30+PPG700:70,2.0,65.065,2.8681187283,0.3462778466,8.2827092646,0.4834977878,0.0494719292,True,0.3941780510707903,30.0,0.0,0.0,70.0,0.014848691575433825,0.3224106515185123,61.01429746334938,True,True,True,True,True,True,True,True,True,True,148.0,74.0,True,True,True,0.04789060532933606,62.0
WO_INV_0457,PPG1000:70+PPG700:30,2.3,64.95775,3.2386893901,0.3562824141,9.0902308441,0.4422009604,0.0481504307,True,0.39378416594552246,70.0,0.0,0.0,30.0,0.008938890525646871,0.3577490542040676,63.699119831449885,True,True,True,True,True,True,True,True,True,True,102.0,52.0,True,True,True,0.04222477517928648,51.0
WO_INV_0344,PPG1000:90+PPG400:10,2.2,63.31325,3.2416745386,0.3638027387,8.910528134,0.4117135,0.047174832,True,0.38767981165031007,90.0,0.0,10.0,0.0,0.006877738442321782,0.37771584343692965,63.12288445350609,True,True,True,True,True,True,True,True,True,True,82.0,41.0,True,True,True,0.036683109215750624,36.0
WO_INV_0456,PPG1000:70+PPG700:30,2.2,62.13350000000001,3.3244643943,0.3708225753,8.9651078871,0.3984509604,0.0467504307,True,0.38322431823158076,70.0,0.0,0.0,30.0,0.005498585411936298,0.37160921622141385,63.29911982732384,True,True,True,True,True,True,True,True,True,True,69.0,32.0,True,True,True,0.03361259023686425,28.0
WO_INV_0442,PPG1000:60+PPG700:40,2.4,70.35599999999998,2.9996847906,0.3295069418,9.103555676,0.467646587,0.0489646908,True,0.412993965577966,60.0,0.0,0.0,40.0,0.018471369356380725,0.35628428662886324,63.74139257250997,True,True,True,True,True,True,True,True,True,True,170.0,82.0,True,True,True,0.05926711240837695,79.0
WO_INV_0409,PPG1000:40+PPG700:60,2.3,72.358,2.7865544515,0.3184447453,8.7505116425,0.4232844417,0.0475451021,True,0.4198122512445027,40.0,0.0,0.0,60.0,0.02574197955588116,0.37735270286053507,62.59990811669623,True,True,True,True,True,True,True,True,True,True,222.0,102.0,True,True,True,0.06613704682887274,88.0
WO_INV_0345,PPG1000:90+PPG400:10,2.3,66.19112499999999,3.1580356078,0.3495378293,9.03488934,0.4554635,0.048574832,True,0.3982831514017369,90.0,0.0,10.0,0.0,0.010823163292293853,0.3638556814170886,63.522884451228286,True,True,True,True,True,True,True,True,True,True,118.0,60.0,True,True,True,0.045881198847652155,56.0
WO_INV_0327,PPG1000:80+PPG400:20,2.1,68.31825,2.832487382,0.3348123874,8.4599240916,0.4622477878,0.0487919292,True,0.4058873592138702,80.0,0.0,20.0,0.0,0.018790612583116553,0.3435807317257091,61.62525944235658,True,True,True,True,True,True,True,True,True,True,174.0,86.0,True,True,True,0.05493045407120744,71.0
WO_INV_0328,PPG1000:80+PPG400:20,2.2,71.57150000000001,2.7594059504,0.3216842059,8.5779963705,0.4184977878,0.0473919292,True,0.41715261567334905,80.0,0.0,20.0,0.0,0.025048259005107137,0.35744089374926735,62.02525944317229,True,True,True,True,True,True,True,True,True,True,217.0,100.0,True,True,True,0.06361670778126292,85.0
WO_INV_0426,PPG1000:50+PPG700:50,2.4,72.92999999999999,2.8531103741,0.3174104139,8.9887106694,0.45,0.0484,True,0.42173133637888155,50.0,0.0,0.0,50.0,0.02507670823006985,0.36897993757262953,63.37500000104433,True,True,True,True,True,True,True,True,True,True,219.0,101.0,True,True,True,0.06784898381532617,92.0
WO_INV_0458,PPG1000:70+PPG700:30,2.4,67.782,3.1551274796,0.3423123808,9.2171000996,0.4859509604,0.0495504307,True,0.40398850889845156,70.0,0.0,0.0,30.0,0.013312972625111167,0.34388889218566693,64.09911983328331,True,True,True,True,True,True,True,True,True,True,137.0,67.0,True,True,True,0.052022529628002745,67.0
WO_INV_0326,PPG1000:80+PPG400:20,2.0,65.065,2.9075043373,0.3484763401,8.3434770248,0.5059977878,0.0501919292,True,0.3941780510707903,80.0,0.0,20.0,0.0,0.01346674316035121,0.3297205697084448,61.22525944567669,True,True,True,True,True,True,True,True,True,True,139.0,68.0,True,True,True,0.046973224844934894,61.0
WO_INV_0389,PPG1000:30+PPG700:70,1.9,61.81175,2.9440793612,0.3604097136,8.1687014805,0.5272477878,0.0508719292,True,0.3819979080629188,30.0,0.0,0.0,70.0,0.010266836423413332,0.30855048949665115,60.6142974631195,True,True,True,True,True,True,True,True,True,True,113.0,57.0,True,True,True,0.0405237435538211,44.0
WO_INV_0405,PPG1000:40+PPG700:60,1.9,59.774,3.0936920658,0.3736983705,8.2785805622,0.5107844417,0.0503451021,True,0.37411593876350346,40.0,0.0,0.0,60.0,0.005672904822077469,0.3219120547873749,60.99990811085491,True,True,True,True,True,True,True,True,True,True,72.0,35.0,True,True,True,0.03287497467008328,26.0
WO_INV_0664,PPG2000:20+PPG700:80,2.2,68.4255,3.0630398385,0.3436830639,8.9123967974,0.4489216892,0.0483654941,True,0.4062656782969325,0.0,20.0,0.0,80.0,0.012908409877992811,0.37750615132252757,63.128936106063684,True,True,True,True,True,True,True,True,True,True,131.0,64.0,True,True,True,0.04860040585753264,65.0
WO_INV_0346,PPG1000:90+PPG400:10,2.4,69.06899999999999,3.0765546576,0.335832255,9.160986213,0.4992135,0.049974832,True,0.40852551325198583,90.0,0.0,10.0,0.0,0.015702365126599897,0.34999551939630436,63.92288444876376,True,True,True,True,True,True,True,True,True,True,152.0,75.0,True,True,True,0.05626485798583403,76.0
WO_INV_0374,PPG1000:20+PPG700:80,2.0,67.21,2.7289987988,0.3340837154,8.1686076654,0.4994270923,0.049981667,True,0.4019496441600383,20.0,0.0,0.0,80.0,0.021877941293941713,0.3085390047289746,60.613966018155935,True,True,True,True,True,True,True,True,True,True,194.0,92.0,True,True,True,0.057923691631549964,78.0
WO_INV_0375,PPG1000:20+PPG700:80,2.1,70.57050000000001,2.6585874917,0.3209841056,8.2826141401,0.4556770923,0.048581667,True,0.41373215180819667,20.0,0.0,0.0,80.0,0.02835226554767958,0.32239916674424296,61.01396601391785,True,True,True,True,True,True,True,True,True,True,237.0,108.0,True,True,True,0.06694094283479858,89.0
WO_INV_0373,PPG1000:20+PPG700:80,1.9,63.84949999999999,2.8012749128,0.3477179305,8.0561704387,0.5431770923,0.051381667,True,0.3896838257059069,20.0,0.0,0.0,80.0,0.01633739400225007,0.2946788427047233,60.2139660158805,True,True,True,True,True,True,True,True,True,True,156.0,77.0,True,True,True,0.051806721311552104,66.0
WO_INV_0343,PPG1000:90+PPG400:10,2.1,60.435375,3.3275286029,0.3786498101,8.7878787043,0.4554635,0.048574832,True,0.37669606843253867,90.0,0.0,10.0,0.0,0.003866090577372916,0.38161388277529484,62.722884454678145,True,True,True,True,True,True,True,True,True,True,54.0,23.0,True,True,True,0.03100391226030825,18.0
WO_INV_0459,PPG1000:70+PPG700:30,2.5,70.60625,3.0737215625,0.3288901204,9.3457400261,0.5297009604,0.0509504307,True,0.4138550023812141,70.0,0.0,0.0,30.0,0.01862083169618186,0.3300287301655259,64.49911983018049,True,True,True,True,True,True,True,True,True,True,171.0,83.0,True,True,True,0.0630058535629544,83.0
WO_INV_0438,PPG1000:60+PPG700:40,2.0,58.63,3.3303139048,0.3866799783,8.612584286,0.467646587,0.0489646908,True,0.36960221900018914,60.0,0.0,0.0,40.0,0.002543105157321553,0.36146495353698427,62.14139256976182,True,True,True,True,True,True,True,True,True,True,39.0,14.0,True,True,True,0.027371286094067034,11.0
WO_INV_0443,PPG1000:60+PPG700:40,2.5,73.2875,2.9222894736,0.3165867898,9.2306109017,0.511396587,0.0503646908,True,0.42292433095289617,60.0,0.0,0.0,40.0,0.02478787787614146,0.3424241246039634,64.14139257317686,True,True,True,True,True,True,True,True,True,True,210.0,98.0,True,True,True,0.0712791443079698,94.0
WO_INV_0325,PPG1000:80+PPG400:20,1.9,61.81175,2.9845080776,0.3626979293,8.2286327997,0.5497477878,0.0515919292,True,0.3819979080629188,80.0,0.0,20.0,0.0,0.009076650719774313,0.31586040768753926,60.82525944745714,True,True,True,True,True,True,True,True,True,True,105.0,53.0,True,True,True,0.03974502007744463,43.0
WO_INV_0421,PPG1000:50+PPG700:50,1.9,57.73625,3.2514756792,0.387685955,8.3868802495,0.49375,0.0498,True,0.3660303195999652,50.0,0.0,0.0,50.0,0.0025409972487003764,0.3349091405633082,61.37500000176981,True,True,True,True,True,True,True,True,True,True,38.0,13.0,True,True,True,0.026668858100256994,8.0
WO_INV_0473,PPG1000:80+PPG700:20,2.3,62.49099999999999,3.4077112299,0.3703991177,9.2001062294,0.4612140638,0.04875885,True,0.3845812998873784,80.0,0.0,0.0,20.0,0.00630064465881751,0.3457343267992915,64.04586115385244,True,True,True,True,True,True,True,True,True,True,77.0,38.0,True,True,True,0.03740262758528003,38.0
WO_INV_0474,PPG1000:80+PPG700:20,2.4,65.208,3.3197883616,0.3558755605,9.3285089782,0.5049640638,0.05015885,True,0.39470243571739866,80.0,0.0,0.0,20.0,0.009649599738868192,0.33187416478367254,64.4458611586597,True,True,True,True,True,True,True,True,True,True,107.0,55.0,True,True,True,0.04615518547743089,57.0
WO_INV_0455,PPG1000:70+PPG700:30,2.1,59.309250000000006,3.4125111049,0.3859561317,8.8417071916,0.4422009604,0.0481504307,True,0.3722900584868738,70.0,0.0,0.0,30.0,0.0029920572923178065,0.38546937823576793,62.8991198261815,True,True,True,True,True,True,True,True,True,True,44.0,17.0,True,True,True,0.028426927459665956,13.0
WO_INV_0663,PPG2000:20+PPG700:80,2.1,65.31525,3.1441628557,0.3577090359,8.7897216464,0.4926716892,0.0497654941,True,0.3950951288522989,0.0,20.0,0.0,80.0,0.008478309518682295,0.38182357489139523,62.728936099138444,True,True,True,True,True,True,True,True,True,True,96.0,47.0,True,True,True,0.04156430857167801,48.0
WO_INV_0393,PPG1000:30+PPG700:70,2.3,74.82475,2.6517950964,0.3071208989,8.6343687632,0.4397477878,0.0480719292,True,0.4279986100366224,30.0,0.0,0.0,70.0,0.03419691897133274,0.3639911375792147,62.214297466525146,True,True,True,True,True,True,True,True,True,True,277.0,123.0,True,True,True,0.07765730150137386,104.0
WO_INV_0665,PPG2000:20+PPG700:80,2.3,71.53575,2.9840098884,0.3302070583,9.0367840837,0.4926716892,0.0497654941,True,0.4170311436537281,0.0,20.0,0.0,80.0,0.01827228718365785,0.3636459893025266,63.52893609801123,True,True,True,True,True,True,True,True,True,True,168.0,80.0,True,True,True,0.05947263971329049,81.0
WO_INV_0376,PPG1000:20+PPG700:80,2.2,73.931,2.5899928773,0.3083981388,8.3982117644,0.4119270923,0.047181667,True,0.4250593626208094,20.0,0.0,0.0,80.0,0.035760366800376926,0.33625932876746795,61.41396601402125,True,True,True,True,True,True,True,True,True,True,282.0,124.0,True,True,True,0.07668721852148694,103.0
WO_INV_0388,PPG1000:30+PPG700:70,1.8,58.5585,3.0220517721,0.3751183131,8.0562629625,0.5709977878,0.0522719292,True,0.3693179488958334,30.0,0.0,0.0,70.0,0.006618758246461064,0.29469032747523527,60.21429745908197,True,True,True,True,True,True,True,True,True,True,80.0,40.0,True,True,True,0.03609269709229447,34.0
WO_INV_0410,PPG1000:40+PPG700:60,2.4,75.504,2.7146581423,0.3059583483,8.8726395528,0.4670344417,0.0489451021,True,0.43021241681101285,40.0,0.0,0.0,60.0,0.0330936906799169,0.38197702335694494,62.99990811035139,True,True,True,True,True,True,True,True,True,True,273.0,120.0,True,True,True,0.07907965238524131,105.0
WO_INV_0472,PPG1000:80+PPG700:20,2.2,59.77400000000001,3.4979626897,0.3855153924,9.0734708869,0.4174640638,0.04735885,True,0.3741159387635035,80.0,0.0,0.0,20.0,0.0038854665809870126,0.35959448881918393,63.64586115818759,True,True,True,True,True,True,True,True,True,True,56.0,24.0,True,True,True,0.030294544155228833,16.0
WO_INV_0475,PPG1000:80+PPG700:20,2.5,67.925,3.2341340044,0.3419214802,9.4587038005,0.5487140638,0.05155885,True,0.4044960547863629,80.0,0.0,0.0,20.0,0.01393233179318632,0.3180140027603371,64.84586115713371,True,True,True,True,True,True,True,True,True,True,144.0,71.0,True,True,True,0.05609331285767344,75.0
WO_INV_0372,PPG1000:20+PPG700:80,1.8,60.489,2.8754652221,0.3619085685,7.9452808601,0.5869270923,0.052781667,True,0.3769043361227249,20.0,0.0,0.0,80.0,0.011730623695690992,0.2808186806833226,59.81396601167806,True,True,True,True,True,True,True,True,True,True,122.0,62.0,True,True,True,0.04684838768091748,60.0
WO_INV_0584,PPG2000:60+PPG400:40,2.2,71.57150000000001,3.0209018476,0.3354872628,9.0045202393,0.4934977878,0.0497919292,True,0.41715261567334905,0.0,60.0,40.0,0.0,0.016001473343074432,0.36722265739892496,63.425714560778935,True,True,True,True,True,True,True,True,True,True,155.0,76.0,True,True,True,0.05570471979524906,72.0
WO_INV_0329,PPG1000:80+PPG400:20,2.3,74.82475,2.6882101038,0.3090707877,8.6977165439,0.4622477878,0.0487919292,True,0.4279986100366224,80.0,0.0,20.0,0.0,0.03223968243710684,0.3713010557638062,62.425259449873636,True,True,True,True,True,True,True,True,True,True,265.0,116.0,True,True,True,0.07633513590307292,101.0
WO_INV_0347,PPG1000:90+PPG400:10,2.5,71.94687499999999,2.9971760097,0.3226640839,9.2888429771,0.5429635,0.051374832,True,0.4184250222634171,90.0,0.0,10.0,0.0,0.021515343961402957,0.33613535737601374,64.32288445197938,True,True,True,True,True,True,True,True,True,True,192.0,90.0,True,True,True,0.06783408665294884,91.0
WO_INV_0427,PPG1000:50+PPG700:50,2.5,75.96875,2.7794968456,0.3049645736,9.1141630424,0.49375,0.0498,True,0.43171727934647486,50.0,0.0,0.0,50.0,0.032385181367332774,0.35511977555448865,63.77499999642722,True,True,True,True,True,True,True,True,True,True,267.0,117.0,True,True,True,0.08087298139225303,110.0
WO_INV_0404,PPG1000:40+PPG700:60,1.8,56.62800000000001,3.1756268913,0.3889492903,8.1646296079,0.5545344417,0.0517451021,True,0.36154455142120184,40.0,0.0,0.0,60.0,0.0029900786128438253,0.3080518927728945,60.599908111905705,True,True,True,True,True,True,True,True,True,True,43.0,16.0,True,True,True,0.027164678252094978,10.0
WO_INV_0357,PPG1000:10+PPG700:90,1.9,65.88725,2.6631920751,0.3354789157,7.9384782492,0.5586059162,0.0518753893,True,0.3971809165562754,10.0,0.0,0.0,90.0,0.023988086804253256,0.2799621313905388,59.78924626373267,True,True,True,True,True,True,True,True,True,True,205.0,95.0,True,True,True,0.06517035148325222,87.0
WO_INV_0583,PPG2000:60+PPG400:40,2.1,68.31825,3.100908862,0.3491787577,8.8805770503,0.5372477878,0.0511919292,True,0.4058873592138702,0.0,60.0,40.0,0.0,0.011016829113569623,0.38108281942687905,63.02571456271061,True,True,True,True,True,True,True,True,True,True,120.0,61.0,True,True,True,0.04809295606965887,63.0
WO_INV_0358,PPG1000:10+PPG700:90,2.0,69.355,2.5944786571,0.3223245992,8.0492728861,0.5148559162,0.0504753893,True,0.40952437188155055,10.0,0.0,0.0,90.0,0.030490807244212506,0.2938222934148204,60.189246269219566,True,True,True,True,True,True,True,True,True,True,248.0,111.0,True,True,True,0.07182206442291088,97.0
WO_INV_0647,PPG2000:10+PPG700:90,2.1,70.19512499999999,2.7651759766,0.3275803813,8.4412136212,0.5280578301,0.0508978506,True,0.4124391048215981,0.0,10.0,0.0,90.0,0.02277432894355111,0.34136662302348975,61.5613609509368,True,True,True,True,True,True,True,True,True,True,201.0,94.0,True,True,True,0.06295003498795224,82.0
WO_INV_0460,PPG1000:70+PPG700:30,2.6,73.43050000000001,2.9944160116,0.3159941543,9.4761753363,0.5734509604,0.0523504307,True,0.42340015164576017,70.0,0.0,0.0,30.0,0.02486246777231319,0.31616856813862804,64.8991198315722,True,True,True,True,True,True,True,True,True,True,212.0,99.0,True,True,True,0.07517474703498808,100.0
WO_INV_0324,PPG1000:80+PPG400:20,1.8,58.5585,3.063551222,0.3774999126,8.115369354,0.5934977878,0.0529919292,True,0.3693179488958334,80.0,0.0,20.0,0.0,0.005620335257959055,0.30200024567499817,60.42525944731227,True,True,True,True,True,True,True,True,True,True,71.0,34.0,True,True,True,0.034137177592755294,29.0
WO_INV_0662,PPG2000:20+PPG700:80,2.0,62.205,3.2274343738,0.3723074186,8.6687350639,0.5364216892,0.0511654941,True,0.38349619308899235,0.0,20.0,0.0,80.0,0.004981986164008531,0.36796341286948975,62.32893609818005,True,True,True,True,True,True,True,True,True,True,61.0,27.0,True,True,True,0.035257235777049326,32.0
WO_INV_0356,PPG1000:10+PPG700:90,1.8,62.4195,2.7337253322,0.3491700699,7.8292086509,0.6023559162,0.0532753893,True,0.38431038145050317,10.0,0.0,0.0,90.0,0.01841914338851158,0.2661019693708182,59.38924626962224,True,True,True,True,True,True,True,True,True,True,169.0,81.0,True,True,True,0.059382497442335855,80.0
WO_INV_0646,PPG2000:10+PPG700:90,2.0,66.85249999999999,2.8384102243,0.3409491903,8.3250240956,0.5718078301,0.0522978506,True,0.40066825489579116,0.0,10.0,0.0,90.0,0.016895384412170217,0.32750646100063024,61.16136094824753,True,True,True,True,True,True,True,True,True,True,159.0,79.0,True,True,True,0.05435183892192379,68.0
WO_INV_0476,PPG1000:80+PPG700:20,2.6,70.64200000000001,3.1506896281,0.3285145472,9.5907157076,0.5924640638,0.05295885,True,0.4139778014791201,80.0,0.0,0.0,20.0,0.019148840836855006,0.30415384073569157,65.24586115673118,True,True,True,True,True,True,True,False,True,False,177.0,,True,True,False,0.06721700975181077,
WO_INV_0648,PPG2000:10+PPG700:90,2.2,73.53775,2.6938312566,0.3147357708,8.5590247644,0.4843078301,0.0494978506,True,0.4237565025477165,0.0,10.0,0.0,90.0,0.02958705046770614,0.3552267850426262,61.96136095250438,True,True,True,True,True,True,True,True,True,True,242.0,110.0,True,True,True,0.07227725552542046,98.0
WO_INV_0666,PPG2000:20+PPG700:80,2.4,74.646,2.9070190019,0.3172594543,9.1629074009,0.5364216892,0.0511654941,True,0.4274131672068069,0.0,20.0,0.0,80.0,0.024569941513805208,0.349785827291829,63.92893610224173,True,True,True,True,True,True,True,True,True,True,209.0,97.0,True,True,True,0.07153044313315199,96.0
WO_INV_0342,PPG1000:90+PPG400:10,2.0,57.5575,3.4156564675,0.394102802,8.6669174891,0.4992135,0.049974832,True,0.36531107690843023,90.0,0.0,10.0,0.0,0.0017882196957795583,0.3677537207565331,62.32288445467729,True,True,True,True,True,True,True,True,True,True,30.0,8.0,True,True,True,0.026053739762955073,7.0
WO_INV_0444,PPG1000:60+PPG700:40,2.6,76.219,2.8468910448,0.3041732442,9.3594393938,0.555146587,0.0517646908,True,0.4325243021467605,60.0,0.0,0.0,40.0,0.03203816338514295,0.328563962590529,64.54139257469237,True,True,True,True,True,True,True,True,True,True,263.0,115.0,True,True,True,0.084476745718919,113.0
WO_INV_0371,PPG1000:20+PPG700:80,1.7,57.1285,2.9516204231,0.3766783373,7.8359176269,0.6306770923,0.054181667,True,0.3635782178280834,20.0,0.0,0.0,80.0,0.008057630396914496,0.2669585186626923,59.41396601649058,True,True,True,True,True,True,True,True,True,True,94.0,46.0,True,True,True,0.042753912929972215,52.0
WO_INV_0359,PPG1000:10+PPG700:90,2.1,72.82275,2.5275381243,0.3096860709,8.1616138459,0.4711059162,0.0490753893,True,0.42137247555660357,10.0,0.0,0.0,90.0,0.037927304650095216,0.3076824554258607,60.58924626818911,True,True,True,True,True,True,True,True,True,True,292.0,127.0,True,True,True,0.0794810228032628,106.0
WO_INV_0585,PPG2000:60+PPG400:40,2.3,74.82475,2.9429591061,0.322332619,9.1301932611,0.5372477878,0.0511919292,True,0.4279986100366224,0.0,60.0,40.0,0.0,0.021919894588040462,0.35336249537880177,63.82571456645404,True,True,True,True,True,True,True,True,True,True,195.0,93.0,True,True,True,0.0673429578420425,90.0
WO_INV_0490,PPG1000:90+PPG700:10,2.4,62.634,3.4928198167,0.3701925309,9.4351439452,0.5247429986,0.050791776,True,0.3851224221257547,90.0,0.0,0.0,10.0,0.007520504439881172,0.32050792224441904,64.77388741059671,True,True,True,True,True,True,True,True,True,True,87.0,44.0,True,True,True,0.04206326405343508,50.0
WO_INV_0491,PPG1000:90+PPG700:10,2.5,65.24375,3.402701049,0.3556770742,9.5668270353,0.5684929986,0.052191776,True,0.394833390067703,90.0,0.0,0.0,10.0,0.010766525463438904,0.3066477602327961,65.17388740607599,True,True,True,True,True,True,True,False,True,False,117.0,,True,True,False,0.05058246195117441,
WO_INV_0437,PPG1000:60+PPG700:40,1.9,55.69849999999999,3.4185155367,0.4024606876,8.4940359199,0.511396587,0.0503646908,True,0.35773305458947896,60.0,0.0,0.0,40.0,0.0008954815747787429,0.3476047915097456,61.74139256864481,True,True,True,True,True,True,True,True,True,True,18.0,5.0,True,True,True,0.02275058726181814,3.0
WO_INV_0420,PPG1000:50+PPG700:50,1.8,54.697500000000005,3.3375893216,0.403507719,8.2714385985,0.5375,0.0512,True,0.3535771424877584,50.0,0.0,0.0,50.0,0.0008351860112308893,0.3210489785487324,60.97499999898737,True,True,True,True,True,True,True,True,True,True,16.0,4.0,True,True,True,0.021897294012576327,1.0
WO_INV_0387,PPG1000:30+PPG700:70,1.7,55.30525,3.1020892416,0.3904271818,7.9453721104,0.6147477878,0.0536719292,True,0.35610676393747154,30.0,0.0,0.0,70.0,0.0039044570747001394,0.28083016545996087,59.81429746360623,True,True,True,True,True,True,True,True,True,True,57.0,25.0,True,True,True,0.03282756777851552,25.0
WO_INV_0681,PPG2000:30+PPG700:70,2.3,66.191125,3.3864945217,0.36105212,9.3795170674,0.5079635,0.050254832,True,0.398283151401737,0.0,30.0,0.0,70.0,0.008737788185602651,0.32642108112063206,64.60323546730027,True,True,True,True,True,True,True,True,True,True,100.0,50.0,True,True,True,0.04431946235779208,53.0
WO_INV_0645,PPG2000:10+PPG700:90,1.9,63.509875,2.913584043,0.3548635907,8.2104338669,0.6155578301,0.0536978506,True,0.38841614306169586,0.0,10.0,0.0,90.0,0.011950216878037311,0.3136462989910086,60.761360949690705,True,True,True,True,True,True,True,True,True,True,123.0,63.0,True,True,True,0.04648266733728022,59.0
WO_INV_0454,PPG1000:70+PPG700:30,2.0,56.48500000000001,3.5028896869,0.4017073002,8.7200050514,0.4859509604,0.0495504307,True,0.36096111448381635,70.0,0.0,0.0,30.0,0.0014193061631902343,0.3738603479816563,62.49911982936608,True,True,True,True,True,True,True,True,True,True,24.0,6.0,True,True,True,0.024571588698084082,4.0
WO_INV_0680,PPG2000:30+PPG700:70,2.2,63.31325000000002,3.476184068,0.3757869365,9.2504122151,0.4642135,0.048854832,True,0.3876798116503101,0.0,30.0,0.0,70.0,0.0057743935246414805,0.3402812431355446,64.20323547063946,True,True,True,True,True,True,True,True,True,True,74.0,36.0,True,True,True,0.03597151801270447,33.0
WO_INV_0355,PPG1000:10+PPG700:90,1.7,58.95175,2.806126626,0.3634199708,7.7214430997,0.6461059162,0.0546753893,True,0.37087826966359283,10.0,0.0,0.0,90.0,0.013783976934738278,0.25224180735234536,58.98924626821403,True,True,True,True,True,True,True,True,True,True,142.0,69.0,True,True,True,0.05445850220528946,70.0
WO_INV_0052,PPG700:100,1.8,64.35,2.5888942856,0.3363999373,7.695882189,0.5948147528,0.0530340721,True,0.3915424399148159,0.0,0.0,0.0,100.0,0.027244661801243197,0.24892593593605994,58.89355123754534,True,True,True,True,True,True,True,True,True,True,229.0,106.0,True,True,True,0.07375191069807206,99.0
WO_INV_0582,PPG2000:60+PPG400:40,2.0,65.065,3.1830348206,0.3634290131,8.7583398839,0.5809977878,0.0525919292,True,0.3941780510707903,0.0,60.0,40.0,0.0,0.006965961869338266,0.37824690679045236,62.625714565376626,True,True,True,True,True,True,True,True,True,True,83.0,42.0,True,True,True,0.041210216808400486,47.0
WO_INV_0348,PPG1000:90+PPG400:10,2.6,74.82475,2.9198454221,0.3100122442,9.4184841945,0.5867135,0.052774832,True,0.4279986100366224,90.0,0.0,10.0,0.0,0.02826209977821681,0.3222751953562688,64.72288445197903,True,True,True,True,True,True,True,True,True,True,236.0,107.0,True,True,True,0.0805888848224861,109.0
WO_INV_0489,PPG1000:90+PPG700:10,2.3,60.02425,3.5853253331,0.3853003747,9.3052734138,0.4809929986,0.049391776,True,0.37509471220768104,90.0,0.0,0.0,10.0,0.005208260390342819,0.33436808426327674,64.37388740939753,True,True,True,True,True,True,True,True,True,True,65.0,31.0,True,True,True,0.03660015839584104,35.0
WO_INV_0682,PPG2000:30+PPG700:70,2.4,69.069,3.2991190688,0.3468950639,9.5104237922,0.5517135,0.051654832,True,0.40852551325198583,0.0,30.0,0.0,70.0,0.012634959834446225,0.31256091910007416,65.00323546514116,True,True,True,True,True,True,True,False,True,False,129.0,,True,True,False,0.053852976216106005,
WO_INV_0053,PPG700:100,1.9,67.925,2.5220978361,0.3232095071,7.8032909953,0.5510647528,0.0516340721,True,0.4044960547863629,0.0,0.0,0.0,100.0,0.03382274516559713,0.2627860979575916,59.29355123753351,True,True,True,True,True,True,True,True,True,True,276.0,122.0,True,True,True,0.08039163226808865,108.0
WO_INV_0492,PPG1000:90+PPG700:10,2.6,67.8535,3.3149074491,0.3417307766,9.7003479815,0.6122429986,0.053591776,True,0.4042423899412285,90.0,0.0,0.0,10.0,0.014946323492150833,0.29278759821422656,65.57388740934687,True,True,True,True,True,True,True,False,True,False,149.0,,True,True,False,0.06064957735275304,
WO_INV_0394,PPG1000:30+PPG700:70,2.4,78.078,2.5833757335,0.2950785162,8.7548757069,0.4834977878,0.0494719292,True,0.43844832039892634,30.0,0.0,0.0,70.0,0.04251388208004482,0.3778512995957349,62.614297466355104,True,True,True,True,True,True,False,True,True,False,314.0,,True,True,False,0.09168877022367267,
WO_INV_0051,PPG700:100,1.7,60.77499999999999,2.6574598045,0.3501286792,7.5899518168,0.6385647528,0.0544340721,True,0.37801275073860985,0.0,0.0,0.0,100.0,0.021600355408821797,0.23506577391163905,58.49355123680849,True,True,True,True,True,True,True,True,True,True,193.0,91.0,False,True,False,0.06797604794874482,
WO_INV_0377,PPG1000:20+PPG700:80,2.3,77.2915,2.5231680828,0.2963056748,8.5154227453,0.4556770923,0.048581667,True,0.43595716658723066,20.0,0.0,0.0,80.0,0.04410224504816436,0.3501194907828154,61.813966015442865,True,True,True,True,True,True,False,True,True,False,318.0,,True,True,False,0.09061225067181036,
WO_INV_0471,PPG1000:80+PPG700:20,2.1,57.057,3.5906044124,0.4012485741,8.9485786232,0.4612140638,0.04875885,True,0.3632884876191446,80.0,0.0,0.0,20.0,0.0024040654790162116,0.3734546508371798,63.24586115262569,True,True,True,True,True,True,True,True,True,True,35.0,10.0,True,True,True,0.028242418332368277,12.0
WO_INV_0411,PPG1000:40+PPG700:60,2.5,78.64999999999999,2.6446168406,0.2939615498,8.9964719608,0.5107844417,0.0503451021,True,0.44024629163168205,40.0,0.0,0.0,60.0,0.0413791788430295,0.36811686133466576,63.39990811697425,True,True,True,True,True,True,False,True,True,False,311.0,,True,True,False,0.0932078275213101,
WO_INV_0330,PPG1000:80+PPG400:20,2.4,78.078,2.6188511919,0.2969519488,8.8191076111,0.5059977878,0.0501919292,True,0.43844832039892634,80.0,0.0,20.0,0.0,0.040364882820311275,0.3851612177919994,62.82525944717845,True,True,True,True,True,True,False,True,True,False,302.0,,True,True,False,0.0902391334864289,
WO_INV_0360,PPG1000:10+PPG700:90,2.2,76.29050000000001,2.4623247342,0.2975431064,8.2755227103,0.4273559162,0.0476753893,True,0.4327544592590072,10.0,0.0,0.0,90.0,0.046297579035220325,0.32154261744795004,60.98924626520166,True,True,True,True,True,True,False,True,True,False,331.0,,True,True,False,0.0901521777318141,
WO_INV_0477,PPG1000:80+PPG700:20,2.7,73.359,3.0693982127,0.3156333076,9.7245700598,0.6362140638,0.05435885,True,0.4231623394228163,80.0,0.0,0.0,20.0,0.02529912685210203,0.2902936787235115,65.64586115320517,True,True,True,True,True,True,True,False,True,False,220.0,,True,True,False,0.0795262761325235,
WO_INV_0403,PPG1000:40+PPG700:60,1.7,53.482,3.259731718,0.4048226119,8.0522471374,0.5982844417,0.0531451021,True,0.34845779961168083,40.0,0.0,0.0,60.0,0.0012410293914463923,0.2941917307511075,60.19990811567916,True,False,True,True,True,True,True,True,True,False,21.0,,True,True,False,0.02451912375510734,
WO_INV_0428,PPG1000:50+PPG700:50,2.6,79.00750000000001,2.7077826308,0.2930067416,9.2413663114,0.5375,0.0512,True,0.44136418865131355,50.0,0.0,0.0,50.0,0.04062743152240937,0.34125961354038215,64.1749999995058,True,True,True,True,True,True,False,True,True,False,305.0,,True,True,False,0.09508254852005832,
WO_INV_0054,PPG700:100,2.0,71.5,2.4570248117,0.310536281,7.9121988697,0.5073147528,0.0502340721,True,0.41690962099125367,0.0,0.0,0.0,100.0,0.04133460554560761,0.27664625997616876,59.69355124237575,True,True,True,True,True,True,True,True,True,True,310.0,132.0,True,True,True,0.0878952127210161,116.0
WO_INV_0323,PPG1000:80+PPG400:20,1.7,55.30525,3.1446877829,0.3929059763,8.0036649289,0.6372477878,0.0543919292,True,0.35610676393747154,80.0,0.0,20.0,0.0,0.0030977967844952803,0.288140083661132,60.02525944636196,True,True,True,True,True,True,True,True,True,True,45.0,18.0,True,True,True,0.031009820798541244,19.0
WO_INV_0011,PPG1000:100,2.5,62.5625,3.5698710386,0.369743467,9.6549942247,0.5666020574,0.0521312658,True,0.38485198000768933,100.0,0.0,0.0,0.0,0.009074074070144987,0.29747403974799097,65.4386381524172,True,True,True,True,True,True,True,False,True,False,104.0,,True,True,False,0.04807574428027202,
WO_INV_0683,PPG2000:30+PPG700:70,2.5,71.946875,3.2139980032,0.3332931139,9.6431575376,0.5954635,0.053054832,True,0.41842502226341716,0.0,30.0,0.0,70.0,0.017465908469935152,0.29870075707617333,65.40323546499766,True,True,True,True,True,True,True,False,True,False,162.0,,True,True,False,0.06457205958293813,
WO_INV_0661,PPG2000:20+PPG700:80,1.9,59.09475,3.3129112948,0.3875015725,8.5494138076,0.5801716892,0.0525654941,True,0.37144374657240414,0.0,20.0,0.0,80.0,0.0024194398054454658,0.35410325085561456,61.92893610511827,True,True,True,True,True,True,True,True,True,True,36.0,11.0,True,True,True,0.029679187467919983,15.0
WO_INV_0461,PPG1000:70+PPG700:30,2.7,76.25475000000002,2.9171566352,0.3036038463,9.6084310876,0.6172009604,0.0537504307,True,0.4326394040444301,70.0,0.0,0.0,30.0,0.03203788082028019,0.3023084061216808,65.29911983046526,True,True,True,True,True,True,True,False,True,False,262.0,,True,True,False,0.08852920999368977,
WO_INV_0012,PPG1000:100,2.6,65.065,3.4777642608,0.3552456183,9.7897456903,0.6103520574,0.0535312658,True,0.3941780510707903,100.0,0.0,0.0,0.0,0.01224368146938316,0.2836138777325081,65.83863815196356,True,True,True,True,True,True,True,False,True,False,125.0,,True,True,False,0.05469558548789055,
WO_INV_0488,PPG1000:90+PPG700:10,2.2,57.4145,3.68028081,0.4010247813,9.1771904921,0.4372429986,0.047991776,True,0.3647345066686995,90.0,0.0,0.0,10.0,0.003829793328641077,0.34822824628316007,63.97388740841734,True,True,True,True,True,True,True,True,True,True,52.0,21.0,True,True,True,0.03219547551005151,23.0
WO_INV_0644,PPG2000:10+PPG700:90,1.8,60.16725,2.9907488011,0.3693458485,8.0974209213,0.6593078301,0.0550978506,True,0.3756526381017343,0.0,10.0,0.0,90.0,0.007938826338455347,0.2997861369709963,60.36136095428847,True,True,True,True,True,True,True,True,True,True,92.0,45.0,True,True,True,0.04069312601135336,46.0
WO_INV_0309,PPG1000:70+PPG400:30,1.9,68.943875,2.5773788533,0.3245685441,7.9409385168,0.6033767068,0.0533080546,True,0.40808744916026113,70.0,0.0,30.0,0.0,0.03062157276263166,0.28027200015410114,59.79818898464303,True,True,True,True,True,True,True,True,True,True,251.0,112.0,True,True,True,0.07641813774470027,102.0
WO_INV_0050,PPG700:100,1.6,57.2,2.7278412454,0.3644177016,7.4854795288,0.6823147528,0.0558340721,True,0.36386768447837153,0.0,0.0,0.0,100.0,0.016889826022792875,0.221205611895384,58.09355124172118,True,True,True,True,True,True,True,True,True,True,158.0,78.0,False,True,False,0.06306404407408515,
WO_INV_0308,PPG1000:70+PPG400:30,1.8,65.31525000000002,2.6456393918,0.3378144377,7.8316350541,0.6471267068,0.0547080546,True,0.3950951288522989,70.0,0.0,30.0,0.0,0.02422917537828283,0.2664118381448282,59.39818898066932,True,True,True,True,True,True,True,True,True,True,207.0,96.0,True,True,True,0.06986236823270557,93.0
WO_INV_0493,PPG1000:90+PPG700:10,2.7,70.46325,3.229379025,0.3283313212,9.8357324341,0.6559929986,0.054991776,True,0.4133632909146106,90.0,0.0,0.0,10.0,0.020059898497685365,0.27892743619210913,65.97388740812154,True,True,True,True,True,True,True,False,True,False,183.0,,True,True,False,0.07190226224775949,
WO_INV_0370,PPG1000:20+PPG700:80,1.6,53.768,3.0297925551,0.3920508719,7.7280597297,0.6744270923,0.055581667,True,0.34966963217314395,20.0,0.0,0.0,80.0,0.005318414069422825,0.2530983566507405,59.013966014708636,True,False,True,True,True,True,True,True,True,False,67.0,,False,True,False,0.03952329699126124,
WO_INV_0586,PPG2000:60+PPG400:40,2.4,78.078,2.867027377,0.3096937763,9.2576202584,0.5809977878,0.0525919292,True,0.43844832039892634,0.0,60.0,40.0,0.0,0.028772092772950706,0.3395023333649089,64.22571455984684,True,True,True,True,True,True,True,True,True,True,240.0,109.0,True,True,True,0.08016676533047802,107.0
WO_INV_0354,PPG1000:10+PPG700:90,1.6,55.484,2.8804454303,0.3782514212,7.6151608931,0.6898559162,0.0560753893,True,0.3568470067659695,10.0,0.0,0.0,90.0,0.01008258747127777,0.23838164533972847,58.58924626479684,True,True,True,True,True,True,True,True,True,True,111.0,56.0,False,True,False,0.05039836581405353,
WO_INV_0010,PPG1000:100,2.4,60.06,3.6644172166,0.3848329842,9.5220975526,0.5228520574,0.0507312658,True,0.37523428714232165,100.0,0.0,0.0,0.0,0.006838243649624544,0.3113342017721449,65.03863814827174,True,True,True,True,True,True,True,False,True,False,81.0,,True,True,False,0.04253414203416316,
WO_INV_0667,PPG2000:20+PPG700:80,2.5,77.75625000000001,2.8320145688,0.3048195332,9.2907909784,0.5801716892,0.0525654941,True,0.4374318765162969,0.0,20.0,0.0,80.0,0.031801372801896995,0.33592566526778345,64.32893609850036,True,True,True,True,True,True,True,True,True,True,259.0,114.0,True,True,True,0.08477381602251374,114.0
WO_INV_0649,PPG2000:10+PPG700:90,2.3,76.88037499999999,2.6243273125,0.3023948047,8.6784801576,0.5280578301,0.0508978506,True,0.43464615562919284,0.0,10.0,0.0,90.0,0.03733354897113155,0.36908694706223427,62.36136095330805,True,True,True,True,True,True,True,True,True,True,288.0,125.0,True,True,True,0.08580824126689271,115.0
WO_INV_0013,PPG1000:100,2.7,67.56750000000001,3.3880339437,0.3413162384,9.9263778363,0.6541020574,0.0549312658,True,0.4032255658167605,100.0,0.0,0.0,0.0,0.016347065849840886,0.2697537157074348,66.23863814897501,True,True,True,True,True,True,True,False,True,False,157.0,,True,True,False,0.06484895554038461,
WO_INV_0310,PPG1000:70+PPG400:30,2.0,72.5725,2.5108795151,0.3118420295,8.0517674908,0.5596267068,0.0519080546,True,0.42053339900621484,70.0,0.0,30.0,0.0,0.03794774711007829,0.29413216217628735,60.198188980081376,True,True,True,True,True,True,True,True,True,True,294.0,128.0,True,True,True,0.08383776606386055,112.0
WO_INV_0581,PPG2000:60+PPG400:40,1.9,61.81175,3.2673358425,0.3782608325,8.6377852574,0.6247477878,0.0539919292,True,0.3819979080629188,0.0,60.0,40.0,0.0,0.0038488716039611175,0.36438674477916017,62.22571456449092,True,True,True,True,True,True,True,True,True,True,53.0,22.0,True,True,True,0.035056501998602566,31.0
WO_INV_0307,PPG1000:70+PPG400:30,1.7,61.68662500000001,2.7157077753,0.3516009064,7.7238361045,0.6908767068,0.0561080546,True,0.3815196525995889,70.0,0.0,30.0,0.0,0.018770554993818474,0.2525516761203371,58.99818898425581,True,True,True,True,True,True,True,True,True,True,173.0,85.0,False,True,False,0.06417045758537981,
WO_INV_0341,PPG1000:90+PPG400:10,1.9,54.679625,3.5061183527,0.4101864425,8.5476212509,0.5429635,0.051374832,True,0.3535024409323465,90.0,0.0,10.0,0.0,0.0006441258000832023,0.353893558742282,61.92288445155481,True,True,True,True,True,True,True,True,True,True,12.0,2.0,True,True,True,0.022538253179174357,2.0
WO_INV_0055,PPG700:100,2.1,75.075,2.3936307462,0.2983599793,8.0226267342,0.4635647528,0.0488340721,True,0.42881622161930605,0.0,0.0,0.0,100.0,0.049780242873377976,0.2905064219940103,60.09355123855507,True,True,True,True,True,True,False,True,True,False,342.0,,True,True,False,0.09626265196285538,
WO_INV_0445,PPG1000:60+PPG700:40,2.7,79.1505,2.7734379821,0.2922464407,9.4900659014,0.598896587,0.0531646908,True,0.4418100982135132,60.0,0.0,0.0,40.0,0.04022222587808914,0.3147038005645494,64.94139257411926,True,True,True,True,True,True,False,True,True,False,301.0,,True,True,False,0.09885991663630825,
WO_INV_0679,PPG2000:30+PPG700:70,2.1,60.43537500000001,3.5682489952,0.3911230923,9.1230844332,0.5079635,0.050254832,True,0.37669606843253867,0.0,30.0,0.0,70.0,0.0037447758440579256,0.3541414051591126,63.80323547082189,True,True,True,True,True,True,True,True,True,True,51.0,20.0,True,True,True,0.0333560788034201,27.0
WO_INV_0386,PPG1000:30+PPG700:70,1.6,52.05200000000001,3.184246462,0.4063608174,7.8360076212,0.6584977878,0.0550719292,True,0.3423302554389288,30.0,0.0,0.0,70.0,0.002123932877382444,0.2669700034418216,59.41429746097996,True,False,True,True,True,True,True,True,True,False,32.0,,True,True,False,0.03042629727946318,
WO_INV_0684,PPG2000:30+PPG700:70,2.6,74.82475000000001,3.1310731588,0.3202245039,9.7777438026,0.6392135,0.054454832,True,0.42799861003662243,0.0,30.0,0.0,70.0,0.023230634121460907,0.2848405950596775,65.8032354711691,True,True,True,True,True,True,True,False,True,False,204.0,,True,True,False,0.0764767125029803,
WO_INV_0349,PPG1000:90+PPG400:10,2.7,77.702625,2.8445100527,0.2978564902,9.5499347702,0.6304635,0.054174832,True,0.4372621113503528,90.0,0.0,10.0,0.0,0.035942632593146666,0.3084150333377745,65.12288445610842,True,True,True,True,True,True,False,False,True,False,283.0,,True,True,False,0.09452925251546973,
WO_INV_0009,PPG1000:100,2.3,57.5575,3.7614674009,0.4005383162,9.3910301438,0.4791020574,0.0493312658,True,0.36531107690843023,100.0,0.0,0.0,0.0,0.005536190225401005,0.32519436378370703,64.63863814956359,True,True,True,True,True,True,True,True,True,True,70.0,33.0,True,True,True,0.038050962577514294,39.0
WO_INV_0436,PPG1000:60+PPG700:40,1.8,52.767,3.5090531429,0.4188854198,8.3771193191,0.555146587,0.0517646908,True,0.3454083669902532,60.0,0.0,0.0,40.0,0.00018163498175599504,0.333744629497424,61.34139257154692,True,False,True,True,True,True,True,True,True,False,4.0,,True,True,False,0.019645168923641904,
WO_INV_0419,PPG1000:50+PPG700:50,1.7,51.65875,3.4259836391,0.4199751814,8.1575859501,0.58125,0.0526,True,0.34062492272948314,50.0,0.0,0.0,50.0,6.315176289868768e-05,0.30718881653030894,60.57499999945398,True,False,True,True,True,True,True,True,True,False,1.0,,True,True,False,0.017854754394503375,
WO_INV_0014,PPG1000:100,2.8,70.07,3.300618772,0.3279330372,10.0649169105,0.6978520574,0.0563312658,True,0.41200682072087963,100.0,0.0,0.0,0.0,0.02138422724198267,0.2558935536944681,66.63863815482328,True,True,True,True,True,True,True,False,True,False,191.0,,False,True,False,0.07618789513956484,
WO_INV_0049,PPG700:100,1.5,53.625,2.8000867022,0.3792898701,7.3824452551,0.7260647528,0.0572340721,True,0.34906427990235966,0.0,0.0,0.0,100.0,0.013113073612561962,0.20734544988428516,57.693551244301304,True,False,True,True,True,True,True,True,True,False,134.0,,False,True,False,0.05901589902546177,
WO_INV_0453,PPG1000:70+PPG700:30,1.9,53.66075,3.5956618986,0.4181012861,8.5999780866,0.5297009604,0.0509504307,True,0.34921572359890213,70.0,0.0,0.0,30.0,0.0007803320175579629,0.3600001859583933,62.0991198307662,True,False,True,True,True,True,True,True,True,False,14.0,,True,True,False,0.023174600104558532,
WO_INV_0311,PPG1000:70+PPG400:30,2.1,76.20112500000002,2.4460959363,0.2996145286,8.164143267,0.5158767068,0.0505080546,True,0.4324667336828866,70.0,0.0,30.0,0.0,0.046207698471589516,0.3079923241936914,60.59818898263722,True,True,True,True,True,True,False,True,True,False,330.0,,True,True,False,0.0923232024869943,
WO_INV_0478,PPG1000:80+PPG700:20,2.8,76.076,2.9902042092,0.3032571486,9.8602925717,0.6799640638,0.05575885,True,0.4320634271564551,80.0,0.0,0.0,20.0,0.032383189863779416,0.2764335167010083,66.04586115137879,True,True,True,True,True,True,True,False,True,False,266.0,,True,True,False,0.09302111203863807,
WO_INV_0494,PPG1000:90+PPG700:10,2.8,73.073,3.1460573327,0.3154572659,9.9730064014,0.6997429986,0.056391776,True,0.4222091256290698,90.0,0.0,0.0,10.0,0.026107250509808357,0.2650672741689546,66.37388741344614,True,True,True,True,True,True,True,False,True,False,226.0,,True,True,False,0.08434051667967463,
WO_INV_0306,PPG1000:70+PPG400:30,1.6,58.05800000000001,2.7876318834,0.3659500116,7.6175209592,0.7346267068,0.0575080546,True,0.3673208569006315,70.0,0.0,30.0,0.0,0.014245711590258229,0.23869151409977596,58.59818898361929,True,True,True,True,True,True,True,True,True,True,145.0,72.0,False,True,False,0.05934240577080048,
WO_INV_0643,PPG2000:10+PPG700:90,1.7,56.824625,3.0699572278,0.3844191386,7.9859635483,0.7030578301,0.0564978506,True,0.3623450398813324,0.0,10.0,0.0,90.0,0.004861212763188141,0.28592597495226946,59.96136094869209,True,True,True,True,True,True,True,True,True,True,59.0,26.0,True,True,True,0.03703698295526898,37.0
WO_INV_0470,PPG1000:80+PPG700:20,2.0,54.34,3.685699703,0.417623839,8.8254054456,0.5049640638,0.05015885,True,0.35207982376571206,80.0,0.0,0.0,20.0,0.0018564413712887804,0.3858750753801579,62.8458611563718,True,True,True,True,True,True,True,True,True,True,31.0,9.0,True,True,True,0.02704646373386354,9.0
WO_INV_0395,PPG1000:30+PPG700:70,2.5,81.33125,2.5167216689,0.2835083221,8.877064525,0.5272477878,0.0508719292,True,0.4485230758625443,30.0,0.0,0.0,70.0,0.051764622163104755,0.38147842661727266,63.014297464808195,True,True,True,True,True,True,False,True,True,False,348.0,,True,True,False,0.10690580843903605,
WO_INV_0353,PPG1000:10+PPG700:90,1.5,52.01625,2.9567325296,0.3936881545,7.5103416134,0.7336059162,0.0574753893,True,0.34217558978069773,10.0,0.0,0.0,90.0,0.007314974999962547,0.22452148331637908,58.18924626801518,True,False,True,True,True,True,True,True,True,False,86.0,,False,True,False,0.0472020882790397,
WO_INV_0378,PPG1000:20+PPG700:80,2.4,80.652,2.4580674448,0.2846873631,8.6342696,0.4994270923,0.049981667,True,0.44644952726789633,20.0,0.0,0.0,80.0,0.053377900284157474,0.36397965280572936,62.21396601597928,True,True,True,True,True,True,False,True,True,False,357.0,,True,True,False,0.1057228523336238,
WO_INV_0322,PPG1000:80+PPG400:20,1.6,52.05200000000001,3.2279732035,0.4089407734,7.8934980651,0.6809977878,0.0557919292,True,0.3423302554389288,80.0,0.0,20.0,0.0,0.0015090352972731897,0.27427992163582304,59.62525944522597,True,False,True,True,True,True,True,True,True,False,27.0,,True,True,False,0.028746322844648245,
WO_INV_0660,PPG2000:20+PPG700:80,1.8,55.9845,3.4006520275,0.4033158117,8.4317349549,0.6239216892,0.0539654941,True,0.35891066099516294,0.0,20.0,0.0,80.0,0.0007906704211501736,0.3402430888345068,61.52893610262059,True,True,True,True,True,True,True,True,True,True,15.0,3.0,True,True,True,0.024830163597989632,5.0
WO_INV_0412,PPG1000:40+PPG700:60,2.6,81.796,2.5763826851,0.2824351526,9.1220326555,0.5545344417,0.0517451021,True,0.4499328918128012,40.0,0.0,0.0,60.0,0.05059844394211471,0.3542566993165634,63.7999081142336,True,True,True,True,True,True,False,True,True,False,345.0,,True,True,False,0.10852157209879992,
WO_INV_0402,PPG1000:40+PPG700:60,1.6,50.336000000000006,3.3460640174,0.4213437361,7.9414115613,0.6420344417,0.0545451021,True,0.33482332907620266,40.0,0.0,0.0,60.0,0.00042575715133897924,0.28033156873152365,59.799908116318996,True,False,True,True,True,True,True,True,True,False,9.0,,True,True,False,0.022955032759942214,
WO_INV_0462,PPG1000:70+PPG700:30,2.8,79.07900000000001,2.8418906395,0.2916993692,9.7425326874,0.6609509604,0.0551504307,True,0.44158723245048276,70.0,0.0,0.0,30.0,0.04014707086713397,0.2884482441017189,65.69911983131901,True,True,True,True,True,True,False,False,True,False,300.0,,True,True,False,0.10306924247886871,
WO_INV_0331,PPG1000:80+PPG400:20,2.5,81.33125,2.5512818197,0.2853082964,8.942192892,0.5497477878,0.0515919292,True,0.4485230758625443,80.0,0.0,20.0,0.0,0.049423860170340755,0.3741685084218851,63.225259441529325,True,True,True,True,True,True,False,True,True,False,341.0,,True,True,False,0.10532870055295634,
WO_INV_0565,PPG2000:50+PPG400:50,1.9,71.32124999999999,2.678912366,0.3260566272,8.2160954349,0.6950261148,0.0562408357,True,0.4163012469264612,0.0,50.0,50.0,0.0,0.02595227767638862,0.31433561906832513,60.781254513809785,True,True,True,True,True,True,True,True,True,True,224.0,103.0,True,True,True,0.07128342733705127,95.0
WO_INV_0361,PPG1000:10+PPG700:90,2.3,79.75824999999999,2.3987939246,0.2858762743,8.3910213619,0.4711059162,0.0490753893,True,0.44369729901131105,10.0,0.0,0.0,90.0,0.05560163042674243,0.33540277946762476,61.389246267530496,True,True,True,True,True,True,False,True,True,False,363.0,,True,True,False,0.10515717922655676,
WO_INV_0056,PPG700:100,2.2,78.64999999999999,2.3318723204,0.2866611172,8.1345958028,0.4198147528,0.0474340721,True,0.44024629163168205,0.0,0.0,0.0,100.0,0.059159657198023026,0.30436658401309447,60.49355123537218,True,True,True,True,True,True,False,True,True,False,373.0,,True,True,False,0.1054939500615596,
WO_INV_0369,PPG1000:20+PPG700:80,1.5,50.4075,3.1100350353,0.4080507715,7.6216864481,0.7181770923,0.056981667,True,0.3351395375895484,20.0,0.0,0.0,80.0,0.0035129747341374204,0.23923819463143473,58.613966015131695,True,False,True,True,True,True,True,True,True,False,48.0,,False,True,False,0.03715653990677664,
WO_INV_0587,PPG2000:60+PPG400:40,2.5,81.33125,2.7930547738,0.2975505096,9.3868257109,0.6247477878,0.0539919292,True,0.4485230758625443,0.0,60.0,40.0,0.0,0.036558067987087446,0.3256421713505339,64.62571456344226,True,True,True,True,True,True,False,True,True,False,286.0,,True,True,False,0.09417614238750284,
WO_INV_0566,PPG2000:50+PPG400:50,2.0,75.075,2.6097933464,0.313271764,8.3307646802,0.6512761148,0.0548408357,True,0.42881622161930605,0.0,50.0,50.0,0.0,0.033006536075869466,0.32819578108082353,61.18125451157643,True,True,True,True,True,True,True,True,True,True,270.0,119.0,True,True,True,0.08121954545715651,111.0
WO_INV_0429,PPG1000:50+PPG700:50,2.7,82.04625000000001,2.6379187252,0.2815177829,9.3703449132,0.58125,0.0526,True,0.4506890419330253,50.0,0.0,0.0,50.0,0.049803458668385786,0.3273994515151586,64.57500000255204,True,True,True,True,True,True,False,True,True,False,343.0,,True,True,False,0.11047768516263312,
WO_INV_0008,PPG1000:100,2.2,55.05500000000001,3.8610879089,0.4168845949,9.2617668191,0.4353520574,0.0479312658,True,0.3550675566734385,100.0,0.0,0.0,0.0,0.005167913787103781,0.33905452580497825,64.23863815510258,True,True,True,True,True,True,True,True,True,True,63.0,29.0,True,True,True,0.03462620589560188,30.0
WO_INV_0580,PPG2000:60+PPG400:40,1.8,58.5585,3.3538695331,0.3936979499,8.5188900112,0.6684977878,0.0553919292,True,0.3693179488958334,0.0,60.0,40.0,0.0,0.0016655583283342562,0.3505265827503572,61.82571456580209,True,True,True,True,True,True,True,True,True,True,29.0,7.0,True,True,True,0.029631811658766483,14.0
WO_INV_0564,PPG2000:50+PPG400:50,1.8,67.56750000000001,2.7498619669,0.3393632506,8.1030045603,0.7387761148,0.0576408357,True,0.4032255658167605,0.0,50.0,50.0,0.0,0.01983179625268393,0.30047545704193357,60.38125451310965,True,True,True,True,True,True,True,True,True,True,181.0,88.0,True,True,True,0.0633512287461179,84.0
WO_INV_0487,PPG1000:90+PPG700:10,2.1,54.80475,3.7777511334,0.4173909131,9.0508705744,0.4809929986,0.049391776,True,0.3540249895432795,90.0,0.0,0.0,10.0,0.0033851032549850934,0.3620884083099486,63.5738874085385,True,True,True,True,True,True,True,True,True,True,47.0,19.0,True,True,True,0.031209299791883954,20.0
WO_INV_0668,PPG2000:20+PPG700:80,2.6,80.86649999999999,2.7589453364,0.2928673883,9.4204593834,0.6239216892,0.0539654941,True,0.44710601465721955,0.0,20.0,0.0,80.0,0.039966581109678545,0.3220655032470408,64.72893610361807,True,True,True,True,True,True,False,True,True,False,299.0,,True,True,False,0.09920275846522325,
WO_INV_0312,PPG1000:70+PPG400:30,2.2,79.82975000000002,2.3829838483,0.2878664749,8.2780874337,0.4721267068,0.0491080546,True,0.44391848401057116,70.0,0.0,30.0,0.0,0.055401426808761596,0.32185248621956053,60.99818898174737,True,True,True,True,True,True,False,True,True,False,362.0,,True,True,False,0.10382975581749529,
WO_INV_0685,PPG2000:30+PPG700:70,2.7,77.70262500000001,3.0502878709,0.3076683215,9.9142084423,0.6829635,0.055854832,True,0.4372621113503529,0.0,30.0,0.0,70.0,0.029929136738020928,0.2709804330387874,66.20323547230542,True,True,True,True,True,True,True,False,True,False,243.0,,True,True,False,0.08956693489815071,
WO_INV_0015,PPG1000:100,2.9,72.57249999999999,3.2154590122,0.3150745989,10.2053895275,0.7416020574,0.0577312658,True,0.4205333990062147,100.0,0.0,0.0,0.0,0.02735516560261681,0.24203339166851784,67.03863815358957,True,True,True,True,True,True,True,False,True,False,230.0,,False,True,False,0.08871240422068488,
WO_INV_0650,PPG2000:10+PPG700:90,2.4,80.223,2.5566166501,0.2905377348,8.799602749,0.5718078301,0.0522978506,True,0.44513186441242236,0.0,10.0,0.0,90.0,0.04601382446239538,0.382947109078077,62.76136095456922,True,True,True,True,True,True,False,True,True,False,327.0,,True,True,False,0.10052479651842708,
WO_INV_0602,PPG2000:70+PPG400:30,2.4,66.066,3.5889820701,0.3670915228,9.7768045489,0.5960442273,0.0530734153,True,0.3978297785217926,0.0,70.0,30.0,0.0,0.010343247781975637,0.2849366600450548,65.80046306310678,True,True,True,True,True,True,True,False,True,False,114.0,,True,True,False,0.05208368096715479,
WO_INV_0305,PPG1000:70+PPG400:30,1.5,54.42937500000001,2.8614608641,0.3808847149,7.5126691943,0.7783767068,0.0589080546,True,0.35245480336885393,70.0,0.0,30.0,0.0,0.01065464517246206,0.2248313520834882,58.19818898241755,True,True,True,True,True,True,True,True,True,True,116.0,59.0,False,True,False,0.055378212796247134,
WO_INV_0567,PPG2000:50+PPG400:50,2.1,78.82875,2.5424576771,0.3009882024,8.4470343252,0.6075261148,0.0534408357,True,0.44080579884386595,0.0,50.0,50.0,0.0,0.040994571479155424,0.34205594310559145,61.5812545159524,True,True,True,True,True,True,True,True,True,True,306.0,131.0,True,True,True,0.09188468806645739,117.0
WO_INV_0603,PPG2000:70+PPG400:30,2.5,68.81875000000001,3.4963822057,0.3526976583,9.9132560798,0.6397942273,0.0544734153,True,0.40764873570027027,0.0,70.0,30.0,0.0,0.013634372091349744,0.2710764980197305,66.20046306414102,True,True,True,True,True,True,True,False,True,False,140.0,,True,True,False,0.05890081527970213,
WO_INV_0678,PPG2000:30+PPG700:70,2.0,57.557500000000005,3.6627522142,0.4070851285,8.9975092613,0.5517135,0.051654832,True,0.3653110769084303,0.0,30.0,0.0,70.0,0.0026489351496387986,0.36800156717176247,63.403235471013794,True,True,True,True,True,True,True,True,True,True,40.0,15.0,True,True,True,0.031653466842210265,21.0
WO_INV_0601,PPG2000:70+PPG400:30,2.3,63.31325,3.6840343938,0.3820728121,9.6422312123,0.5522942273,0.0516734153,True,0.38767981165031007,0.0,70.0,30.0,0.0,0.007985900456006058,0.2987968220622336,65.40046305899583,True,True,True,True,True,True,True,False,True,False,93.0,,True,True,False,0.046324969417712816,
WO_INV_0563,PPG2000:50+PPG400:50,1.7,63.81375,2.822690631,0.3532129275,7.991470331,0.7825261148,0.0590408357,True,0.38955063295968745,0.0,50.0,50.0,0.0,0.014645091839845302,0.2866152950220193,59.981254519998615,True,True,True,True,True,True,True,True,True,True,147.0,73.0,True,True,True,0.05774724407626771,77.0
WO_INV_0385,PPG1000:30+PPG700:70,1.5,48.79875,3.2685795736,0.4229447169,7.7281484852,0.7022477878,0.0564719292,True,0.32795134367728224,30.0,0.0,0.0,70.0,0.0012771856713198625,0.2531098414209722,59.01429746509551,True,False,True,True,True,True,True,True,True,False,22.0,,False,True,False,0.028888885640568632,
WO_INV_0495,PPG1000:90+PPG700:10,2.9,75.68275,3.0648854358,0.3030880096,10.1121962546,0.7434929986,0.057791776,True,0.43079215233140417,90.0,0.0,0.0,10.0,0.03308837948462008,0.2512071121559708,66.77388741149007,True,True,True,True,True,True,True,False,True,False,272.0,,False,True,False,0.09796434058578647,
WO_INV_0340,PPG1000:90+PPG400:10,1.8,51.80175,3.5989760739,0.4269264688,8.4299670719,0.5867135,0.052774832,True,0.34124606600385043,90.0,0.0,10.0,0.0,0.0004338088934987283,0.340033396716396,61.52288445006293,True,False,True,True,True,True,True,True,True,False,10.0,,True,True,False,0.02203536143717135,
WO_INV_0446,PPG1000:60+PPG700:40,2.8,82.082,2.701880093,0.2807872939,9.6225155186,0.642646587,0.0545646908,True,0.4507968937072308,60.0,0.0,0.0,40.0,0.049340065328402974,0.3008436385461014,65.34139257009376,True,True,True,True,True,True,False,False,True,False,339.0,,True,True,False,0.11442865702313423,
WO_INV_0604,PPG2000:70+PPG400:30,2.6,71.57150000000001,3.4061715242,0.3388681853,10.0516120181,0.6835442273,0.0558734153,True,0.41715261567334905,0.0,70.0,30.0,0.0,0.017859273387203847,0.257216336008181,66.60046306448756,True,True,True,True,True,True,True,False,True,False,166.0,,False,True,False,0.06881601378810315,
WO_INV_0350,PPG1000:90+PPG400:10,2.8,80.58049999999999,2.7711184224,0.2861773702,9.6832199568,0.6742135,0.055574832,True,0.4462303515606613,90.0,0.0,10.0,0.0,0.044556942365014784,0.2945548713202358,65.5228844529009,True,True,True,True,True,True,False,False,True,False,320.0,,True,True,False,0.10965518967771637,
WO_INV_0642,PPG2000:10+PPG700:90,1.6,53.482,3.1512634485,0.4001075812,7.8760403361,0.7468078301,0.0578978506,True,0.34845779961168083,0.0,10.0,0.0,90.0,0.0027173761887445426,0.2720658129298185,59.56136095341532,True,False,True,True,True,True,True,True,True,False,41.0,,True,True,False,0.03424469877327106,
WO_INV_0479,PPG1000:80+PPG700:20,2.9,78.79299999999999,2.9130535021,0.2913662657,9.9979093164,0.7237140638,0.05715885,True,0.4406939869010531,80.0,0.0,0.0,20.0,0.04040102987688522,0.2625733546853273,66.44586115343292,True,True,True,True,True,True,False,False,True,False,303.0,,False,True,False,0.10770151747315725,
WO_INV_0600,PPG2000:70+PPG400:30,2.2,60.560500000000005,3.7816041289,0.3976654993,9.5095102174,0.5085442273,0.0502734153,True,0.3771818099719421,0.0,70.0,30.0,0.0,0.006562330128563528,0.31265698408118703,65.00046306366555,True,True,True,True,True,True,True,False,True,False,79.0,,True,True,False,0.04162468066390311,
WO_INV_0787,PPG400:10+PPG700:90,1.7,65.33312499999998,2.4266019932,0.3262422643,7.4380368784,0.6965821891,0.0562906301,True,0.39516052817606867,0.0,0.0,10.0,90.0,0.03907323143119746,0.21484748436955003,57.91005764184363,True,True,True,True,True,True,True,True,True,True,297.0,129.0,False,True,False,0.0975329698552225,
WO_INV_0568,PPG2000:50+PPG400:50,2.2,82.58250000000001,2.4768593454,0.2891862862,8.564926706,0.5637761148,0.0520408357,True,0.4523023838538743,0.0,50.0,50.0,0.0,0.049916383847598715,0.3559161051267084,61.981254513313885,True,True,True,True,True,True,False,True,True,False,344.0,,True,True,False,0.10327885511043511,
WO_INV_0786,PPG400:10+PPG700:90,1.6,61.49,2.490869285,0.3395564637,7.3356556315,0.7403321891,0.0576906301,True,0.38076661093566166,0.0,0.0,10.0,90.0,0.03250610366345229,0.2009873223532934,57.51005763962709,True,True,True,True,True,True,True,True,True,True,268.0,118.0,False,True,False,0.09097921060076943,
WO_INV_0435,PPG1000:60+PPG700:40,1.7,49.8355,3.6019885905,0.4359804581,8.2618120229,0.598896587,0.0531646908,True,0.33260141955678063,60.0,0.0,0.0,40.0,0.00040156537372727834,0.31988446747848814,60.94139257003049,True,False,True,True,True,True,True,True,True,False,7.0,,True,True,False,0.02143388543320697,
WO_INV_0418,PPG1000:50+PPG700:50,1.6,48.62,3.5167190341,0.4371146937,8.0453004324,0.625,0.054,True,0.32714304938770017,50.0,0.0,0.0,50.0,0.00022489450130321956,0.2933286545090779,60.1749999989668,True,False,True,True,True,True,True,True,True,False,5.0,,True,True,False,0.020900549762860425,
WO_INV_0699,PPG2000:40+PPG700:60,2.5,66.1375,3.6545327916,0.3656932732,9.9934372871,0.63681112,0.0543779558,True,0.39808893236024384,0.0,40.0,0.0,60.0,0.012419984514143738,0.26302075119775736,66.43294942688924,True,True,True,True,True,True,True,False,True,False,127.0,,True,True,False,0.05871742651727592,
WO_INV_0700,PPG2000:40+PPG700:60,2.6,68.783,3.5602416431,0.3513542348,10.1329122873,0.68056112,0.0557779558,True,0.4075232695235894,0.0,40.0,0.0,60.0,0.015704804314112666,0.2491605891761151,66.83294943124034,True,True,True,True,True,True,True,False,True,False,153.0,,False,True,False,0.06567723869841476,
WO_INV_0452,PPG1000:70+PPG700:30,1.8,50.8365,3.690891134,0.4351643233,8.4816032393,0.5734509604,0.0523504307,True,0.3370304932824615,70.0,0.0,0.0,30.0,0.0010751348579282642,0.3461400239441407,61.69911982860432,True,False,True,True,True,True,True,True,True,False,19.0,,True,True,False,0.024940767815107436,
WO_INV_0698,PPG2000:40+PPG700:60,2.4,63.492,3.751321192,0.3806174987,9.8558820979,0.59306112,0.0529779558,True,0.3883492770288455,0.0,40.0,0.0,60.0,0.010068941723306708,0.27688091321148534,66.03294943369893,True,True,True,True,True,True,True,False,True,False,110.0,,True,True,False,0.05281603714780919,
WO_INV_0788,PPG400:10+PPG700:90,1.8,69.17625,2.3639928714,0.3134501221,7.5418470255,0.6528321891,0.0548906301,True,0.4089004810072336,0.0,0.0,10.0,90.0,0.04657413619844792,0.2287076463872919,58.31005764613783,True,True,True,True,True,True,True,True,True,True,332.0,135.0,False,True,False,0.10495058796928981,
WO_INV_0562,PPG2000:50+PPG400:50,1.6,60.06,2.8974481244,0.3676278206,7.8814713205,0.8262761148,0.0604408357,True,0.37523428714232165,0.0,50.0,50.0,0.0,0.010392164381009292,0.2727551330119997,59.58125451383968,True,True,True,True,True,True,True,True,True,True,115.0,58.0,False,True,False,0.053007118191806715,
WO_INV_0785,PPG400:10+PPG700:90,1.5,57.64687499999999,2.5568386627,0.3534140258,7.2346836166,0.7840821891,0.0590906301,True,0.3656709021349138,0.0,0.0,10.0,90.0,0.026872752896174842,0.18712716033461044,57.11005764556551,True,True,True,True,True,True,True,True,True,True,228.0,105.0,False,True,False,0.08528931021316492,
WO_INV_0605,PPG2000:70+PPG400:30,2.7,74.32425,3.3182883821,0.3255809737,10.1918989432,0.7272942273,0.0572734153,True,0.4263563445705345,0.0,70.0,30.0,0.0,0.02301795166893441,0.2433561739870087,67.00046306491137,True,True,True,True,True,True,True,False,True,False,203.0,,False,True,False,0.08040186018810677,
WO_INV_0659,PPG2000:20+PPG700:80,1.7,52.87425,3.490716528,0.4197754422,8.3156758989,0.6676716892,0.0553654941,True,0.3458676003316451,0.0,20.0,0.0,80.0,9.567802556700525e-05,0.3263829268119886,61.12893610432842,True,False,True,True,True,True,True,True,True,False,2.0,,True,True,False,0.021047206551416255,
WO_INV_0016,PPG1000:100,3.0,75.07500000000002,3.1324964722,0.3027203472,10.3478226729,0.7853520574,0.0591312658,True,0.42881622161930605,100.0,0.0,0.0,0.0,0.034259880938359036,0.2281732296490981,67.43863815080321,True,True,True,True,True,True,True,False,True,False,278.0,,False,True,False,0.10242248279364047,
WO_INV_0321,PPG1000:80+PPG400:20,1.5,48.79875,3.3134643951,0.4256299629,7.7848475989,0.7247477878,0.0571919292,True,0.32795134367728224,80.0,0.0,20.0,0.0,0.0008540507987765376,0.26041975961709213,59.22525944935715,True,False,True,True,True,True,True,True,True,False,17.0,,False,True,False,0.027666029903630943,
WO_INV_0469,PPG1000:80+PPG700:20,1.9,51.623,3.7833135429,0.4346673912,8.7039276916,0.5487140638,0.05155885,True,0.34046945384275473,80.0,0.0,0.0,20.0,0.002242594247668916,0.3720149133602157,62.445861155732615,True,False,True,True,True,True,True,True,True,False,33.0,,True,True,False,0.028876443382833954,
WO_INV_0686,PPG2000:30+PPG700:70,2.8,80.5805,2.9715869362,0.2956044741,10.0525776725,0.7267135,0.057254832,True,0.4462303515606613,0.0,30.0,0.0,70.0,0.037561416322769325,0.2571202710171911,66.60323546778223,True,True,True,True,True,True,False,False,True,False,289.0,,False,True,False,0.10384272677835196,
WO_INV_0463,PPG1000:70+PPG700:30,2.9,81.90325,2.7685665931,0.2802616734,9.8785058975,0.7047009604,0.0565504307,True,0.45025721090744664,70.0,0.0,0.0,30.0,0.04919003785747346,0.2745880820867985,66.09911982499193,True,True,True,True,True,True,False,False,True,False,337.0,,True,True,False,0.11879484441521872,
WO_INV_0579,PPG2000:60+PPG400:40,1.7,55.30525,3.4426950235,0.4097650681,8.4016313049,0.7122477878,0.0567919292,True,0.35610676393747154,0.0,60.0,40.0,0.0,0.0004160220350720619,0.33666642073054415,61.42571456093799,True,True,True,True,True,True,True,True,True,True,8.0,1.0,True,True,True,0.024936145769100942,6.0
WO_INV_0588,PPG2000:60+PPG400:40,2.6,84.5845,2.7209907489,0.2858833872,9.51783444,0.6684977878,0.0553919292,True,0.4582427018519974,0.0,60.0,40.0,0.0,0.04527782019007244,0.31178200932449296,65.0257145677661,True,True,True,True,True,True,False,False,True,False,322.0,,True,True,False,0.10937108895585534,
WO_INV_0701,PPG2000:40+PPG700:60,2.7,71.42850000000001,3.4683833148,0.3375774382,10.2743338926,0.72431112,0.0571779558,True,0.41666642361100986,0.0,40.0,0.0,60.0,0.01992340109126271,0.2353004271514651,67.23294943162816,True,True,True,True,True,True,True,False,True,False,182.0,,False,True,False,0.07398493059570391,
WO_INV_0396,PPG1000:30+PPG700:70,2.6,84.5845,2.4517873559,0.2723918018,9.0009586908,0.5709977878,0.0522719292,True,0.4582427018519974,30.0,0.0,0.0,70.0,0.06194913922629348,0.36761826459829766,63.41429746419615,True,True,True,True,True,True,False,True,True,False,387.0,,True,True,False,0.12330841615499057,
WO_INV_0379,PPG1000:20+PPG700:80,2.5,84.0125,2.3946464781,0.2735246119,8.7547751597,0.5431770923,0.051381667,True,0.4565586576998846,20.0,0.0,0.0,80.0,0.06358733252019447,0.37783981482076506,62.61396601817715,True,True,True,True,True,True,False,True,True,False,390.0,,True,True,False,0.12201902352071008,
WO_INV_0401,PPG1000:40+PPG700:60,1.5,47.190000000000005,3.4346827828,0.4385391002,7.8321015873,0.6857844417,0.0559451021,True,0.32060601943066785,40.0,0.0,0.0,60.0,0.00054426189908081,0.26647140671531927,59.399908114464196,True,False,True,True,True,True,True,True,True,False,11.0,,True,True,False,0.02547098799204345,
WO_INV_0413,PPG1000:40+PPG700:60,2.7,84.94200000000001,2.5099090492,0.2713607119,9.2493457581,0.5982844417,0.0531451021,True,0.45928993954861524,40.0,0.0,0.0,60.0,0.06075148602584294,0.3403965372926603,64.19990811036902,True,True,True,True,True,True,False,True,True,False,384.0,,True,True,False,0.12502088618443158,
WO_INV_0697,PPG2000:40+PPG700:60,2.3,60.8465,3.8506729829,0.3961507935,9.7202202942,0.54931112,0.0515779558,True,0.3782892384975738,0.0,40.0,0.0,60.0,0.008651675904177567,0.2907410752336682,65.63294943309538,True,True,True,True,True,True,True,False,True,False,99.0,,True,True,False,0.04797307052082211,
WO_INV_0332,PPG1000:80+PPG400:20,2.6,84.5845,2.485455815,0.274121198,9.0669960322,0.5934977878,0.0529919292,True,0.4582427018519974,80.0,0.0,20.0,0.0,0.05941661458424745,0.36030834640662485,63.62525945046128,True,True,True,True,True,True,False,True,True,False,377.0,,True,True,False,0.12160383722821752,
WO_INV_0669,PPG2000:20+PPG700:80,2.7,83.97675,2.6877613741,0.2813838938,9.5519375261,0.6676716892,0.0553654941,True,0.4564530572477229,0.0,20.0,0.0,80.0,0.049065566361078346,0.30820534123259524,65.12893609789553,True,True,True,True,True,True,False,False,True,False,336.0,,True,True,False,0.11481727035988254,
WO_INV_0789,PPG400:10+PPG700:90,1.9,73.019375,2.3029991369,0.3011595671,7.6471060155,0.6090821891,0.0534906301,True,0.42203004721292053,0.0,0.0,10.0,90.0,0.05500881790400363,0.2425678084099615,58.710057637684066,True,True,True,True,True,True,True,True,True,True,361.0,139.0,False,True,False,0.11323206485759593,
WO_INV_0057,PPG700:100,2.3,82.22499999999998,2.2717073331,0.275420974,8.2481275855,0.4635647528,0.0488340721,True,0.45122787762381666,0.0,0.0,0.0,100.0,0.06947284852648697,0.31822674602603435,60.89355123794166,True,True,True,True,True,True,False,True,True,False,407.0,,True,True,False,0.12114621750675512,
WO_INV_0362,PPG1000:10+PPG700:90,2.4,83.226,2.336902283,0.2746669053,8.5081319888,0.5148559162,0.0504753893,True,0.45422592863458244,10.0,0.0,0.0,90.0,0.06583945876215141,0.3492629414827858,61.78924626329871,True,True,True,True,True,True,False,True,True,False,398.0,,True,True,False,0.12134775017528242,
WO_INV_0007,PPG1000:100,2.1,52.5525,3.9633468142,0.433897978,9.1342827462,0.4791020574,0.0493312658,True,0.3444879631602235,100.0,0.0,0.0,0.0,0.005733414331786903,0.35291468782421276,63.83863815269382,True,False,True,True,True,True,True,True,True,False,73.0,,True,True,False,0.036609046475489126,
WO_INV_0486,PPG1000:90+PPG700:10,2.0,52.195,3.8778029075,0.4344249594,8.9262893939,0.5247429986,0.050791776,True,0.342948191464897,90.0,0.0,0.0,10.0,0.003874190167657488,0.3759485703258438,63.17388740833855,True,False,True,True,True,True,True,True,True,False,55.0,,True,True,False,0.03316755173794906,
WO_INV_0430,PPG1000:50+PPG700:50,2.8,85.085,2.5698573887,0.2704793128,9.5011236253,0.625,0.054,True,0.4597077018667099,50.0,0.0,0.0,50.0,0.05991326275064464,0.31353928950176885,64.97499999654164,True,True,True,True,True,True,False,False,True,False,380.0,,True,True,False,0.12705839124846552,
WO_INV_0651,PPG2000:10+PPG700:90,2.5,83.565625,2.4906530006,0.2791455873,8.9224158072,0.6155578301,0.0536978506,True,0.45523569568104044,0.0,10.0,0.0,90.0,0.05562787692211278,0.37638261713396465,63.161360951227095,True,True,True,True,True,True,False,True,True,False,365.0,,True,True,False,0.11642692125589718,
WO_INV_0496,PPG1000:90+PPG700:10,3.0,78.29249999999999,2.9858078672,0.2912037588,10.2533287333,0.7872429986,0.059191776,True,0.4391239115498408,90.0,0.0,0.0,10.0,0.04100328543333567,0.23734695013014517,67.1738874073396,True,True,True,True,True,True,False,False,True,False,307.0,,False,True,False,0.11277373398483026,
WO_INV_0313,PPG1000:70+PPG400:30,2.3,83.458375,2.3215001248,0.276579069,8.3936218802,0.5158767068,0.0505080546,True,0.4549172257739665,70.0,0.0,30.0,0.0,0.06552893211380464,0.335712648230791,61.398188978856346,True,True,True,True,True,True,False,True,True,False,397.0,,True,True,False,0.11987986542895195,
WO_INV_0677,PPG2000:30+PPG700:70,1.9,54.679625,3.7597583018,0.4236985878,8.8736625753,0.5954635,0.053054832,True,0.3535024409323465,0.0,30.0,0.0,70.0,0.0024868714413723274,0.38186172919664646,63.003235468063835,True,True,True,True,True,True,True,True,True,True,37.0,12.0,True,True,True,0.030807026077419003,17.0
WO_INV_0702,PPG2000:40+PPG700:60,2.8,74.074,3.3788950369,0.3243408375,10.417729271,0.76806112,0.0585779558,True,0.42553167043900864,0.0,40.0,0.0,60.0,0.02507577486087298,0.22144026513390372,67.63294943307375,True,True,True,True,True,True,True,False,True,False,218.0,,False,True,False,0.0857286742396216,
WO_INV_0606,PPG2000:70+PPG400:30,2.8,77.077,3.2326727261,0.3128147611,10.3341438051,0.7710442273,0.0586734153,True,0.4352739203849173,0.0,70.0,30.0,0.0,0.029110406944237208,0.22949601196857475,67.40046306687601,True,True,True,True,True,True,True,False,True,False,241.0,,False,True,False,0.09317327610729258,
WO_INV_0641,PPG2000:10+PPG700:90,1.5,50.139375,3.2347230221,0.4164362814,7.7676301677,0.7905578301,0.0592978506,True,0.33395220274494947,0.0,10.0,0.0,90.0,0.0015073165954469848,0.2582056509082287,59.16136094957718,True,False,True,True,True,True,True,True,True,False,26.0,,False,True,False,0.03231627341548675,
WO_INV_0561,PPG2000:50+PPG400:50,1.5,56.30624999999999,2.9741855312,0.3826309965,7.772986397,0.8700261148,0.0618408357,True,0.36023031708584907,0.0,50.0,50.0,0.0,0.0070730139289627274,0.2588949709863338,59.18125451965497,True,True,True,True,True,True,True,True,True,True,84.0,43.0,False,True,False,0.04913085119097718,
WO_INV_0290,PPG1000:60+PPG400:40,1.6,64.06400000000001,2.4360122905,0.3306802877,7.3666692,0.7829716602,0.0590550931,True,0.39048176321435535,60.0,0.0,40.0,0.0,0.03759777468381731,0.20520619451888597,57.63181299120668,True,True,True,True,True,True,True,True,True,True,290.0,126.0,False,True,False,0.10000551326369701,
WO_INV_0696,PPG2000:40+PPG700:60,2.2,58.20100000000001,3.9526560544,0.4123180141,9.5864258145,0.50556112,0.0501779558,True,0.36789274404080885,0.0,40.0,0.0,60.0,0.008168187073130728,0.3046012372537402,65.23294943219621,True,True,True,True,True,True,True,False,True,False,95.0,,True,True,False,0.044188526665358,
WO_INV_0291,PPG1000:60+PPG400:40,1.7,68.068,2.3731603722,0.3177141282,7.4694832927,0.7392216602,0.0576550931,True,0.4050027369874099,60.0,0.0,40.0,0.0,0.04480622796870352,0.21906635653361836,58.031812987476954,True,True,True,True,True,True,True,True,True,True,321.0,133.0,False,True,False,0.10717417828704814,
WO_INV_0480,PPG1000:80+PPG700:20,3.0,81.51,2.837893372,0.279941631,10.1374467312,0.7674640638,0.05855885,True,0.4490661671533249,80.0,0.0,0.0,20.0,0.049352646872122284,0.24871319266266428,66.84586115468855,True,True,True,True,True,True,False,False,True,False,340.0,,False,True,False,0.12356749241031649,
WO_INV_0289,PPG1000:60+PPG400:40,1.5,60.06,2.5005288092,0.3441756063,7.2652702972,0.8267216602,0.0604550931,True,0.37523428714232165,60.0,0.0,40.0,0.0,0.031323098358774656,0.19134603249782067,57.23181298737484,True,True,True,True,True,True,True,True,True,True,257.0,113.0,False,True,False,0.09370070704189433,
WO_INV_0351,PPG1000:90+PPG400:10,2.9,83.45837499999999,2.6996203805,0.274956195,9.8183653594,0.7179635,0.056974832,True,0.4549172257739664,90.0,0.0,10.0,0.0,0.05410502914868913,0.28069470929745555,65.92288445372799,True,True,True,True,True,True,False,False,True,False,359.0,,True,True,False,0.12596669638339378,
WO_INV_0599,PPG2000:70+PPG400:30,2.1,57.807750000000006,3.8817579476,0.4138945362,9.3786160676,0.5522942273,0.0516734153,True,0.36631756044934427,0.0,70.0,30.0,0.0,0.006072536781297661,0.32651714609620386,64.60046306302532,True,True,True,True,True,True,True,True,True,True,76.0,37.0,True,True,True,0.04067909531006252,45.0
WO_INV_0339,PPG1000:90+PPG400:10,1.7,48.923875,3.6942930836,0.4443496685,8.3139323501,0.6304635,0.054174832,True,0.3285159951686726,90.0,0.0,10.0,0.0,0.0011572689739119324,0.32617323470375825,61.12288445113474,True,False,True,True,True,True,True,True,True,False,20.0,,True,True,False,0.025594787325280824,
WO_INV_0447,PPG1000:60+PPG700:40,2.9,85.0135,2.6321684796,0.2697774666,9.75681369,0.686396587,0.0559646908,True,0.4594989014315171,60.0,0.0,0.0,40.0,0.05939168181009055,0.28698347652674744,65.74139257232507,True,True,True,True,True,True,False,False,True,False,376.0,,True,True,False,0.13118296697848245,
WO_INV_0790,PPG400:10+PPG700:90,2.0,76.8625,2.2435791109,0.2893509315,7.7538340693,0.5653321891,0.0520906301,True,0.4345890168916531,0.0,0.0,10.0,90.0,0.06437727666282571,0.2564279704236445,59.11005764447338,True,True,True,True,True,True,False,True,True,False,392.0,,True,True,False,0.12237740067983915,
WO_INV_0569,PPG2000:50+PPG400:50,2.3,86.33624999999999,2.4129535261,0.2778471297,8.6844644705,0.6075261148,0.0534408357,True,0.4633357706833748,0.0,50.0,50.0,0.0,0.05977197322964439,0.3697762671361203,62.381254516217965,True,True,True,True,True,True,False,True,True,False,378.0,,True,True,False,0.11937571436494604,
WO_INV_0292,PPG1000:60+PPG400:40,1.8,72.072,2.3119301057,0.305256379,7.5737323267,0.6954716602,0.0562550931,True,0.418847924124785,60.0,0.0,40.0,0.0,0.052948458268247366,0.23292651855230825,58.43181299214436,True,True,True,True,True,True,True,True,True,True,354.0,138.0,False,True,False,0.1152067021935212,
WO_INV_0434,PPG1000:60+PPG700:40,1.6,46.904,3.6973853851,0.4537731581,8.14809188,0.642646587,0.0545646908,True,0.31928334150193327,60.0,0.0,0.0,40.0,0.00155527275100906,0.3060243054597699,60.54139257162295,True,False,True,True,True,True,True,True,True,False,28.0,,True,True,False,0.02557557371556418,
WO_INV_0417,PPG1000:50+PPG700:50,1.5,45.58125,3.6098575089,0.4549536827,7.9345604746,0.66875,0.0554,True,0.313098355729189,50.0,0.0,0.0,50.0,0.0013204142230948464,0.27946849249155675,59.77500000309828,True,False,True,True,True,True,True,True,True,False,23.0,,True,True,False,0.027513999893566735,
WO_INV_0687,PPG2000:30+PPG700:70,2.9,83.458375,2.8949165762,0.2840136569,10.1928780748,0.7704635,0.058654832,True,0.4549172257739665,0.0,30.0,0.0,70.0,0.046127472898672646,0.24326010900676498,67.00323546622093,True,True,True,True,True,True,False,False,True,False,328.0,,False,True,False,0.11930408817300403,
WO_INV_0703,PPG2000:40+PPG700:60,2.9,76.7195,3.2917156595,0.3116232514,10.5631259698,0.81181112,0.0599779558,True,0.4341314908654676,0.0,40.0,0.0,60.0,0.031161925595278694,0.2075801031212334,68.03294942899082,True,True,True,True,True,True,True,False,True,False,256.0,,False,True,False,0.09865798735962922,
WO_INV_0658,PPG2000:20+PPG700:80,1.6,49.764,3.5831663399,0.436906803,8.2012143439,0.7114216892,0.0567654941,True,0.3322827915921049,0.0,20.0,0.0,80.0,0.0003344626164064313,0.31252276479731644,60.72893610310327,True,False,True,True,True,True,True,True,True,False,6.0,,True,True,False,0.023138069991321477,
WO_INV_0451,PPG1000:70+PPG700:30,1.7,48.01225,3.7886424663,0.4529237162,8.3648577687,0.6172009604,0.0537504307,True,0.3243802455539998,70.0,0.0,0.0,30.0,0.002303714683997455,0.33227986192212466,61.299119831171886,True,False,True,True,True,True,True,True,True,False,34.0,,True,True,False,0.02905277946256421,
WO_INV_0578,PPG2000:60+PPG400:40,1.6,52.05200000000001,3.5338730109,0.4264878977,8.2859866122,0.7559977878,0.0581919292,True,0.3423302554389288,0.0,60.0,40.0,0.0,0.00010026273289189955,0.3228062587125986,61.02571456590101,True,False,True,True,True,True,True,True,True,False,3.0,,True,True,False,0.02309437411488604,
WO_INV_0589,PPG2000:60+PPG400:40,2.7,87.83775000000001,2.6507860587,0.2746737393,9.6506716132,0.7122477878,0.0567919292,True,0.46762565032854153,0.0,60.0,40.0,0.0,0.054931349332034286,0.2979218473096186,65.42571456298604,True,True,True,True,True,True,False,False,True,False,360.0,,True,True,False,0.12575160496960913,
WO_INV_0607,PPG2000:70+PPG400:30,2.9,79.82975,3.1492660524,0.3005491189,10.4783739301,0.8147942273,0.0600734153,True,0.44391848401057116,0.0,70.0,30.0,0.0,0.03613663919043734,0.21563584994869958,67.80046306399512,True,True,True,True,True,True,True,False,True,False,284.0,,False,True,False,0.10713026151384053,
WO_INV_0464,PPG1000:70+PPG700:30,3.0,84.7275,2.6971343914,0.269272456,10.0163768394,0.7484509604,0.0579504307,True,0.45866208333897224,70.0,0.0,0.0,30.0,0.05916678186899619,0.2607279200695366,66.49911982544855,True,True,True,True,True,True,False,False,True,False,374.0,,False,True,False,0.1357060159071134,
WO_INV_0205,PPG1000:90+PPG2000:10,2.7,64.189125,3.7835801821,0.3665939113,10.3209029547,0.7542927329,0.0581373675,True,0.39094626395018556,90.0,10.0,0.0,0.0,0.015825724916383274,0.23077810562517276,67.36346223308972,True,True,True,True,True,True,True,False,True,False,154.0,,False,True,False,0.07151982397160375,
WO_INV_0468,PPG1000:80+PPG700:20,1.8,48.906,3.8835126346,0.452406504,8.5841220245,0.5924640638,0.05295885,True,0.32843538876875344,80.0,0.0,0.0,20.0,0.0035625241137296998,0.35815475134180297,62.045861152686676,True,False,True,True,True,True,True,True,True,False,49.0,,True,True,False,0.03313170552690477,
WO_INV_0293,PPG1000:60+PPG400:40,1.9,76.076,2.2522796504,0.2932871052,7.6794363289,0.6517216602,0.0548550931,True,0.4320634271564551,60.0,0.0,40.0,0.0,0.06202446553389407,0.2467866805635256,58.83181298931068,True,True,True,True,True,True,False,True,True,False,388.0,,False,True,False,0.12410308491342945,
WO_INV_0206,PPG1000:90+PPG2000:10,2.8,66.56649999999999,3.6859594626,0.3522195584,10.4649482816,0.7980427329,0.0595373675,True,0.39963918314907254,90.0,10.0,0.0,0.0,0.018899820271750963,0.21691794361114153,67.76346223593502,True,True,True,True,True,True,True,False,True,False,175.0,,False,True,False,0.07858546960109239,
WO_INV_0204,PPG1000:90+PPG2000:10,2.6,61.81175,3.8837863356,0.3815548926,10.1788403472,0.7105427329,0.0567373675,True,0.3819979080629188,90.0,10.0,0.0,0.0,0.013685406558162324,0.24463826764130475,66.96346223576137,True,True,True,True,True,True,True,False,True,False,141.0,,False,True,False,0.06551260113232793,
WO_INV_0670,PPG2000:20+PPG700:80,2.8,87.08699999999999,2.61841404,0.2703506735,9.6852506645,0.7114216892,0.0567654941,True,0.46548931780401626,0.0,20.0,0.0,80.0,0.05909832862638309,0.2943451792131877,65.52893609962622,True,True,True,True,True,True,False,False,True,False,372.0,,True,True,False,0.131617351799371,
WO_INV_0791,PPG400:10+PPG700:90,2.1,80.70562499999998,2.1856921899,0.2780053192,7.8620516902,0.5215821891,0.0506906301,True,0.44661379522635214,0.0,0.0,10.0,90.0,0.07467951237397866,0.2702881324383749,59.51005764374154,True,True,True,True,True,False,False,True,True,False,421.0,,True,True,False,0.13238659529793687,
WO_INV_0397,PPG1000:30+PPG700:70,2.7,87.83775000000001,2.3885284227,0.2617111665,9.1265820052,0.6147477878,0.0536719292,True,0.46762565032854153,30.0,0.0,0.0,70.0,0.0730674332786985,0.3537581025870215,63.81429746131917,True,True,True,True,True,True,False,True,True,False,420.0,,True,True,False,0.14089659338357546,
WO_INV_0380,PPG1000:20+PPG700:80,2.6,87.373,2.3328618454,0.2627995585,8.8769625745,0.5869270923,0.052781667,True,0.4663051773734743,20.0,0.0,0.0,80.0,0.07473054169429308,0.3814899113919021,63.01396601496423,True,True,True,True,True,True,False,True,True,False,422.0,,True,True,False,0.1395007641554295,
WO_INV_0333,PPG1000:80+PPG400:20,2.7,87.83775000000001,2.4213281969,0.2633727521,9.1935410073,0.6372477878,0.0543919292,True,0.46762565032854153,80.0,0.0,20.0,0.0,0.07034314593047031,0.34644818439309144,64.02525944888744,True,True,True,True,True,True,False,True,True,False,409.0,,True,True,False,0.1390645433421872,
WO_INV_0414,PPG1000:40+PPG700:60,2.8,88.088,2.4451505095,0.2607205062,9.3784357262,0.6420344417,0.0545451021,True,0.4683339713325677,40.0,0.0,0.0,60.0,0.07183830511494328,0.32653637528019164,64.59990810923347,True,True,True,True,True,True,False,True,True,False,418.0,,True,True,False,0.14270576980272148,
WO_INV_0006,PPG1000:100,2.0,50.05,4.0683139935,0.4516056904,9.0085534345,0.5228520574,0.0507312658,True,0.33355548150616454,100.0,0.0,0.0,0.0,0.00723269186462632,0.36677484984087727,63.43863815318721,True,False,True,True,True,True,True,True,True,False,85.0,,True,True,False,0.04110364492578898,
WO_INV_0485,PPG1000:90+PPG700:10,1.9,49.58525,3.9805045009,0.4521541783,8.8034230176,0.5684929986,0.052191776,True,0.3314848890515609,90.0,0.0,0.0,10.0,0.005297054066861507,0.38338115589600813,62.7738874099177,True,False,True,True,True,True,True,True,True,False,66.0,,True,True,False,0.03757793416869904,
WO_INV_0058,PPG700:100,2.4,85.79999999999998,2.2130946716,0.2646215631,8.3632438927,0.5073147528,0.0502340721,True,0.4617868675995694,0.0,0.0,0.0,100.0,0.08071981686147625,0.3320869080487354,61.29355124192593,True,True,True,True,True,True,False,True,True,False,443.0,,True,True,False,0.13839192844341758,
WO_INV_0363,PPG1000:10+PPG700:90,2.5,86.69375,2.2766075168,0.2638970619,8.6268770889,0.5586059162,0.0518753893,True,0.4643634294131432,10.0,0.0,0.0,90.0,0.07701106411653846,0.36312310350628696,62.18924626226336,True,True,True,True,True,True,False,True,True,False,430.0,,True,True,False,0.13872389067546803,
WO_INV_0801,PPG400:20+PPG700:80,1.5,61.66875,2.3386017618,0.3301913693,7.0825647778,0.8172033103,0.0601505059,True,0.38145126995786144,0.0,0.0,20.0,80.0,0.045335030986425495,0.16587662962985086,56.49677387690568,True,True,True,True,True,True,True,True,True,True,324.0,134.0,False,True,False,0.11561476181429205,
WO_INV_0207,PPG1000:90+PPG2000:10,2.9,68.94387499999999,3.5908574699,0.338408832,10.6110040002,0.8417927329,0.0609373675,True,0.408087449160261,90.0,10.0,0.0,0.0,0.02290769260299965,0.20305778158400814,68.1634622335455,True,True,True,True,True,True,True,False,True,False,202.0,,False,True,False,0.08670953798210058,
WO_INV_0431,PPG1000:50+PPG700:50,2.9,88.12375,2.503552113,0.2598736672,9.6337275714,0.66875,0.0554,True,0.46843500621266587,50.0,0.0,0.0,50.0,0.07095684388322175,0.2996791274818571,65.37500000239828,True,True,True,True,True,True,False,False,True,False,415.0,,True,True,False,0.14482466692488818,
WO_INV_0652,PPG2000:10+PPG700:90,2.6,86.90825,2.4263912892,0.2682001323,9.0469429254,0.6593078301,0.0550978506,True,0.46497813766915047,0.0,10.0,0.0,90.0,0.06617570635522244,0.3625224551147414,63.56136094804439,True,True,True,True,True,True,False,True,True,False,399.0,,True,True,False,0.13351461548551316,
WO_INV_0203,PPG1000:90+PPG2000:10,2.5,59.434375,3.9866463969,0.3971264432,10.0387331678,0.6667927329,0.0553373675,True,0.372782688802211,90.0,10.0,0.0,0.0,0.012478865178066517,0.25849842966510705,66.56346223274684,True,True,True,True,True,True,True,False,True,False,128.0,,True,True,False,0.060563801044367316,
WO_INV_0676,PPG2000:30+PPG700:70,1.8,51.801750000000006,3.8593335452,0.4409900552,8.7515205836,0.6392135,0.054454832,True,0.34124606600385043,0.0,30.0,0.0,70.0,0.003258584722366256,0.37746799702615924,62.60323546771951,True,False,True,True,True,True,True,True,True,False,46.0,,True,True,False,0.03447449700296061,
WO_INV_0802,PPG400:20+PPG700:80,1.6,65.78,2.2782631471,0.3172443805,7.1814137218,0.7734533103,0.0587505059,True,0.39679092773555313,0.0,0.0,20.0,80.0,0.05276258166154434,0.1797367916370005,56.896773878366886,True,True,True,True,True,True,True,True,True,True,353.0,137.0,False,True,False,0.1228736004183071,
WO_INV_0314,PPG1000:70+PPG400:30,2.4,87.087,2.261602752,0.2657342485,8.5107688017,0.5596267068,0.0519080546,True,0.46548931780401637,70.0,0.0,30.0,0.0,0.07659021448321232,0.3495728102520507,61.79818898756489,True,True,True,True,True,True,False,True,True,False,428.0,,True,True,False,0.1371155446485846,
WO_INV_0695,PPG2000:40+PPG700:60,2.1,55.55550000000001,4.0573400944,0.4291450315,9.4544729559,0.54931112,0.0515779558,True,0.3571426275509385,0.0,40.0,0.0,60.0,0.008618475229158196,0.31846139927389633,64.83294942981188,True,True,True,True,True,True,True,True,True,True,97.0,48.0,True,True,True,0.045239178046465885,54.0
WO_INV_0704,PPG2000:40+PPG700:60,3.0,79.36500000000001,3.2067856103,0.2994043289,10.7105519209,0.85556112,0.0613779558,True,0.4424776294148803,0.0,40.0,0.0,60.0,0.038181853348898925,0.19371994109904506,68.43294943292655,True,True,True,True,True,True,False,False,True,False,295.0,,False,True,False,0.11277287003627359,
WO_INV_0598,PPG2000:70+PPG400:30,2.0,55.055,3.9845642882,0.4307858927,9.2495236171,0.5960442273,0.0530734153,True,0.3550675566734384,0.0,70.0,30.0,0.0,0.006516520422279784,0.3403773081174715,64.20046306044179,True,True,True,True,True,True,True,True,True,True,78.0,39.0,True,True,True,0.04199617339020799,49.0
WO_INV_0294,PPG1000:60+PPG400:40,2.0,80.08,2.1941682455,0.2817871533,7.786615606,0.6079716602,0.0534550931,True,0.44469124833407375,60.0,0.0,40.0,0.0,0.07203424979992626,0.2606468425937312,59.23181299111835,True,True,True,True,True,False,False,True,True,False,419.0,,True,True,False,0.13386332649277682,
WO_INV_0803,PPG400:20+PPG700:80,1.7,69.89125,2.2194813381,0.3048050504,7.281642267,0.7297033103,0.0573505059,True,0.4113881674306357,0.0,0.0,20.0,80.0,0.06112390931786813,0.193596953666189,57.29677387988441,True,True,True,True,True,True,True,True,True,True,385.0,141.0,False,True,False,0.13099629785441647,
WO_INV_0352,PPG1000:90+PPG400:10,3.0,86.33624999999999,2.6299670703,0.2641750084,9.9553969403,0.7617135,0.058374832,True,0.4633357706833748,90.0,0.0,10.0,0.0,0.06458689290250057,0.26683454727972983,66.32288445166586,True,True,True,True,True,True,False,False,True,False,393.0,,False,True,False,0.1434637725761905,
WO_INV_0208,PPG1000:90+PPG2000:10,3.0,71.32125,3.498209218,0.3251396319,10.7590981686,0.8855427329,0.0623373675,True,0.41630124692646125,90.0,10.0,0.0,0.0,0.02784934192601974,0.18919761956756911,68.56346223377187,True,True,True,True,True,True,True,False,True,False,233.0,,False,True,False,0.09589202914210485,
WO_INV_0338,PPG1000:90+PPG400:10,1.6,46.046,3.7921345148,0.4624839225,8.1994947942,0.6742135,0.055574832,True,0.3152842255179875,90.0,0.0,10.0,0.0,0.002814506042876319,0.31231307268073516,60.72288445072233,True,False,True,True,True,True,True,True,True,False,42.0,,True,True,False,0.030204948349338265,
WO_INV_0448,PPG1000:60+PPG700:40,3.0,87.945,2.5642555061,0.2591993409,9.8929862152,0.730146587,0.0573646908,True,0.46792944744473114,60.0,0.0,0.0,40.0,0.07037707520828614,0.27312331451068717,66.1413925651443,True,True,True,True,True,True,False,False,True,False,411.0,,True,True,False,0.14912284635222584,
WO_INV_0202,PPG1000:90+PPG2000:10,2.4,57.057,4.0922306535,0.4133334808,9.900554501,0.6230427329,0.0539373675,True,0.3632884876191446,90.0,10.0,0.0,0.0,0.01220610078928749,0.27235859168748505,66.16346223279633,True,True,True,True,True,True,True,False,True,False,124.0,,True,True,False,0.05667342373674501,
WO_INV_0608,PPG2000:70+PPG400:30,3.0,82.58250000000001,3.0680113669,0.2887644194,10.6246170258,0.8585442273,0.0614734153,True,0.4523023838538743,0.0,70.0,30.0,0.0,0.044096648423942474,0.20177568793126782,68.20046306299992,True,True,True,True,True,True,False,False,True,False,317.0,,False,True,False,0.12227281642951876,
WO_INV_0688,PPG2000:30+PPG700:70,3.0,86.33625,2.8202243996,0.2728773221,10.3351366022,0.8142135,0.060054832,True,0.46333577068337484,0.0,30.0,0.0,70.0,0.05562730648788537,0.2293999469792573,67.40323546861127,True,True,True,True,True,True,False,False,True,False,364.0,,False,True,False,0.1359510191140137,
WO_INV_0546,PPG2000:40+PPG400:60,1.6,68.068,2.4184212904,0.3217924604,7.5154690926,0.8877450486,0.0624078416,True,0.4050027369874099,0.0,40.0,60.0,0.0,0.0405915440075226,0.22520397286710667,58.208942704760986,True,True,True,True,True,True,True,True,True,True,304.0,130.0,False,True,False,0.10749950270395132,
WO_INV_0570,PPG2000:50+PPG400:50,2.4,90.09,2.3506965504,0.2669525879,8.805670583,0.6512761148,0.0548408357,True,0.47393339996843603,0.0,50.0,50.0,0.0,0.07056133959502037,0.3836364291614224,62.78125451741902,True,True,True,True,True,True,False,True,True,False,413.0,,True,True,False,0.13665814312513075,
WO_INV_0792,PPG400:10+PPG700:90,2.2,84.54875,2.129298818,0.2671045747,7.9717796677,0.4778321891,0.0492906301,True,0.4581377549292531,0.0,0.0,10.0,90.0,0.0859155250873778,0.28414829446909917,59.91005764493304,True,True,True,True,True,False,False,True,True,False,456.0,,True,True,False,0.1432596487766229,
WO_INV_0545,PPG2000:40+PPG400:60,1.5,63.81375,2.4824719206,0.3349250598,7.4120220259,0.9314950486,0.0638078416,True,0.38955063295968745,0.0,40.0,60.0,0.0,0.03372974693635604,0.2113438108447175,57.80894270819282,True,True,True,True,True,True,True,True,True,True,275.0,121.0,False,True,False,0.10054532644944053,
WO_INV_0547,PPG2000:40+PPG400:60,1.7,72.32225,2.3560232401,0.3091747976,7.6203599347,0.8439950486,0.0610078416,True,0.4196918854065566,0.0,40.0,60.0,0.0,0.04838711805791838,0.23906413487987196,58.60894269991024,True,True,True,True,True,True,True,True,True,True,334.0,136.0,False,True,False,0.11531753779268865,
WO_INV_0577,PPG2000:60+PPG400:40,1.5,48.79875,3.6274657998,0.443893199,8.1719337169,0.7997477878,0.0595919292,True,0.32795134367728224,0.0,60.0,40.0,0.0,0.0007182804158365936,0.3089460966934473,60.62571456501449,True,False,True,True,True,True,True,True,True,False,13.0,,True,True,False,0.026754791985716685,
WO_INV_0804,PPG400:20+PPG700:80,1.8,74.0025,2.1622161674,0.2928534734,7.3832696678,0.6859533103,0.0559505059,True,0.42529561356877055,0.0,0.0,20.0,80.0,0.0704190139649319,0.20745711568647085,57.696773882875455,True,True,True,True,True,False,False,True,True,False,412.0,,False,True,False,0.1399828541387774,
WO_INV_0657,PPG2000:20+PPG700:80,1.5,46.65375,3.678064637,0.4547373079,8.0883283009,0.7551716892,0.0581654941,True,0.3181217664055641,0.0,20.0,0.0,80.0,0.0015070241952512373,0.2986626027766054,60.3289361018258,True,False,True,True,True,True,True,True,True,False,25.0,,True,True,False,0.02895550605293385,
WO_INV_0433,PPG1000:60+PPG700:40,1.5,43.9725,3.7953087143,0.472291992,8.0359370439,0.686396587,0.0559646908,True,0.30542291062529303,60.0,0.0,0.0,40.0,0.003642757117386427,0.29216414343560765,60.141392571630384,True,False,True,True,True,True,True,True,True,False,50.0,,True,True,False,0.0333120370312513,
WO_INV_0590,PPG2000:60+PPG400:40,2.8,91.091,2.5823927302,0.2639036279,9.7853627496,0.7559977878,0.0581919292,True,0.47668911670356,0.0,60.0,40.0,0.0,0.06551865551047534,0.2840616852924712,65.82571456645984,True,True,True,True,True,True,False,False,True,False,396.0,,True,True,False,0.14331769055788054,
WO_INV_0450,PPG1000:70+PPG700:30,1.6,45.18800000000001,3.8889826917,0.4714078837,8.2497192472,0.6609509604,0.0551504307,True,0.31123784334793514,70.0,0.0,0.0,30.0,0.004466071496026329,0.31841969989705493,60.899119831268784,True,False,True,True,True,True,True,True,True,False,58.0,,True,True,False,0.03421552624135846,
WO_INV_0548,PPG2000:40+PPG400:60,1.8,76.5765,2.2952351313,0.2970518803,7.7267147027,0.8002450486,0.0596078416,True,0.4336732237868572,0.0,40.0,60.0,0.0,0.05711646914693752,0.2529242969115603,59.00894270860367,True,True,True,True,True,True,False,True,True,False,368.0,,False,True,False,0.12399943179624809,
WO_INV_0718,PPG2000:50+PPG700:50,2.8,67.5675,3.8596808741,0.3577181762,10.7897253496,0.8132125894,0.0600228029,True,0.4032255658167604,0.0,50.0,0.0,50.0,0.022315869381323256,0.1863550326767165,68.64549841800577,True,True,True,True,True,True,True,False,True,False,197.0,,False,True,False,0.0874431915863946,
WO_INV_0717,PPG2000:50+PPG700:50,2.7,65.154375,3.9619025148,0.3723169319,10.6412096117,0.7694625894,0.0586228029,True,0.39450589789098833,0.0,50.0,0.0,50.0,0.019769832907972726,0.20021519469957316,68.24549841873852,True,True,True,True,True,True,True,False,True,False,180.0,,False,True,False,0.08076842162410522,
WO_INV_0295,PPG1000:60+PPG400:40,2.1,84.084,2.1375561816,0.270738121,7.8952907476,0.5642216602,0.0520550931,True,0.45676973555550726,60.0,0.0,40.0,0.0,0.08297781103827573,0.2745070046032337,59.63181298818845,True,True,True,True,True,False,False,True,True,False,449.0,,True,True,False,0.14448742689750374,
WO_INV_0201,PPG1000:90+PPG2000:10,2.3,54.679625,4.2006112542,0.4302019401,9.7642778018,0.5792927329,0.0525373675,True,0.3535024409323465,90.0,10.0,0.0,0.0,0.012867113387208279,0.2862187536968906,65.7634622361329,True,True,True,True,True,True,True,False,True,False,130.0,,True,True,False,0.055109954956231305,
WO_INV_0467,PPG1000:80+PPG700:20,1.7,46.18899999999999,3.9863654471,0.4708695636,8.4659654287,0.6362140638,0.05435885,True,0.3159540047472792,80.0,0.0,0.0,20.0,0.005816230958544316,0.3442945893163908,61.64586115727823,True,False,True,True,True,True,True,True,True,False,75.0,,True,True,False,0.03843770278025131,
WO_INV_0671,PPG2000:20+PPG700:80,2.9,90.19724999999998,2.5508559468,0.2597500719,9.820424409,0.7551716892,0.0581654941,True,0.4742300427582417,0.0,20.0,0.0,80.0,0.07006486792248337,0.28048501718996555,65.9289361069139,True,True,True,True,True,True,False,False,True,False,408.0,,True,True,False,0.14960300280471175,
WO_INV_0719,PPG2000:50+PPG700:50,2.9,69.98062499999999,3.7600966692,0.3436918459,10.940313871,0.8569625894,0.0614228029,True,0.4116976567182289,0.0,50.0,0.0,50.0,0.02579568283850192,0.17249487065987953,69.04549841654061,True,True,True,True,True,True,True,False,True,False,223.0,,False,True,False,0.09517638431410952,
WO_INV_0716,PPG2000:50+PPG700:50,2.6,62.74125,4.0668314426,0.3875114742,10.4947381265,0.7257125894,0.0572228029,True,0.38552763973485515,0.0,50.0,0.0,50.0,0.01815757341543538,0.21407535671559286,67.84549841440813,True,True,True,True,True,True,True,False,True,False,167.0,,False,True,False,0.0751520744181825,
WO_INV_0398,PPG1000:30+PPG700:70,2.8,91.091,2.3269016428,0.2514493249,9.2539586015,0.6584977878,0.0550719292,True,0.47668911670356,30.0,0.0,0.0,70.0,0.08511950431113742,0.3398979405657281,64.21429745937674,True,True,True,True,True,True,False,True,True,False,454.0,,True,True,False,0.15967034011373654,
WO_INV_0381,PPG1000:20+PPG700:80,2.7,90.7335,2.2726713272,0.2524950404,9.0008553174,0.6306770923,0.054181667,True,0.47570825261424976,20.0,0.0,0.0,80.0,0.08680752789938452,0.3676297493742156,63.41396601744239,True,True,True,True,True,True,False,True,True,False,460.0,,True,True,False,0.15816807435498736,
WO_INV_0334,PPG1000:80+PPG400:20,2.8,91.091,2.3588551451,0.2530457588,9.3218521276,0.6809977878,0.0557919292,True,0.47668911670356,80.0,0.0,20.0,0.0,0.08220345425502622,0.3325880223701211,64.42525944647721,True,True,True,True,True,True,False,True,True,False,445.0,,True,True,False,0.1577108189558188,
WO_INV_0005,PPG1000:100,1.9,47.5475,4.1760611739,0.4700360683,8.8845547304,0.5666020574,0.0521312658,True,0.3222521560853284,100.0,0.0,0.0,0.0,0.009665746386965907,0.38063501186591386,63.03863815034434,True,False,True,True,True,True,True,True,True,False,108.0,,True,True,False,0.04664897851310296,
WO_INV_0484,PPG1000:90+PPG700:10,1.8,46.9755,4.0859260926,0.4706069404,8.6822478418,0.6122429986,0.053591776,True,0.3196144935720579,90.0,0.0,0.0,10.0,0.007653694955449771,0.3695209938671013,62.37388740837677,True,False,True,True,True,True,True,True,True,False,90.0,,True,True,False,0.04303905173662151,
WO_INV_0415,PPG1000:40+PPG700:60,2.9,91.234,2.3820628146,0.2504975089,9.5093273591,0.6857844417,0.0559451021,True,0.47708043548741336,40.0,0.0,0.0,60.0,0.08385890121654799,0.31267621325849837,64.99990811197101,True,True,True,True,True,True,False,False,True,False,451.0,,True,True,False,0.16157622296301793,
WO_INV_0805,PPG400:20+PPG700:80,1.9,78.11375,2.1064285039,0.2813705245,7.4863154476,0.6422033103,0.0545505059,True,0.4385610319248233,0.0,0.0,20.0,80.0,0.0806478955717123,0.22131727770461876,58.09677387879422,True,True,True,True,True,False,False,True,True,False,442.0,,False,True,False,0.14983326922943113,
WO_INV_0549,PPG2000:40+PPG400:60,1.9,80.83075,2.2360154256,0.2854043095,7.8345538278,0.7564950486,0.0582078416,True,0.4469967082479058,0.0,40.0,60.0,0.0,0.06677959717454884,0.2667844589214286,59.4089427060571,True,True,True,True,True,True,False,True,True,False,401.0,,False,True,False,0.13354518457638911,
WO_INV_0675,PPG2000:30+PPG700:70,1.7,48.923875,3.9615459871,0.4589872008,8.6310598216,0.6829635,0.055854832,True,0.3285159951686726,0.0,30.0,0.0,70.0,0.00496407499171607,0.36360783500155086,62.20323546532428,True,False,True,True,True,True,True,True,True,False,60.0,,True,True,False,0.03931562815076582,
WO_INV_0059,PPG700:100,2.5,89.37499999999999,2.1559942842,0.2542456032,8.479966839,0.5510647528,0.0516340721,True,0.4719471947194719,0.0,0.0,0.0,100.0,0.09290056215486202,0.3459470700728276,61.693551241785194,True,True,True,True,True,False,False,True,True,False,476.0,,True,True,False,0.15682320885368645,
WO_INV_0694,PPG2000:40+PPG700:60,2.0,52.91,4.1647966368,0.4466587725,9.3243363694,0.59306112,0.0529779558,True,0.3460205349552024,0.0,40.0,0.0,60.0,0.01000254037474034,0.3323215612845112,64.43294942828234,True,False,True,True,True,True,True,True,True,False,109.0,,True,True,False,0.049830182594009634,
WO_INV_0364,PPG1000:10+PPG700:90,2.6,90.1615,2.217868425,0.2535495101,8.7472794739,0.6023559162,0.0532753893,True,0.4741311990071598,10.0,0.0,0.0,90.0,0.089116446450286,0.3769832655281017,62.58924626246668,True,True,True,True,True,True,False,True,True,False,467.0,,True,True,False,0.1572856006753013,
WO_INV_0653,PPG2000:10+PPG700:90,2.7,90.250875,2.3637876038,0.2576838547,9.1732080262,0.7030578301,0.0564978506,True,0.47437823873346174,0.0,10.0,0.0,90.0,0.07765731279399049,0.3486622930923943,63.96136094739369,True,True,True,True,True,True,False,True,True,False,434.0,,True,True,False,0.15178787924945267,
WO_INV_0720,PPG2000:50+PPG700:50,3.0,72.39375,3.6630818514,0.3302154959,11.0930041051,0.9007125894,0.0628228029,True,0.4199325671609324,0.0,50.0,0.0,50.0,0.03020927327536173,0.1586347086428813,69.4454984138583,True,True,True,True,True,True,True,False,True,False,247.0,,False,True,False,0.10396799980272464,
WO_INV_0432,PPG1000:50+PPG700:50,3.0,91.1625,2.4389575896,0.249683875,9.7681822256,0.7125,0.0568,True,0.4768848492774472,50.0,0.0,0.0,50.0,0.08293420194187712,0.285818965462687,65.77499999763508,True,True,True,True,True,True,False,False,True,False,448.0,,True,True,False,0.1637765120343161,
WO_INV_0715,PPG2000:50+PPG700:50,2.5,60.32812499999999,4.1745393584,0.4033261175,10.3502827557,0.6819625894,0.0558228029,True,0.3762791150959945,0.0,50.0,0.0,50.0,0.017479090915245514,0.22793551873202203,67.44549841215333,True,True,True,True,True,True,True,False,True,False,163.0,,False,True,False,0.07059414999204196,
WO_INV_0597,PPG2000:70+PPG400:30,1.9,52.30225,4.0900934012,0.4483665985,9.1222080664,0.6397942273,0.0544734153,True,0.3434108819797475,0.0,70.0,30.0,0.0,0.007894281050691006,0.3542374701359491,63.80046305980482,True,False,True,True,True,True,True,True,True,False,91.0,,True,True,False,0.046585232266561034,
WO_INV_0315,PPG1000:70+PPG400:30,2.5,90.71562500000002,2.2032508004,0.2553146596,8.6295507029,0.6033767068,0.0533080546,True,0.4756591128807616,70.0,0.0,30.0,0.0,0.08858527376457866,0.3634329722756116,62.19818898603885,True,True,True,True,True,True,False,True,True,False,465.0,,True,True,False,0.15553679328290285,
WO_INV_0200,PPG1000:90+PPG2000:10,2.2,52.30225000000001,4.3118622588,0.4477588144,9.6298768902,0.5355427329,0.0511373675,True,0.3434108819797475,90.0,10.0,0.0,0.0,0.014461902973633997,0.3000789157207573,65.3634622321829,True,False,True,True,True,True,True,False,True,False,146.0,,True,True,False,0.05685600921398991,
WO_INV_0296,PPG1000:60+PPG400:40,2.2,88.08800000000001,2.0824047741,0.2601223274,8.0054826312,0.5204716602,0.0506550931,True,0.4683339713325677,60.0,0.0,40.0,0.0,0.0948551492939678,0.28836716662116935,60.03181299178727,True,True,True,True,True,False,False,True,True,False,478.0,,True,True,False,0.1559753861824586,
WO_INV_0191,PPG1000:80+PPG2000:20,2.9,65.31525,3.9561569165,0.3615897485,10.9410096186,0.868345713,0.0617870628,True,0.3950951288522989,80.0,20.0,0.0,0.0,0.02423547144898351,0.1724312778337359,69.04733368600036,True,True,True,True,True,True,True,False,True,False,208.0,,False,True,False,0.0941729040131124,
WO_INV_0273,PPG1000:50+PPG400:50,1.5,65.69062499999998,2.2060740409,0.313472882,7.0375275431,0.8707311323,0.0618633962,True,0.3964655513853001,50.0,0.0,50.0,0.0,0.06048430788231665,0.15949743799208443,56.31267237590743,True,True,True,True,True,True,True,True,True,True,383.0,140.0,False,True,False,0.14001347680295662,
WO_INV_0337,PPG1000:90+PPG400:10,1.5,43.168125,3.8925672253,0.4813582494,8.0866324201,0.7179635,0.056974832,True,0.30152050255599844,90.0,0.0,10.0,0.0,0.0054055200941980205,0.2984529106684803,60.322884452126054,True,False,True,True,True,True,True,True,True,False,68.0,,True,True,False,0.037526373720343335,
WO_INV_0190,PPG1000:80+PPG2000:20,2.8,63.063,4.060933675,0.3763465061,10.7904115205,0.824595713,0.0603870628,True,0.38674009431937356,80.0,20.0,0.0,0.0,0.022022509104191974,0.18629143985482094,68.64733368380621,True,True,True,True,True,True,True,False,True,False,196.0,,False,True,False,0.08768705509455509,
WO_INV_0550,PPG2000:40+PPG400:60,2.0,85.085,2.1783236563,0.2742134465,7.9438980269,0.7127450486,0.0568078416,True,0.4597077018667099,0.0,40.0,60.0,0.0,0.07737650218364851,0.2806446209394774,59.80894270028676,True,True,True,True,True,False,False,True,True,False,433.0,,True,True,False,0.14395479619237947,
WO_INV_0571,PPG2000:50+PPG400:50,2.5,93.84375,2.2900458763,0.2564852272,8.9285683279,0.6950261148,0.0562408357,True,0.4841205868128325,0.0,50.0,50.0,0.0,0.08228448294265296,0.3756932970497544,63.18125451847794,True,True,True,True,True,True,False,True,True,False,446.0,,True,True,False,0.15512614138814387,
WO_INV_0714,PPG2000:50+PPG700:50,2.4,57.91499999999999,4.2850998624,0.4197861686,10.2078157483,0.6382125894,0.0544228029,True,0.36674793401513467,0.0,50.0,0.0,50.0,0.01773438540465834,0.24179568075750263,67.04549841292902,True,True,True,True,True,True,True,False,True,False,165.0,,False,True,False,0.06709464834342636,
WO_INV_0192,PPG1000:80+PPG2000:20,3.0,67.56750000000001,3.8540835188,0.3474116117,11.093709563,0.912095713,0.0631870628,True,0.4032255658167605,80.0,20.0,0.0,0.0,0.02738221076863346,0.15857111581784264,69.44733368303956,True,True,True,True,True,True,True,False,True,False,231.0,,False,True,False,0.10171717567998664,
WO_INV_0793,PPG400:10+PPG700:90,2.3,88.39187499999998,2.07436046,0.2566312546,8.0830390811,0.5215821891,0.0506906301,True,0.4691915455483417,0.0,0.0,10.0,90.0,0.09808531471511803,0.2980084564866021,60.310057636350216,True,True,True,True,True,False,False,True,True,False,490.0,,True,True,False,0.15917556791869583,
WO_INV_0806,PPG400:20+PPG700:80,2.0,82.225,2.0520802263,0.2703378284,7.5907994022,0.5984533103,0.0531505059,True,0.4512278776238167,0.0,0.0,20.0,80.0,0.09181055419941471,0.2351774397164011,58.49677388208285,True,True,True,True,True,False,False,True,True,False,473.0,,False,True,False,0.16054754320808115,
WO_INV_0189,PPG1000:80+PPG2000:20,2.7,60.81075,4.1684853916,0.3917054984,10.6418863378,0.780845713,0.0589870628,True,0.3781510253512281,80.0,20.0,0.0,0.0,0.020743323750538167,0.20015160187437198,68.24733368282469,True,True,True,True,True,True,True,False,True,False,188.0,,False,True,False,0.0822596289532773,
WO_INV_0274,PPG1000:50+PPG400:50,1.6,70.07,2.1491547938,0.3011814345,7.1357479178,0.8269811323,0.0604633962,True,0.41200682072087963,50.0,0.0,50.0,0.0,0.06923777229913797,0.1733576000052922,56.712672374016314,True,True,True,True,True,False,True,True,True,False,406.0,,False,True,False,0.14847697313806657,
WO_INV_0817,PPG400:30+PPG700:70,1.5,65.69062499999998,2.1470452831,0.3095523984,6.9359672028,0.8482311323,0.0611433962,True,0.3964655513853001,0.0,0.0,30.0,70.0,0.06759662562758068,0.14496104169229326,55.89315646902155,True,True,True,True,True,False,True,False,True,False,402.0,,False,True,False,0.14958885999881094,
WO_INV_0591,PPG2000:60+PPG400:40,2.9,94.34425,2.5157640282,0.2535558187,9.9219337244,0.7997477878,0.0595919292,True,0.48544914500943565,0.0,60.0,40.0,0.0,0.07703973861185118,0.2702015232663471,66.22571455939631,True,True,True,True,True,True,False,False,True,False,432.0,,False,True,False,0.16206934557474667,
WO_INV_0449,PPG1000:70+PPG700:30,1.5,42.36375,3.9919803759,0.4906464044,8.136165556,0.7047009604,0.0565504307,True,0.29757399618933894,70.0,0.0,0.0,30.0,0.007562205297144657,0.3045595378854124,60.49911983133935,True,False,True,True,True,True,True,True,True,False,88.0,,True,True,False,0.04087736058058687,
WO_INV_0188,PPG1000:80+PPG2000:20,2.6,58.5585,4.2788855593,0.407691303,10.4954055377,0.737095713,0.0575870628,True,0.3693179488958334,80.0,20.0,0.0,0.0,0.020397915384548576,0.21401176389689633,67.8473336853724,True,True,True,True,True,True,True,False,True,False,186.0,,False,True,False,0.07789062558920523,
WO_INV_0672,PPG2000:20+PPG700:80,3.0,93.3075,2.4850409301,0.2495651259,9.9574847273,0.7989216892,0.0595654941,True,0.482689497303519,0.0,20.0,0.0,80.0,0.08196518416111083,0.2666248551776523,66.32893610698228,True,True,True,True,True,True,False,False,True,False,444.0,,False,True,False,0.168774223261224,
WO_INV_0818,PPG400:30+PPG700:70,1.6,70.07,2.0916490458,0.2974146753,7.0327701344,0.8044811323,0.0597433962,True,0.41200682072087963,0.0,0.0,30.0,70.0,0.07673142654641807,0.15882120370190272,56.29315646288351,True,True,True,True,True,False,False,True,True,False,429.0,,False,True,False,0.15833812353538834,
WO_INV_0275,PPG1000:50+PPG400:50,1.7,74.449375,2.0937041288,0.2893719415,7.2353391209,0.7832311323,0.0590633962,True,0.42676779438160783,50.0,0.0,50.0,0.0,0.0789250137193313,0.18721776203059115,57.11267237805134,True,True,True,True,True,False,False,True,True,False,439.0,,False,True,False,0.15780432833812671,
WO_INV_0466,PPG1000:80+PPG700:20,1.6,43.472,4.0919422629,0.4900861151,8.3494352056,0.6799640638,0.05575885,True,0.30299988847998216,80.0,0.0,0.0,20.0,0.00900371480219999,0.33043442729911376,61.24586115356739,True,False,True,True,True,True,True,True,True,False,103.0,,True,True,False,0.04479443519214352,
WO_INV_0713,PPG2000:50+PPG700:50,2.3,55.50187499999999,4.3985885038,0.4369179671,10.0673097356,0.5944625894,0.0530228029,True,0.3569209374485034,0.0,50.0,0.0,50.0,0.018923456879881517,0.2556558427692604,66.64549841522857,True,True,True,True,True,True,True,False,True,False,176.0,,True,True,False,0.06736062783015503,
WO_INV_0551,PPG2000:40+PPG400:60,2.1,89.33924999999999,2.1221204011,0.2634613834,8.0547683058,0.6689950486,0.0554078416,True,0.47184749068140913,0.0,40.0,60.0,0.0,0.08890718424285786,0.2945047829648439,60.20894270836458,True,True,True,True,True,False,False,True,True,False,466.0,,True,True,False,0.1552282667319526,
WO_INV_0693,PPG2000:40+PPG700:60,1.9,50.2645,4.2750991099,0.4648872628,9.1959910546,0.63681112,0.0543779558,True,0.3345068196413657,0.0,40.0,0.0,60.0,0.012320382506712819,0.3461817233100961,64.03294942900979,True,False,True,True,True,True,True,True,True,False,126.0,,True,True,False,0.05547192226851627,
WO_INV_0674,PPG2000:30+PPG700:70,1.6,46.04600000000001,4.0664654724,0.4777188238,8.5122571481,0.7267135,0.057254832,True,0.31528422551798757,0.0,30.0,0.0,70.0,0.007603342246368086,0.34974767298305764,61.803235465973856,True,False,True,True,True,True,True,True,True,False,89.0,,True,True,False,0.04520749442442257,
WO_INV_0004,PPG1000:100,1.8,45.04500000000001,4.2866619823,0.4892186041,8.762262813,0.6103520574,0.0535312658,True,0.3105587920990038,100.0,0.0,0.0,0.0,0.013032577888279953,0.37869471434974944,62.63863815269997,True,False,True,True,True,True,True,True,True,False,132.0,,True,True,False,0.05324504721529025,
WO_INV_0483,PPG1000:90+PPG700:10,1.7,44.365750000000006,4.1941397203,0.489812774,8.5627405882,0.6559929986,0.054991776,True,0.30731492753648293,90.0,0.0,0.0,10.0,0.010944112831813941,0.3556608318575212,61.973887407107654,True,False,True,True,True,True,True,True,True,False,119.0,,True,True,False,0.049550904437341836,
WO_INV_0335,PPG1000:80+PPG400:20,2.9,94.34425,2.2979939699,0.2431236927,9.4519540425,0.7247477878,0.0571919292,True,0.48544914500943565,80.0,0.0,20.0,0.0,0.09499753956056979,0.3187278603471723,64.82525944417874,True,True,True,True,True,True,False,True,True,False,480.0,,True,True,False,0.17754266407179242,
WO_INV_0399,PPG1000:30+PPG700:70,2.9,94.34425,2.2668649047,0.2415898558,9.3831129496,0.7022477878,0.0564719292,True,0.48544914500943565,30.0,0.0,0.0,70.0,0.0981053523832898,0.3260377785409012,64.61429746521746,True,True,True,True,True,True,False,True,True,False,491.0,,True,True,False,0.17962965641886516,
WO_INV_0382,PPG1000:20+PPG700:80,2.8,94.094,2.2140337935,0.2425945683,9.1264771891,0.6744270923,0.055581667,True,0.4847857223819386,20.0,0.0,0.0,80.0,0.099818291043303,0.35376958735775355,63.813966011073965,True,True,True,True,True,True,False,True,True,False,494.0,,True,True,False,0.17802095400471518,
WO_INV_0596,PPG2000:70+PPG400:30,1.8,49.5495,4.1984173979,0.4666647865,8.9966449572,0.6835442273,0.0558734153,True,0.3313250796558999,0.0,70.0,30.0,0.0,0.010205818665344122,0.36809763215933233,63.40046306024249,True,False,True,True,True,True,True,True,True,False,112.0,,True,True,False,0.05222502627168449,
WO_INV_0654,PPG2000:10+PPG700:90,2.8,93.5935,2.3027991654,0.2475799262,9.3012353659,0.7468078301,0.0578978506,True,0.48345373165937905,0.0,10.0,0.0,90.0,0.09007269625782965,0.33480213108110884,64.36136095078824,True,True,True,True,True,True,False,True,True,False,470.0,,True,True,False,0.17124671256992807,
WO_INV_0416,PPG1000:40+PPG700:60,3.0,94.38,2.3206028549,0.2406753611,9.6420458019,0.7295344417,0.0573451021,True,0.4855437802243029,40.0,0.0,0.0,60.0,0.09681327426342129,0.29881605124047755,65.39990811131783,True,True,True,True,True,True,False,False,True,False,484.0,,True,True,False,0.18163224557974889,
WO_INV_0060,PPG700:100,2.6,92.95,2.1003671525,0.2442764905,8.5983188476,0.5948147528,0.0530340721,True,0.48173101839854887,0.0,0.0,0.0,100.0,0.10601508443651937,0.3598072320849376,62.09355124307633,True,True,True,True,True,False,False,True,True,False,506.0,,True,True,False,0.17644005877390465,
WO_INV_0365,PPG1000:10+PPG700:90,2.7,93.62925,2.1606448692,0.2436076916,8.8693622739,0.6461059162,0.0546753893,True,0.4835491022146705,10.0,0.0,0.0,90.0,0.10215560578717978,0.3823464606920649,62.989246262276815,True,True,True,True,True,False,False,True,True,False,500.0,,True,True,False,0.17703288020414212,
WO_INV_0807,PPG400:20+PPG700:80,2.1,86.33625,1.9991341967,0.2597377305,7.6967416038,0.5547033103,0.0517505059,True,0.46333577068337484,0.0,0.0,20.0,80.0,0.10390698982474267,0.24903760173293268,58.896773884857005,True,True,True,True,True,False,False,True,True,False,503.0,,True,True,False,0.17212567604119514,
WO_INV_0187,PPG1000:80+PPG2000:20,2.5,56.30624999999999,4.3922096182,0.4243295007,10.3509409803,0.693345713,0.0561870628,True,0.36023031708584907,80.0,20.0,0.0,0.0,0.02098628400576054,0.22787192591175043,67.44733368634158,True,True,True,True,True,True,True,False,True,False,189.0,,False,True,False,0.07459509722949502,
WO_INV_0819,PPG400:30+PPG700:70,1.7,74.449375,2.0376820952,0.2857528791,7.1309241116,0.7607311323,0.0583433962,True,0.42676779438160783,0.0,0.0,30.0,70.0,0.08680000445406387,0.17268136571969517,56.693156460640374,True,True,True,True,True,False,False,True,True,False,459.0,,False,True,False,0.16795124591911542,
WO_INV_0316,PPG1000:70+PPG400:30,2.6,94.34425000000002,2.1464043962,0.2453036286,8.7499904026,0.6471267068,0.0547080546,True,0.48544914500943565,70.0,0.0,30.0,0.0,0.10151411005401412,0.37729313429515215,62.5981889866424,True,True,True,True,True,False,False,True,True,False,498.0,,True,True,False,0.17514361145282123,
WO_INV_0199,PPG1000:90+PPG2000:10,2.1,49.924875,4.4260596883,0.4660321982,9.497325947,0.5792927329,0.0525373675,True,0.3329992771379666,90.0,10.0,0.0,0.0,0.016990469539300657,0.31393907774092267,64.96346223594126,True,False,True,True,True,True,True,True,True,False,160.0,,True,True,False,0.06273973548144447,
WO_INV_0276,PPG1000:50+PPG400:50,1.8,78.82875,2.0396841547,0.2780255054,7.3363202844,0.7394811323,0.0576633962,True,0.44080579884386595,50.0,0.0,50.0,0.0,0.08954603210098822,0.20107792404242714,57.51267237612501,True,True,True,True,True,False,False,True,True,False,469.0,,False,True,False,0.16799554234713399,
WO_INV_0297,PPG1000:60+PPG400:40,2.3,92.092,2.0286763364,0.2499227851,8.1172124254,0.5642216602,0.0520550931,True,0.47941611311246696,60.0,0.0,40.0,0.0,0.1076662644713671,0.3022273286409696,60.43181298735185,True,True,True,True,True,False,False,True,True,False,510.0,,True,True,False,0.17265011696820642,
WO_INV_0623,PPG2000:80+PPG400:20,2.9,65.31525,4.0970933621,0.3675111506,11.1482151103,0.913345713,0.0632270628,True,0.3950951288522989,0.0,80.0,20.0,0.0,0.027382453309111824,0.1536699521632686,69.58877975412906,True,True,True,True,True,True,True,False,True,False,232.0,,False,True,False,0.10258714094807994,
WO_INV_0712,PPG2000:50+PPG700:50,2.2,53.08875,4.5150828328,0.4547489276,9.9287377251,0.5507125894,0.0516228029,True,0.3467841366527586,0.0,50.0,0.0,50.0,0.021046305339516392,0.26951600479572396,66.24549841459599,True,False,True,True,True,True,True,False,True,False,190.0,,True,True,False,0.06949361501802406,
WO_INV_0624,PPG2000:80+PPG400:20,3.0,67.56750000000001,3.9913836421,0.3531008322,11.3038069512,0.957095713,0.0646270628,True,0.4032255658167605,0.0,80.0,20.0,0.0,0.030037022624412494,0.13980979014446027,69.98877976005257,True,True,True,True,True,True,True,False,True,False,244.0,,False,True,False,0.10978388487160709,
WO_INV_0572,PPG2000:50+PPG400:50,2.6,97.5975,2.2309600593,0.2464282976,9.0531813147,0.7387761148,0.0576408357,True,0.493920722681208,0.0,50.0,50.0,0.0,0.09494140326707405,0.36183313503447373,63.58125451721016,True,False,True,True,True,True,False,True,True,False,479.0,,True,True,False,0.1747797091473004,
WO_INV_0622,PPG2000:80+PPG400:20,2.8,63.063,4.2056027491,0.3825095652,10.9947649215,0.869595713,0.0618270628,True,0.38674009431937356,0.0,80.0,20.0,0.0,0.025661660993003575,0.1675301141745106,69.18877975249625,True,True,True,True,True,True,True,False,True,False,221.0,,False,True,False,0.09644881981667697,
WO_INV_0794,PPG400:10+PPG700:90,2.4,92.235,2.0208395748,0.2465685991,8.1958513042,0.5653321891,0.0520906301,True,0.4798033656722241,0.0,0.0,10.0,90.0,0.11118888144733699,0.3118686184998828,60.710057645405264,True,True,True,True,True,False,False,True,True,False,520.0,,True,True,False,0.1770520363763456,
WO_INV_0552,PPG2000:40+PPG400:60,2.2,93.5935,2.0673672545,0.2531309148,8.1671859633,0.6252450486,0.0540078416,True,0.48345373165937905,0.0,40.0,60.0,0.0,0.10137164324193672,0.30836494497578437,60.608942707965674,True,True,True,True,True,False,False,True,True,False,497.0,,True,True,False,0.1676514581549859,
WO_INV_0186,PPG1000:80+PPG2000:20,2.4,54.054,4.5085350058,0.4416467162,10.2084649128,0.649595713,0.0547870628,True,0.3508769652199878,80.0,20.0,0.0,0.0,0.022508429614145717,0.2417320879306803,67.04733368223506,True,True,True,True,True,True,True,False,True,False,198.0,,False,True,False,0.07614955940536991,
WO_INV_0820,PPG400:30+PPG700:70,1.8,78.82875,1.985107554,0.2745483484,7.2304479905,0.7169811323,0.0569433962,True,0.44080579884386595,0.0,0.0,30.0,70.0,0.09780235938473437,0.1865415277477659,57.093156465856914,True,True,True,True,True,False,False,True,True,False,488.0,,False,True,False,0.17842822719271986,
WO_INV_0621,PPG2000:80+PPG400:20,2.7,60.81075,4.3169859508,0.3981200766,10.8434269057,0.825845713,0.0604270628,True,0.3781510253512281,0.0,80.0,20.0,0.0,0.024874645670767945,0.18139027619806647,68.78877975910784,True,True,True,True,True,True,True,False,True,False,213.0,,False,True,False,0.09136892147658443,
WO_INV_0592,PPG2000:60+PPG400:40,3.0,97.5975,2.4508544233,0.2436137528,10.0604107737,0.8434977878,0.0609919292,True,0.493920722681208,0.0,60.0,40.0,0.0,0.089494598779991,0.25634136124781687,66.62571456382216,True,False,True,True,True,True,False,False,True,False,468.0,,False,True,False,0.18200657020186917,
WO_INV_0277,PPG1000:50+PPG400:50,1.9,83.208125,1.987057958,0.2671239694,7.4387108077,0.6957311323,0.0562633962,True,0.4541726792957463,50.0,0.0,50.0,0.0,0.10110082748654277,0.2149380860675394,57.91267237588416,True,True,True,True,True,False,False,True,True,False,496.0,,False,True,False,0.17905061521994975,
WO_INV_0808,PPG400:20+PPG700:80,2.2,90.4475,1.9475542356,0.2495532685,7.8041624047,0.5109533103,0.0503505059,True,0.4749209099620631,0.0,0.0,20.0,80.0,0.11693720234236282,0.26289776375963786,59.29677387508497,True,True,True,True,True,False,False,True,True,False,532.0,,True,True,False,0.1845676675997766,
WO_INV_0620,PPG2000:80+PPG400:20,2.6,58.5585,4.4313190787,0.4143676652,10.69417199,0.782095713,0.0590270628,True,0.3693179488958334,0.0,80.0,20.0,0.0,0.025021407326507483,0.1952504382141282,68.38877975559217,True,True,True,True,True,True,True,False,True,False,216.0,,False,True,False,0.08734744588034576,
WO_INV_0465,PPG1000:80+PPG700:20,1.5,40.755,4.2003152257,0.5100869088,8.2345089689,0.7237140638,0.05715885,True,0.28954566445241736,80.0,0.0,0.0,20.0,0.013124975615753426,0.3165742652892208,60.845861157728535,True,False,True,True,True,True,True,True,True,False,135.0,,True,True,False,0.052201902704255045,
WO_INV_0692,PPG2000:40+PPG700:60,1.8,47.61900000000001,4.3883228865,0.4838596719,9.0694123557,0.68056112,0.0557779558,True,0.32258042663884734,0.0,40.0,0.0,60.0,0.01557200162300775,0.3600418853231934,63.632949428897255,True,False,True,True,True,True,True,True,True,False,151.0,,True,True,False,0.062164397071117095,
WO_INV_0176,PPG1000:70+PPG2000:30,3.0,63.81375,4.2326321842,0.3711115597,11.4052825175,0.9401668103,0.0640853379,True,0.38955063295968745,70.0,30.0,0.0,0.0,0.031868482331913854,0.13087273065978555,70.2467005374543,True,True,True,True,True,True,True,False,True,False,260.0,,False,True,False,0.1122309934335331,
WO_INV_0673,PPG2000:30+PPG700:70,1.5,43.168125,4.1741636957,0.4972148988,8.3950897402,0.7704635,0.058654832,True,0.30152050255599844,0.0,30.0,0.0,70.0,0.011176386482831493,0.33588751096438585,61.40323546868186,True,False,True,True,True,True,True,True,True,False,121.0,,True,True,False,0.05215009582032103,
WO_INV_0595,PPG2000:70+PPG400:30,1.7,46.79675,4.3096102993,0.4857097377,8.872810168,0.7272942273,0.0572734153,True,0.31878600854582956,0.0,70.0,30.0,0.0,0.013451133264192788,0.3819577941795851,63.00046306163953,True,False,True,True,True,True,True,True,True,False,138.0,,True,True,False,0.05891555540341648,
WO_INV_0175,PPG1000:70+PPG2000:30,2.9,61.686625,4.3447312464,0.3862569098,11.2482939109,0.8964168103,0.0626853379,True,0.38151965259958887,70.0,30.0,0.0,0.0,0.030496524923912,0.1447328926759347,69.84670053444107,True,True,True,True,True,True,True,False,True,False,249.0,,False,True,False,0.10631292447719477,
WO_INV_0185,PPG1000:80+PPG2000:20,2.3,51.80175,4.6279412107,0.4596706606,10.0679499646,0.605845713,0.0533870628,True,0.34124606600385043,80.0,20.0,0.0,0.0,0.024964352206824202,0.25559224994654556,66.64733368217435,True,False,True,True,True,True,True,False,True,False,215.0,,True,True,False,0.07856788041277771,
WO_INV_0003,PPG1000:100,1.7,42.5425,4.4001919957,0.5091839941,8.6416541891,0.6541020574,0.0549312658,True,0.29845484680007717,100.0,0.0,0.0,0.0,0.017333186384297573,0.36483455233410234,62.238638152087724,True,False,True,True,True,True,True,True,True,False,161.0,,True,True,False,0.0608918510636492,
WO_INV_0736,PPG2000:60+PPG700:40,3.0,65.4225,4.2139838333,0.3667372755,11.4904704682,0.9504393612,0.0644140596,True,0.3954873127899771,0.0,60.0,0.0,40.0,0.0331226778656893,0.12343132055575547,70.46145733237104,True,True,True,True,True,True,True,False,True,False,274.0,,False,True,False,0.1152734751668754,
WO_INV_0482,PPG1000:90+PPG700:10,1.6,41.756,4.3052193296,0.5098024125,8.4448782983,0.6997429986,0.056391776,True,0.29456248765484355,90.0,0.0,0.0,10.0,0.015168307689689464,0.341800669832545,61.57388740769291,True,False,True,True,True,True,True,True,True,False,150.0,,True,True,False,0.05711349225810777,
WO_INV_0821,PPG400:30+PPG700:70,1.9,83.208125,1.9338894964,0.2637831537,7.3313608902,0.6732311323,0.0555433962,True,0.4541726792957463,0.0,0.0,30.0,70.0,0.10973849126531586,0.20040168976518102,57.49315646363942,True,True,True,True,True,False,False,True,True,False,519.0,,False,True,False,0.18976906726117365,
WO_INV_0336,PPG1000:80+PPG400:20,3.0,97.5975,2.2387030829,0.2335906763,9.5838717454,0.7684977878,0.0585919292,True,0.493920722681208,80.0,0.0,20.0,0.0,0.10872540192982139,0.30486769833574806,65.22525944987876,True,False,True,True,True,True,False,False,True,False,515.0,,True,True,False,0.19856007879136164,
WO_INV_0655,PPG2000:10+PPG700:90,2.9,96.936125,2.2433842989,0.2378721784,9.4310495397,0.7905578301,0.0592978506,True,0.49222114530790123,0.0,10.0,0.0,90.0,0.10342185671414944,0.32094196905598793,64.76136095546822,True,False,True,True,True,True,False,True,True,False,501.0,,True,True,False,0.19189111540684917,
WO_INV_0400,PPG1000:30+PPG700:70,3.0,97.5975,2.2083771834,0.2321169821,9.5140698609,0.7459977878,0.0578719292,True,0.493920722681208,30.0,0.0,0.0,70.0,0.11202497737022227,0.3121776165206599,65.01429745943466,True,False,True,True,True,True,False,False,True,False,521.0,,True,True,False,0.200774542144586,
WO_INV_0383,PPG1000:20+PPG700:80,2.9,97.4545,2.1569091757,0.2330822992,9.2538523225,0.7181770923,0.056981667,True,0.49355421122334514,20.0,0.0,0.0,80.0,0.11376283122076392,0.33990942533833984,64.21396601371451,True,False,True,True,True,False,False,True,True,False,523.0,,True,True,False,0.19905940322117754,
WO_INV_0735,PPG2000:60+PPG700:40,2.9,63.24174999999999,4.3255890037,0.3817041076,11.3323092876,0.9066893612,0.0630140596,True,0.38741161498207405,0.0,60.0,0.0,40.0,0.03148936436406434,0.13729148257239315,70.06145733551847,True,True,True,True,True,True,True,False,True,False,258.0,,False,True,False,0.10904950856366598,
WO_INV_0061,PPG700:100,2.7,96.525,2.0461752647,0.2346982723,8.7183226549,0.6385647528,0.0544340721,True,0.49115888563795956,0.0,0.0,0.0,100.0,0.12006338371169784,0.3736673941005783,62.49355124351678,True,False,True,True,True,False,False,True,True,False,537.0,,True,True,False,0.1972424782119114,
WO_INV_0366,PPG1000:10+PPG700:90,2.8,97.097,2.1048977471,0.2340556974,8.993148942,0.6898559162,0.0560753893,True,0.4926356058184549,10.0,0.0,0.0,90.0,0.11612854207865735,0.36848629867364574,63.38924626169831,True,False,True,True,True,False,False,True,True,False,531.0,,True,True,False,0.19796572920273187,
WO_INV_0198,PPG1000:90+PPG2000:10,2.0,47.5475,4.5432815774,0.485051333,9.3665995082,0.6230427329,0.0539373675,True,0.3222521560853284,90.0,10.0,0.0,0.0,0.02045281309531486,0.327799239758711,64.56346223640546,True,False,True,True,True,True,True,True,True,False,187.0,,True,True,False,0.06967419689010906,
WO_INV_0174,PPG1000:70+PPG2000:30,2.8,59.5595,4.459799194,0.4020203533,11.0934661821,0.8526668103,0.0612853379,True,0.37327454648579367,70.0,30.0,0.0,0.0,0.030058344508610696,0.15859305469846516,69.44670053628616,True,True,True,True,True,True,True,False,True,False,245.0,,False,True,False,0.10145327830571564,
WO_INV_0619,PPG2000:80+PPG400:20,2.5,56.30624999999999,4.54868026,0.4312783304,10.5469715013,0.738345713,0.0576270628,True,0.36023031708584907,0.0,80.0,20.0,0.0,0.026101945970369186,0.2091106002376487,67.9887797566526,True,True,True,True,True,True,True,False,True,False,225.0,,False,True,False,0.08602593106484382,
WO_INV_0317,PPG1000:70+PPG400:30,2.7,97.97287500000002,2.0910246946,0.2356851358,8.8721110381,0.6908767068,0.0561080546,True,0.49488029610117046,70.0,0.0,30.0,0.0,0.11537672327406852,0.3820365919259648,62.99818897998495,True,False,True,True,True,False,False,True,True,False,528.0,,True,True,False,0.1959359990627293,
WO_INV_0278,PPG1000:50+PPG400:50,2.0,87.58749999999999,1.9357895778,0.2566498887,7.5425303606,0.6519811323,0.0548633962,True,0.4669154394615846,50.0,0.0,50.0,0.0,0.11358939987769545,0.22879824808505855,58.312672381845005,True,True,True,True,True,False,False,True,True,False,522.0,,False,True,False,0.19096954695968807,
WO_INV_0529,PPG2000:30+PPG400:70,1.5,71.32125,2.0967901557,0.2964090145,7.0739756658,0.9861191259,0.065555812,True,0.41630124692646125,0.0,30.0,70.0,0.0,0.07639780250233652,0.16466318160020782,56.461754145332065,True,True,True,True,True,False,False,True,True,False,427.0,,False,True,False,0.1676179963526746,
WO_INV_0734,PPG2000:60+PPG700:40,2.8,61.06099999999999,4.4401499789,0.3972817477,11.1763251248,0.8629393612,0.0616140596,True,0.3791172288760159,0.0,60.0,0.0,40.0,0.030789827844196153,0.15115164459143823,69.66145733828512,True,True,True,True,True,True,True,False,True,False,252.0,,False,True,False,0.10388396472460958,
WO_INV_0711,PPG2000:50+PPG700:50,2.1,50.675625,4.6346624536,0.4733075834,9.7920730964,0.5944625894,0.0530228029,True,0.3363226467452848,0.0,50.0,0.0,50.0,0.02410293078853284,0.28337616680929817,65.84549841463203,True,False,True,True,True,True,True,False,True,False,206.0,,True,True,False,0.07607892481465742,
WO_INV_0833,PPG400:40+PPG700:60,1.5,69.7125,1.9783274009,0.291121719,6.795533523,0.8774145981,0.0620772671,True,0.4107682109449805,0.0,0.0,40.0,60.0,0.09309435778832312,0.12450609229054634,55.30283293866281,True,True,True,True,True,False,False,False,True,False,477.0,,False,True,False,0.18661531169011497,
WO_INV_0298,PPG1000:60+PPG400:40,2.4,96.096,1.9763341541,0.2401231725,8.2305015943,0.6079716602,0.0534550931,True,0.4900456919060052,60.0,0.0,40.0,0.0,0.12141115670185451,0.3160874906632652,60.83181299050438,True,False,True,True,True,False,False,True,True,False,539.0,,True,True,False,0.19209276613453857,
WO_INV_0573,PPG2000:50+PPG400:50,2.7,101.35125,2.1733987244,0.2367657059,9.1795334825,0.7825261148,0.0590408357,True,0.5033554547091215,0.0,50.0,50.0,0.0,0.10853210052448982,0.3479729730202437,63.9812545108346,True,False,True,True,True,False,False,True,True,False,514.0,,True,True,False,0.1956188463490158,
WO_INV_0173,PPG1000:70+PPG2000:30,2.7,57.43237500000001,4.5779146564,0.4184271152,10.9407695877,0.8089168103,0.0598853379,True,0.36480663522988843,70.0,30.0,0.0,0.0,0.030553941078821346,0.17245321671701827,69.04670053375413,True,True,True,True,True,True,True,False,True,False,250.0,,False,True,False,0.09765205489577146,
WO_INV_0553,PPG2000:40+PPG400:60,2.3,97.84775,2.014026802,0.2432055097,8.2811725959,0.6689950486,0.0554078416,True,0.4945608428703384,0.0,40.0,60.0,0.0,0.11476987920347646,0.32222510700456924,61.00894270307819,True,False,True,True,True,False,False,True,True,False,525.0,,True,True,False,0.18775041025799544,
WO_INV_0530,PPG2000:30+PPG400:70,1.6,76.07600000000001,2.0426905585,0.2847866508,7.1727047346,0.9423691259,0.064155812,True,0.4320634271564552,0.0,30.0,70.0,0.0,0.08652382505747014,0.1785233436227476,56.86175414476711,True,True,True,True,True,False,False,True,True,False,458.0,,False,True,False,0.1773979540106747,
WO_INV_0795,PPG400:10+PPG700:90,2.5,96.078125,1.96869959,0.2369005061,8.3102380091,0.6090821891,0.0534906301,True,0.4899992031237549,0.0,0.0,10.0,90.0,0.1252262250518059,0.32572878051675336,61.11005763872886,True,True,True,True,True,False,False,True,True,False,547.0,,True,True,False,0.19766972667810245,
WO_INV_0733,PPG2000:60+PPG700:40,2.7,58.88025,4.557745042,0.4134951234,11.0224880142,0.8191893612,0.0602140596,True,0.37059514949151956,0.0,60.0,0.0,40.0,0.03102406830797555,0.16501180660613918,69.26145733793614,True,True,True,True,True,True,True,False,True,False,254.0,,False,True,False,0.09977684364741263,
WO_INV_0184,PPG1000:80+PPG2000:20,2.2,49.5495,4.750509827,0.4784301761,9.9293691417,0.562095713,0.0519870628,True,0.3313250796558999,80.0,20.0,0.0,0.0,0.028354051786741653,0.2694524119664125,66.24733368458574,True,False,True,True,True,True,True,False,True,False,238.0,,True,True,False,0.08185006026209238,
WO_INV_0618,PPG2000:80+PPG400:20,2.4,54.054,4.6691496912,0.448879133,10.4017971615,0.694595713,0.0562270628,True,0.3508769652199878,0.0,80.0,20.0,0.0,0.028116261604603086,0.22297076225271492,67.58877975403004,True,True,True,True,True,True,True,False,True,False,235.0,,False,True,False,0.08798847776719029,
WO_INV_0822,PPG400:30+PPG700:70,2.0,87.58749999999999,1.8839929236,0.2534400683,7.4336821969,0.6294811323,0.0541433962,True,0.4669154394615846,0.0,0.0,30.0,70.0,0.12260840014408714,0.2142618517870073,57.893156464082416,True,True,True,True,True,False,False,True,True,False,542.0,,False,True,False,0.20197376618679483,
WO_INV_0834,PPG400:40+PPG700:60,1.6,74.36,1.927284279,0.2797066731,6.8903764696,0.8336645981,0.0606772671,True,0.426473961917871,0.0,0.0,40.0,60.0,0.10385545742148311,0.1383662543048018,55.70283294037829,True,True,True,True,True,False,False,False,True,False,502.0,,False,True,False,0.19678243417647845,
WO_INV_0809,PPG400:20+PPG700:80,2.3,94.55875,1.8973050968,0.2397681448,7.9130824411,0.5547033103,0.0517505059,True,0.4860164346245029,0.0,0.0,20.0,80.0,0.13090119198422054,0.2767579257827431,59.69677388486873,True,True,True,True,True,False,False,True,True,False,555.0,,True,True,False,0.20257378622424152,
WO_INV_0257,PPG1000:40+PPG400:60,1.5,71.32125,1.9611583877,0.2873523723,6.824924994,0.9111191259,0.063155812,True,0.41630124692646125,40.0,0.0,60.0,0.0,0.09655445718850408,0.12882188189246918,55.427385291380794,True,True,True,True,True,False,False,False,True,False,483.0,,False,True,False,0.1928285197673404,
WO_INV_0172,PPG1000:70+PPG2000:30,2.6,55.30525000000001,4.6991583453,0.4355034497,10.7901747936,0.7651668103,0.0584853379,True,0.3561067639374716,70.0,30.0,0.0,0.0,0.03198331463581544,0.18631337873049042,68.64670053438702,True,True,True,True,True,True,True,False,True,False,261.0,,False,True,False,0.09756573947105117,
WO_INV_0531,PPG2000:30+PPG400:70,1.7,80.83075000000001,1.9899867932,0.2736200065,7.2728117313,0.8986191259,0.062755812,True,0.4469967082479058,0.0,30.0,70.0,0.0,0.09758362459137353,0.19238350563377515,57.261754145280925,True,True,True,True,True,False,False,True,True,False,486.0,,False,True,False,0.18804177050199675,
WO_INV_0732,PPG2000:60+PPG700:40,2.6,56.6995,4.6784545492,0.4303701796,10.8707684024,0.7754393612,0.0588140596,True,0.3618358705675513,0.0,60.0,0.0,40.0,0.032192085758590346,0.17887196863366045,68.86145733192497,True,True,True,True,True,True,True,False,True,False,264.0,,False,True,False,0.09818812645002313,
WO_INV_0279,PPG1000:50+PPG400:50,2.1,91.966875,1.8858439807,0.2465865026,7.6477988876,0.6082311323,0.0534633962,True,0.4790767938478969,50.0,0.0,50.0,0.0,0.12701174925142678,0.24265841009789135,58.712672384558786,True,True,True,True,True,False,False,True,True,False,548.0,,False,True,False,0.20375233753566413,
WO_INV_0691,PPG2000:40+PPG700:60,1.7,44.9735,4.5045453361,0.5036063597,8.9445759558,0.72431112,0.0571779558,True,0.31021876411895966,0.0,40.0,0.0,60.0,0.019757397727815908,0.37390204734840915,63.232949430005775,True,False,True,True,True,True,True,True,True,False,179.0,,True,True,False,0.06990760700666675,
WO_INV_0594,PPG2000:70+PPG400:30,1.6,44.044,4.4237480869,0.5055319281,8.7506799093,0.7710442273,0.0586734153,True,0.305767682097137,0.0,70.0,30.0,0.0,0.017630224848817187,0.3773719320426749,62.60046306335458,True,False,True,True,True,True,True,True,True,False,164.0,,True,True,False,0.06665681966613818,
WO_INV_0835,PPG400:40+PPG700:60,1.7,79.00750000000001,1.8775581284,0.2687392176,6.986543107,0.7899145981,0.0592772671,True,0.44136418865131355,0.0,0.0,40.0,60.0,0.11555033400592604,0.1522264163335002,56.10283293791804,True,True,True,True,True,False,False,False,True,False,529.0,,False,True,False,0.20781341545744497,
WO_INV_0258,PPG1000:40+PPG400:60,1.6,76.07600000000001,1.9105582461,0.2760851246,6.9201781474,0.8673691259,0.061755812,True,0.4320634271564552,40.0,0.0,60.0,0.0,0.10762071253238725,0.14268204391408673,55.82738529317609,True,True,True,True,True,False,False,False,True,False,509.0,,False,True,False,0.20330271960360513,
WO_INV_0002,PPG1000:100,1.6,40.040000000000006,4.5167287924,0.5299641871,8.5227056889,0.6978520574,0.0563312658,True,0.28591830905455584,100.0,0.0,0.0,0.0,0.02256757186314826,0.3509743903184879,61.83863815234444,True,False,True,True,True,True,True,True,True,False,199.0,,True,True,False,0.06958939003633506,
WO_INV_0481,PPG1000:90+PPG700:10,1.5,39.14625,4.4192408246,0.5306078436,8.3286383301,0.7434929986,0.057791776,True,0.28133169237403094,90.0,0.0,0.0,10.0,0.02032627953001558,0.32794050781440076,61.173887409594386,True,False,True,True,True,True,True,True,True,False,184.0,,True,True,False,0.06572681520419235,
WO_INV_0656,PPG2000:10+PPG700:90,3.0,100.27875,2.1855024043,0.2285450769,9.5626754856,0.8343078301,0.0606978506,True,0.5006959050822916,0.0,10.0,0.0,90.0,0.11770479409587992,0.307081807041974,65.16136095252615,True,False,True,True,True,False,False,False,True,False,533.0,,True,True,False,0.2137210876758962,
WO_INV_0617,PPG2000:80+PPG400:20,2.3,51.80175,4.7928096926,0.4671982379,10.2586210814,0.650845713,0.0548270628,True,0.34124606600385043,0.0,80.0,20.0,0.0,0.031064354220661915,0.23683092427543637,67.18877975627102,True,False,True,True,True,True,True,False,True,False,255.0,,False,True,False,0.09081488329734788,
WO_INV_0197,PPG1000:90+PPG2000:10,1.9,45.170125,4.6636080273,0.5048466535,9.2376724603,0.6667927329,0.0553373675,True,0.3111530351027803,90.0,10.0,0.0,0.0,0.02484893364936235,0.3416594017755641,64.16346223220296,True,False,True,True,True,True,True,True,True,False,211.0,,True,True,False,0.07765939344946958,
WO_INV_0384,PPG1000:20+PPG700:80,3.0,100.815,2.1012584387,0.2239430115,9.3830051873,0.7619270923,0.058381667,True,0.5020292308841471,20.0,0.0,0.0,80.0,0.12864114839746027,0.32604926331353395,64.61396601689326,True,False,True,True,True,False,False,True,True,False,552.0,,True,True,False,0.22128342196227685,
WO_INV_0062,PPG700:100,2.8,100.1,1.99338159,0.2254956214,8.8400013145,0.6823147528,0.0558340721,True,0.5002498750624688,0.0,0.0,0.0,100.0,0.13504545997460135,0.34312692622548774,62.89355124608192,True,False,True,True,True,False,False,True,True,False,565.0,,True,True,False,0.2192304671603356,
WO_INV_0710,PPG2000:50+PPG700:50,2.0,48.2625,4.7574090785,0.4926236323,9.6572895951,0.6382125894,0.0544228029,True,0.32552061377624153,0.0,50.0,0.0,50.0,0.028093333223778827,0.297236328824495,65.44549841550412,True,False,True,True,True,True,True,False,True,False,234.0,,True,True,False,0.08371496974088195,
WO_INV_0367,PPG1000:10+PPG700:90,2.9,100.56475,2.0505889647,0.2248782422,9.1186632585,0.7336059162,0.0574753893,True,0.5014078994439451,10.0,0.0,0.0,90.0,0.13103525542163244,0.34038529472059476,63.78924626529163,True,False,True,True,True,False,False,True,True,False,556.0,,True,True,False,0.2200841477900667,
WO_INV_0532,PPG2000:30+PPG400:70,1.8,85.58550000000001,1.9386428456,0.2628912126,7.3743158873,0.8548691259,0.061355812,True,0.46116480005172816,0.0,30.0,70.0,0.0,0.10957720110720014,0.20624366765118893,57.66175414350882,True,True,True,True,True,False,False,True,True,False,517.0,,False,True,False,0.1995494458287692,
WO_INV_0731,PPG2000:60+PPG700:40,2.5,54.51875,4.802360985,0.4479339198,10.7211371433,0.7316893612,0.0574140596,True,0.3528293491890142,0.0,60.0,0.0,40.0,0.03429388020087375,0.19273213064425354,68.4614573335694,True,True,True,True,True,True,True,False,True,False,279.0,,False,True,False,0.10015263525596187,
WO_INV_0171,PPG1000:70+PPG2000:30,2.5,53.17812500000001,4.8236131103,0.4532766826,10.6416528693,0.7214168103,0.0570853379,True,0.34716526919232105,70.0,30.0,0.0,0.0,0.03434646517697763,0.20017354075377905,68.24670053729366,True,False,True,True,True,True,True,False,True,False,280.0,,False,True,False,0.09978446721528705,
WO_INV_0318,PPG1000:70+PPG400:30,2.8,101.6015,2.0370738529,0.2264437894,8.9959360698,0.7346267068,0.0575080546,True,0.5039719446531896,70.0,0.0,30.0,0.0,0.1301731135816336,0.3473229284704614,63.39818898426087,True,False,True,True,True,False,False,True,True,False,554.0,,True,True,False,0.21791395630595822,
WO_INV_0823,PPG400:30+PPG700:70,2.1,91.966875,1.8353837397,0.2435025411,7.5374315672,0.5857311323,0.0527433962,True,0.4790767938478969,0.0,0.0,30.0,70.0,0.13641208599922253,0.2281220138055934,58.29315646123384,True,True,True,True,True,False,False,True,True,False,569.0,,False,True,False,0.21504232394235143,
WO_INV_0299,PPG1000:60+PPG400:40,2.5,100.1,1.9253424603,0.2307078082,8.3453719015,0.6517216602,0.0548550931,True,0.5002498750624688,60.0,0.0,40.0,0.0,0.13608982592903768,0.32994765268061516,61.231812994667855,True,False,True,True,True,False,False,True,True,False,567.0,,True,True,False,0.2135554950766291,
WO_INV_0554,PPG2000:40+PPG400:60,2.4,102.102,1.9620625946,0.2336692853,8.396750101,0.7127450486,0.0568078416,True,0.5052003443805603,0.0,40.0,60.0,0.0,0.1291018921369986,0.33608526902081254,61.408942699373895,True,False,True,True,True,False,False,True,True,False,553.0,,True,True,False,0.20903493185152294,
WO_INV_0574,PPG2000:50+PPG400:50,2.8,105.105,2.1173225381,0.2274819897,9.3076491046,0.8262761148,0.0604408357,True,0.5124448453231272,0.0,50.0,50.0,0.0,0.123056574906348,0.33411281099165047,64.3812545215003,True,False,True,True,True,False,False,True,True,False,543.0,,True,True,False,0.21764355323093296,
WO_INV_0259,PPG1000:40+PPG400:60,1.7,80.83075000000001,1.8612636464,0.265259672,7.0167607165,0.8236191259,0.060355812,True,0.4469967082479058,40.0,0.0,60.0,0.0,0.11962074486057403,0.15654220591911805,56.22738529615884,True,True,True,True,True,False,False,True,True,False,536.0,,False,True,False,0.21464077828022213,
WO_INV_0280,PPG1000:50+PPG400:50,2.2,96.34625,1.8371870374,0.2369177076,7.7545366117,0.5644811323,0.0520633962,True,0.49069564608440447,50.0,0.0,50.0,0.0,0.1413678755394081,0.2565185721270642,59.112672376181145,True,False,True,True,True,False,False,True,True,False,576.0,,True,True,False,0.2173989868644181,
WO_INV_0796,PPG400:10+PPG700:90,2.6,99.92125,1.9179048767,0.2276115044,8.4262211703,0.6528321891,0.0548906301,True,0.4998030474499334,0.0,0.0,10.0,90.0,0.14019734569090594,0.3395889425363833,61.51005763699847,True,False,True,True,True,False,False,True,True,False,575.0,,True,True,False,0.21947298654789255,
WO_INV_0183,PPG1000:80+PPG2000:20,2.1,47.29725,4.8763246093,0.497955282,9.7926958217,0.605845713,0.0533870628,True,0.3211006994360044,80.0,20.0,0.0,0.0,0.032677528355618754,0.2833125739935937,65.84733368370645,True,False,True,True,True,True,True,False,True,False,269.0,,True,True,False,0.08984419089942457,
WO_INV_0836,PPG400:40+PPG700:60,1.8,83.655,1.8291149696,0.2582018022,7.0840519093,0.7461645981,0.0578772671,True,0.45550080313631536,0.0,0.0,40.0,60.0,0.12817898756944143,0.1660865783477853,56.502832932207625,True,True,True,True,True,False,False,True,True,False,550.0,,False,True,False,0.21970825557293946,
WO_INV_0160,PPG1000:60+PPG2000:40,3.0,60.06,4.6449592464,0.396835092,11.7050113266,0.9699401986,0.0650380864,True,0.37523428714232165,60.0,40.0,0.0,0.0,0.041251932605482475,0.10493228884719588,70.99533368183168,True,True,True,True,True,True,True,False,True,False,308.0,,False,True,False,0.12757720531001443,
WO_INV_0616,PPG2000:80+PPG400:20,2.2,49.5495,4.9197447648,0.4862649597,10.117415756,0.607095713,0.0534270628,True,0.3313250796558999,0.0,80.0,20.0,0.0,0.0349462238260478,0.25069108629120523,66.78877975549706,True,False,True,True,True,True,True,False,True,False,281.0,,True,True,False,0.0945051476777472,
WO_INV_0533,PPG2000:30+PPG400:70,1.9,90.34025,1.8886236309,0.2525831007,7.4772367023,0.8111191259,0.059955812,True,0.4746250464628474,0.0,30.0,70.0,0.0,0.1225045546265126,0.22010382967796624,58.06175414480541,True,True,True,True,True,False,False,True,True,False,541.0,,False,True,False,0.21192098001887158,
WO_INV_0730,PPG2000:60+PPG700:40,2.4,52.33799999999999,4.9295490182,0.4662144498,10.5735654913,0.6879393612,0.0560140596,True,0.34356496737517883,0.0,60.0,0.0,40.0,0.0373294516214722,0.20659229267151435,68.0614573366643,True,False,True,True,True,True,True,False,True,False,287.0,,False,True,False,0.10298100288960516,
WO_INV_0810,PPG400:20+PPG700:80,2.4,98.67,1.8483524436,0.2303667014,8.0235226373,0.5984533103,0.0531505059,True,0.4966527407258267,0.0,0.0,20.0,80.0,0.1457989585097075,0.290618087799954,60.09677388162174,True,False,True,True,True,False,False,True,True,False,583.0,,True,True,False,0.22163063985524972,
WO_INV_0170,PPG1000:70+PPG2000:30,2.4,51.051,4.951363995,0.471775255,10.4951752828,0.6776668103,0.0556853379,True,0.33797194325095503,70.0,30.0,0.0,0.0,0.03764339271040211,0.21403370277528921,67.84670053346709,True,False,True,True,True,True,True,False,True,False,291.0,,False,True,False,0.10286705381868763,
WO_INV_0159,PPG1000:60+PPG2000:40,2.9,58.05799999999999,4.7679785765,0.4130302393,11.5438970872,0.9261901986,0.0636380864,True,0.3673208569006314,60.0,40.0,0.0,0.0,0.041672203510679004,0.11879245085991913,70.59533368430264,True,True,True,True,True,True,True,False,True,False,312.0,,False,True,False,0.12330631606131191,
WO_INV_0690,PPG2000:40+PPG700:60,1.6,42.328,4.6238458767,0.5241589251,8.8214578731,0.76806112,0.0585779558,True,0.2973975605643303,0.0,40.0,0.0,60.0,0.02487657081361529,0.3854276788661652,62.832949431152024,True,False,True,True,True,True,True,True,True,False,214.0,,True,True,False,0.07870155206494465,
WO_INV_0824,PPG400:30+PPG700:70,2.2,96.34625,1.7880287287,0.2339546699,7.6426289321,0.5419811323,0.0513433962,True,0.49069564608440447,0.0,0.0,30.0,70.0,0.1511495488446619,0.2419821758213914,58.693156461071226,True,False,True,True,True,False,False,True,True,False,593.0,,True,True,False,0.2289747405456091,
WO_INV_0593,PPG2000:70+PPG400:30,1.5,41.291250000000005,4.5409087544,0.5261630775,8.6302307188,0.8147942273,0.0600734153,True,0.2922420885935966,0.0,70.0,30.0,0.0,0.02274309342712595,0.36351177001745294,62.200463061212346,True,False,True,True,True,True,True,True,True,False,200.0,,True,True,False,0.07544881907111584,
WO_INV_0260,PPG1000:40+PPG400:60,1.8,85.58550000000001,1.813240904,0.2548586915,7.1146912558,0.7798691259,0.058955812,True,0.46116480005172816,40.0,0.0,60.0,0.0,0.13255455416033668,0.1704023679498918,56.62738529471178,True,True,True,True,True,False,False,True,True,False,560.0,,False,True,False,0.2268426957765983,
WO_INV_0849,PPG400:50+PPG700:50,1.5,73.734375,1.8287909819,0.2745612376,6.6607762905,0.9049607241,0.0629587432,True,0.42440866984441045,0.0,0.0,50.0,50.0,0.12141244018910803,0.10447656866677316,54.72478706684911,True,True,True,True,True,False,False,False,True,False,540.0,,False,True,False,0.22628581835305878,
WO_INV_0837,PPG400:40+PPG700:60,1.9,88.30250000000001,1.7819217001,0.2480775647,7.1829216088,0.7024145981,0.0564772671,True,0.46893960515659644,0.0,0.0,40.0,60.0,0.141741418154946,0.1799467403705594,56.90283293573033,True,True,True,True,True,False,False,True,True,False,577.0,,False,True,False,0.23246695457606373,
WO_INV_0196,PPG1000:90+PPG2000:10,1.8,42.792750000000005,4.7871212606,0.5254498362,9.1105200354,0.7105427329,0.0567373675,True,0.2996843327129704,90.0,10.0,0.0,0.0,0.030178831168963253,0.3555195638013372,63.763462236376895,True,False,True,True,True,True,True,True,True,False,246.0,,True,True,False,0.08669532510280017,
WO_INV_0001,PPG1000:100,1.5,37.53750000000001,4.6363520055,0.5515924359,8.4053944615,0.7416020574,0.0577312658,True,0.27292556575479415,100.0,0.0,0.0,0.0,0.02873573433347897,0.33711422829806853,61.43863815036738,True,False,True,True,True,True,True,True,True,False,239.0,,True,True,False,0.07933766414693155,
WO_INV_0709,PPG2000:50+PPG700:50,1.9,45.849375,4.8834065838,0.5127279841,9.5243613283,0.6819625894,0.0558228029,True,0.3143611345609126,0.0,50.0,0.0,50.0,0.03301751264043479,0.31109649084384944,65.04549841615729,True,False,True,True,True,True,True,False,True,False,271.0,,True,True,False,0.09240174979019126,
WO_INV_0158,PPG1000:60+PPG2000:40,2.8,56.056,4.8942560095,0.4298863231,11.3850005131,0.8824401986,0.0622380864,True,0.3592043881683498,60.0,40.0,0.0,0.0,0.04302625139767202,0.13265261287776284,70.19533368616113,True,True,True,True,True,True,True,False,True,False,315.0,,False,True,False,0.12151720365208121,
WO_INV_0534,PPG2000:30+PPG400:70,2.0,95.095,1.8398949695,0.2426791757,7.581593948,0.7673691259,0.058555812,True,0.48742920115841,0.0,30.0,70.0,0.0,0.13636568508482086,0.2339639916970837,58.46175414074797,True,True,True,True,True,False,False,True,True,False,568.0,,False,True,False,0.22515637299261415,
WO_INV_0063,PPG700:100,2.9,103.675,1.9419500527,0.2166538117,8.9633782017,0.7260647528,0.0572340721,True,0.5090217257886338,0.0,0.0,0.0,100.0,0.15096131312551106,0.30312692661223095,63.29355123410992,True,False,True,True,True,False,False,True,True,False,592.0,,True,True,False,0.24240402550001744,
WO_INV_0729,PPG2000:60+PPG700:40,2.3,50.15724999999999,5.0601055604,0.4852410225,10.4280250971,0.6441893612,0.0546140596,True,0.3340314903209802,0.0,60.0,0.0,40.0,0.041298800040995565,0.2204524546900705,67.66145733309361,True,False,True,True,True,True,True,False,True,False,309.0,,False,True,False,0.10667322939164356,
WO_INV_0368,PPG1000:10+PPG700:90,3.0,104.0325,1.9976814114,0.2160606402,9.2459293355,0.7773559162,0.0588753893,True,0.5098820040924853,10.0,0.0,0.0,90.0,0.146875745711054,0.30038529471643705,64.18924626536023,True,False,True,True,True,False,False,True,True,False,590.0,,True,True,False,0.24338813583667032,
WO_INV_0169,PPG1000:70+PPG2000:30,2.3,48.923875,5.0824982955,0.4910287684,10.3507138948,0.6339168103,0.0542853379,True,0.3285159951686726,70.0,30.0,0.0,0.0,0.04187409722973968,0.22789386478585305,67.44670053369124,True,False,True,True,True,True,True,False,True,False,313.0,,False,True,False,0.1068134992589124,
WO_INV_0319,PPG1000:70+PPG400:30,2.9,105.23012500000002,1.9845150051,0.2175648014,9.1214892853,0.7783767068,0.0589080546,True,0.5127420986563255,70.0,0.0,30.0,0.0,0.14590328084039217,0.30732292839162156,63.79818898756499,True,False,True,True,True,False,False,True,True,False,585.0,,True,True,False,0.24107748301438064,
WO_INV_0300,PPG1000:60+PPG400:40,2.6,104.104,1.8756664108,0.2216616257,8.4618454145,0.6954716602,0.0562550931,True,0.5100536981146867,60.0,0.0,40.0,0.0,0.1517022720593408,0.32597819529232497,61.63181298734986,True,False,True,True,True,False,False,True,True,False,595.0,,True,True,False,0.2362037934276702,
WO_INV_0850,PPG400:50+PPG700:50,1.6,78.64999999999999,1.7816060716,0.2637955375,6.7537384763,0.8612107241,0.0615587432,True,0.44024629163168205,0.0,0.0,50.0,50.0,0.13372754054884553,0.11833673067973899,55.12478706524395,True,True,True,True,True,False,False,False,True,False,562.0,,False,True,False,0.2378060409689443,
WO_INV_0555,PPG2000:40+PPG400:60,2.5,106.35625,1.9114391234,0.2245069815,8.513940682,0.7564950486,0.0582078416,True,0.5154011569797378,0.0,40.0,60.0,0.0,0.14436768217731422,0.3387329894604951,61.8089427076812,True,False,True,True,True,False,False,True,True,False,580.0,,True,True,False,0.23150502310072782,
WO_INV_0182,PPG1000:80+PPG2000:20,2.0,45.045,5.0054715306,0.5182772226,9.6579037489,0.649595713,0.0547870628,True,0.3105587920990037,80.0,20.0,0.0,0.0,0.037934781912836196,0.2971727360051771,65.44733368173219,True,False,True,True,True,True,True,False,True,False,293.0,,True,True,False,0.09888905667116493,
WO_INV_0281,PPG1000:50+PPG400:50,2.3,100.725625,1.7897854992,0.2276280314,7.8627640377,0.6082311323,0.0534633962,True,0.5018075046472019,50.0,0.0,50.0,0.0,0.15665777887966148,0.27037873413607527,59.512672377120374,True,False,True,True,True,False,False,True,True,False,606.0,,True,True,False,0.2369665961023193,
WO_INV_0575,PPG2000:50+PPG400:50,2.9,108.85875,2.0626931818,0.2185622933,9.4375527927,0.8700261148,0.0618408357,True,0.5212075146480576,0.0,50.0,50.0,0.0,0.13851482620464248,0.3118972538644133,64.78125452064378,True,False,True,True,True,False,False,True,True,False,571.0,,True,True,False,0.24085382953469292,
WO_INV_0157,PPG1000:60+PPG2000:40,2.7,54.05400000000001,5.0238778347,0.4474303168,11.2282910791,0.8386901986,0.0608380864,True,0.35087696521998785,60.0,40.0,0.0,0.0,0.04531407627296663,0.14651277490356077,69.79533368373878,True,True,True,True,True,True,True,False,True,False,323.0,,False,True,False,0.12355860586982995,
WO_INV_0261,PPG1000:40+PPG400:60,1.9,90.34025,1.7664572036,0.2448655393,7.2139885782,0.7361191259,0.057555812,True,0.4746250464628474,40.0,0.0,60.0,0.0,0.14642214042499357,0.18426252996953268,57.02738529109972,True,True,True,True,True,False,False,True,True,False,587.0,,False,True,False,0.23990847208977195,
WO_INV_0797,PPG400:10+PPG700:90,2.7,103.764375,1.8684207255,0.2186867296,8.543823069,0.6965821891,0.0562906301,True,0.5092370783656368,0.0,0.0,10.0,90.0,0.15610224338061865,0.31246643205277885,61.91005764531057,True,False,True,True,True,False,False,True,True,False,604.0,,True,True,False,0.24246181600348543,
WO_INV_0615,PPG2000:80+PPG400:20,2.1,47.29725,5.0500416465,0.5061098092,9.9781540586,0.650845713,0.0548270628,True,0.3211006994360044,0.0,80.0,20.0,0.0,0.039761870424443936,0.2645512483142634,66.38877975420769,True,False,True,True,True,True,True,False,True,False,298.0,,True,True,False,0.1031716416506511,
WO_INV_0838,PPG400:40+PPG700:60,2.0,92.95,1.7359460712,0.2383503043,7.283171199,0.6586645981,0.0550772671,True,0.48173101839854887,0.0,0.0,40.0,60.0,0.15623762567026991,0.19380690239078963,57.30283293061809,True,True,True,True,True,False,False,True,True,False,605.0,,False,True,False,0.24608951235164475,
WO_INV_0811,PPG400:20+PPG700:80,2.5,102.78125,1.8006628251,0.2213338938,8.1355042097,0.6422033103,0.0545505059,True,0.5068577592849437,0.0,0.0,20.0,80.0,0.16163050209797752,0.30447824981726856,60.49677388645771,True,False,True,True,True,False,False,True,True,False,614.0,,True,True,False,0.2417382287084479,
WO_INV_0728,PPG2000:60+PPG700:40,2.2,47.9765,5.1941198247,0.5050440843,10.2844880013,0.6004393612,0.0532140596,True,0.3242170209458935,0.0,60.0,0.0,40.0,0.0462019254426279,0.234312616704147,67.26145733307733,True,False,True,True,True,True,True,False,True,False,329.0,,False,True,False,0.11122931472545182,
WO_INV_0535,PPG2000:30+PPG400:70,2.1,99.84975,1.7924235635,0.2331635891,7.6874076722,0.7236191259,0.057155812,True,0.4996240925995654,0.0,30.0,70.0,0.0,0.15116059258892456,0.24782415371213398,58.86175414160237,True,False,True,True,True,False,False,True,True,False,594.0,,False,True,False,0.23925562488256852,
WO_INV_0689,PPG2000:40+PPG700:60,1.5,39.682500000000005,4.7463060302,0.5455502566,8.7000344557,0.81181112,0.0599779558,True,0.2840907057075869,0.0,40.0,0.0,60.0,0.0309295208867197,0.3715675168499279,62.432949433298525,True,False,True,True,True,True,True,True,True,False,253.0,,True,True,False,0.08854623225585134,
WO_INV_0752,PPG2000:70+PPG700:30,3.0,58.45125000000001,4.895369321,0.4109952394,11.9110122246,1.0057743345,0.0661847787,False,0.3688910627085618,0.0,70.0,0.0,30.0,0.049283544626255435,0.08748598823469565,71.49882853838021,True,True,True,True,True,True,True,False,False,False,338.0,,False,False,False,0.14059501310224254,
WO_INV_0168,PPG1000:70+PPG2000:30,2.2,46.79675000000001,5.2171056197,0.5110680326,10.208240953,0.5901668103,0.0528853379,True,0.31878600854582956,70.0,30.0,0.0,0.0,0.04703857873492241,0.24175402680774308,67.04670053292524,True,False,True,True,True,True,True,False,True,False,333.0,,False,True,False,0.11162380354027057,
WO_INV_0825,PPG400:30+PPG700:70,2.3,100.725625,1.7418955314,0.224781176,7.7492945008,0.5857311323,0.0527433962,True,0.5018075046472019,0.0,0.0,30.0,70.0,0.16682078877166479,0.2558423378386837,59.09315647113345,True,False,True,True,True,False,False,True,True,False,622.0,,True,True,False,0.24897120177531956,
WO_INV_0851,PPG400:50+PPG700:50,1.7,83.565625,1.7356385862,0.2534519665,6.8479981037,0.8174607241,0.0601587432,True,0.45523569568104044,0.0,0.0,50.0,50.0,0.1469764179296202,0.13219689269838036,55.52478706725838,True,True,True,True,True,False,False,False,True,False,591.0,,False,True,False,0.25019012247034456,
WO_INV_0156,PPG1000:60+PPG2000:40,2.6,52.05200000000001,5.1569326265,0.4656902944,11.0737386804,0.7949401986,0.0594380864,True,0.3423302554389288,60.0,40.0,0.0,0.0,0.048535678133069145,0.16037293691910542,69.39533368528663,True,False,True,True,True,True,True,False,True,False,335.0,,False,True,False,0.12646386692125697,
WO_INV_0195,PPG1000:90+PPG2000:10,1.7,40.415375,4.9139056777,0.5468938508,8.9851178068,0.7542927329,0.0581373675,True,0.28782727674943004,90.0,10.0,0.0,0.0,0.036442505684226564,0.3693797258150299,63.363462237336435,True,False,True,True,True,True,True,True,True,False,285.0,,True,True,False,0.09678199190349829,
WO_INV_0708,PPG2000:50+PPG700:50,1.8,43.43625,5.0127410676,0.5336528101,9.3932627595,0.7257125894,0.0572228029,True,0.3028261684197684,0.0,50.0,0.0,50.0,0.03887546905107493,0.32495665287044484,64.64549841525755,True,False,True,True,True,True,True,True,True,False,296.0,,True,True,False,0.10213926498151676,
WO_INV_0262,PPG1000:40+PPG400:60,2.0,95.095,1.7208805765,0.2352642242,7.3146717595,0.6923691259,0.056155812,True,0.48742920115841,40.0,0.0,60.0,0.0,0.1612235036688286,0.19812269198843932,57.42738528817627,True,True,True,True,True,False,False,True,True,False,613.0,,False,True,False,0.25383810723757916,
WO_INV_0751,PPG2000:70+PPG700:30,2.9,56.502875,5.0250206316,0.4277682733,11.747062475,0.9620243345,0.0647847787,True,0.3610341024086618,0.0,70.0,0.0,30.0,0.05065937973634952,0.1013461502547697,71.09882853870046,True,True,True,True,True,True,True,False,True,False,346.0,,False,True,False,0.1380810912525769,
WO_INV_0241,PPG1000:30+PPG400:70,1.5,76.951875,1.7537508077,0.2647819601,6.6233772388,0.9484366027,0.0643499713,True,0.43487459514062793,30.0,0.0,70.0,0.0,0.1385429478159901,0.09884592755349102,54.562288496991926,True,True,True,True,True,False,False,False,True,False,572.0,,False,True,False,0.2512693276077225,
WO_INV_0064,PPG700:100,3.0,107.25,1.8918455083,0.2081586942,9.0884770181,0.7698147528,0.0586340721,True,0.517490952955368,0.0,0.0,0.0,100.0,0.16781094338772667,0.2631269264515072,63.693551239375445,True,False,True,True,True,False,False,True,True,False,624.0,,True,True,False,0.26676315349804003,
WO_INV_0839,PPG400:40+PPG700:60,2.1,97.5975,1.6911566663,0.2290044551,7.3848199385,0.6149145981,0.0536772671,True,0.493920722681208,0.0,0.0,40.0,60.0,0.17166761031782896,0.20766706439981475,57.70283294080425,True,False,True,True,True,False,False,True,True,False,628.0,,False,True,False,0.2605759291466064,
WO_INV_0320,PPG1000:70+PPG400:30,3.0,108.85875,1.9333122359,0.2090339635,9.2487948042,0.8221267068,0.0603080546,True,0.5212075146480576,70.0,0.0,30.0,0.0,0.16256722509977992,0.2673229283132009,64.198188989219,True,False,True,True,True,False,False,True,True,False,616.0,,True,True,False,0.2654265792482414,
WO_INV_0301,PPG1000:60+PPG400:40,2.7,108.10800000000002,1.8272720606,0.212970149,8.5799445086,0.7392216602,0.0576550931,True,0.5194802698598805,60.0,0.0,40.0,0.0,0.16824849526328653,0.2859781951143883,62.03181299342318,True,False,True,True,True,False,False,True,True,False,626.0,,True,True,False,0.2600376613915847,
WO_INV_0181,PPG1000:80+PPG2000:20,1.9,42.79275,5.138038841,0.5394285172,9.5249670285,0.693345713,0.0561870628,True,0.29968433271297035,80.0,20.0,0.0,0.0,0.04412581243704822,0.31103289802956646,65.04733368702028,True,False,True,True,True,True,True,False,True,False,319.0,,True,True,False,0.10898465754177558,
WO_INV_0155,PPG1000:60+PPG2000:40,2.5,50.05,5.2935113053,0.4846954759,10.9213136262,0.7511901986,0.0580380864,True,0.33355548150616454,60.0,40.0,0.0,0.0,0.052691056986739135,0.17423309894013356,68.99533368234775,True,False,True,True,True,True,True,False,True,False,352.0,,False,True,False,0.13023298683004758,
WO_INV_0852,PPG400:50+PPG700:50,1.8,88.48125,1.6908571149,0.2435139728,6.9435732806,0.7737107241,0.0587587432,True,0.46944324700732837,0.0,0.0,50.0,50.0,0.16115907221428272,0.14605705471527386,55.924787061907985,True,True,True,True,True,False,False,False,True,False,612.0,,False,True,False,0.2634380627111759,
WO_INV_0282,PPG1000:50+PPG400:50,2.4,105.105,1.7436069752,0.2187026086,7.9725019571,0.6519811323,0.0548633962,True,0.5124448453231272,50.0,0.0,50.0,0.0,0.17288145922353462,0.2842388961553326,59.91267238004604,True,False,True,True,True,False,False,True,True,False,631.0,,True,True,False,0.25758494049025893,
WO_INV_0556,PPG2000:40+PPG400:60,2.6,110.6105,1.8621217961,0.2157039369,8.632766852,0.8002450486,0.0596078416,True,0.525189864702852,0.0,40.0,60.0,0.0,0.16056724904828007,0.2987329897332485,62.208942701051484,True,False,True,True,True,False,False,True,True,False,610.0,,True,True,False,0.2551606836696359,
WO_INV_0750,PPG2000:70+PPG700:30,2.8,54.5545,5.1581056898,0.4452258277,11.5853694203,0.9182743345,0.0633847787,True,0.3529790462264121,0.0,70.0,0.0,30.0,0.05296899183441414,0.11520631227377716,70.69882853929427,True,True,True,True,True,True,True,False,True,False,355.0,,False,True,False,0.14008428537036238,
WO_INV_0614,PPG2000:80+PPG400:20,2.0,45.045,5.1837893732,0.5267645423,9.8408092362,0.694595713,0.0562270628,True,0.3105587920990037,0.0,80.0,20.0,0.0,0.04551129399680308,0.27841141032763345,65.98877975606739,True,False,True,True,True,True,True,False,True,False,325.0,,True,True,False,0.11288887073466777,
WO_INV_0536,PPG2000:30+PPG400:70,2.2,104.60450000000002,1.7461769745,0.224021114,7.7946982026,0.6798691259,0.055755812,True,0.5112521963104428,0.0,30.0,70.0,0.0,0.16688927704899995,0.26168431573935463,59.26175414314448,True,False,True,True,True,False,False,True,True,False,623.0,,True,True,False,0.25421873557644487,
WO_INV_0576,PPG2000:50+PPG400:50,3.0,112.61249999999998,2.0094733258,0.2099923432,9.5692695023,0.9137761148,0.0632408357,True,0.5296607678287965,0.0,50.0,50.0,0.0,0.15490685447954855,0.2718972538665441,65.1812545208188,True,False,True,True,True,False,False,False,True,False,602.0,,True,True,False,0.2652496753345391,
WO_INV_0513,PPG2000:20+PPG400:80,1.5,78.82875000000001,1.783006558,0.2643016082,6.7461055945,1.0352711633,0.0671286772,False,0.44080579884386606,0.0,20.0,80.0,0.0,0.13326712909545388,0.11720592019432355,55.09215222634802,True,True,True,True,True,False,False,False,False,False,561.0,,False,False,False,0.2489805353317922,
WO_INV_0144,PPG1000:50+PPG2000:50,3.0,56.306250000000006,5.1006940439,0.4251217544,11.9981957899,1.001635744,0.0660523438,False,0.3602303170858491,50.0,50.0,0.0,0.0,0.05576038063606405,0.08019306981902385,71.70929991284457,True,True,True,True,True,True,True,False,False,False,366.0,,False,False,False,0.14832361743210679,
WO_INV_0798,PPG400:10+PPG700:90,2.8,107.6075,1.8202133222,0.2101119003,8.6630662973,0.7403321891,0.0576906301,True,0.5183218332671026,0.0,0.0,10.0,90.0,0.1729409179867454,0.2724664321363545,62.310057642053856,True,False,True,True,True,False,False,True,True,False,632.0,,True,True,False,0.2666362148835777,
WO_INV_0242,PPG1000:30+PPG400:70,1.6,82.08200000000001,1.7085020202,0.2543997109,6.7158174588,0.9046866027,0.0629499713,True,0.45079689370723086,30.0,0.0,70.0,0.0,0.15178898935359444,0.1127060895702078,54.96228850188276,True,True,True,True,True,False,False,False,True,False,596.0,,False,True,False,0.2636347994802,
WO_INV_0812,PPG400:20+PPG700:80,2.6,106.8925,1.7542036536,0.2126552677,8.2490486708,0.6859533103,0.0559505059,True,0.5166572012035237,0.0,0.0,20.0,80.0,0.178395822620663,0.2844985778495738,60.89677388504018,True,False,True,True,True,False,False,True,True,False,641.0,,True,True,False,0.2651314590505881,
WO_INV_0727,PPG2000:60+PPG700:40,2.1,45.79575,5.331683387,0.5256553243,10.1429266293,0.6441893612,0.0546140596,True,0.31410895036377945,0.0,60.0,0.0,40.0,0.05203882781498538,0.24817277872294474,66.86145733712141,True,False,True,True,True,True,True,False,True,False,350.0,,False,True,False,0.12105828314358828,
WO_INV_0263,PPG1000:40+PPG400:60,2.1,99.84975,1.6764798788,0.226039382,7.4167601416,0.6486191259,0.054755812,True,0.4996240925995654,40.0,0.0,60.0,0.0,0.17695864394505437,0.21198285399846067,57.82738529170033,True,False,True,True,True,False,False,True,True,False,638.0,,False,True,False,0.2686316012846301,
WO_INV_0865,PPG400:60+PPG700:40,1.5,77.75625000000001,1.6953048671,0.2595844807,6.5308406049,0.931043517,0.0637933925,True,0.4374318765162969,0.0,0.0,60.0,40.0,0.1522568674680053,0.08477619546904994,54.15624037315446,True,True,True,True,True,False,False,False,True,False,599.0,,False,True,False,0.26833099398446464,
WO_INV_0167,PPG1000:70+PPG2000:30,2.1,44.669625,5.3552779489,0.5319251146,10.0677290875,0.6339168103,0.0542853379,True,0.30876989554649087,70.0,30.0,0.0,0.0,0.05313683721460545,0.25561418882424003,66.64670053697687,True,False,True,True,True,True,True,False,True,False,356.0,,True,True,False,0.12169932583323609,
WO_INV_0749,PPG2000:70+PPG700:30,2.7,52.606125000000006,5.2947154366,0.4633958385,11.4259019981,0.8745243345,0.0619847787,True,0.3447183066865763,0.0,70.0,0.0,30.0,0.05621238092654849,0.12906647429214596,70.29882853453475,True,False,True,True,True,True,True,False,True,False,367.0,,False,True,False,0.1429513383489439,
WO_INV_0143,PPG1000:50+PPG2000:50,2.9,54.42937500000001,5.235783273,0.4424713023,11.8330459975,0.957885744,0.0646523438,True,0.35245480336885393,50.0,50.0,0.0,0.0,0.05801314050367901,0.09405323184449495,71.3092999140124,True,True,True,True,True,True,True,False,True,False,370.0,,False,True,False,0.1502288891968921,
WO_INV_0826,PPG400:30+PPG700:70,2.4,105.105,1.6969526237,0.2159673801,7.8574487645,0.6294811323,0.0541433962,True,0.5124448453231272,0.0,0.0,30.0,70.0,0.18342580550271012,0.26970249985484357,59.4931564613552,True,False,True,True,True,False,False,True,True,False,645.0,,True,True,False,0.27001839791868,
WO_INV_0514,PPG2000:20+PPG400:80,1.6,84.08400000000002,1.7370029385,0.2539381939,6.8402586924,0.9915211633,0.0657286772,True,0.4567697355555074,0.0,20.0,80.0,0.0,0.14647342681044914,0.13106608221754174,55.4921522275316,True,True,True,True,True,False,False,False,True,False,588.0,,False,True,False,0.26141487117659024,
WO_INV_0154,PPG1000:60+PPG2000:40,2.4,48.048,5.4337071993,0.5044762735,10.7709866347,0.7074401986,0.0566380864,True,0.3245433913325408,60.0,40.0,0.0,0.0,0.05778021281936754,0.18809326095338932,68.59533368313959,True,False,True,True,True,True,True,False,True,False,369.0,,False,True,False,0.1348659655662075,
WO_INV_0853,PPG400:50+PPG700:50,1.9,93.396875,1.647231057,0.2339656533,7.0404823677,0.7299607241,0.0573587432,True,0.4829285633493302,0.0,0.0,50.0,50.0,0.17627550358747074,0.15991721673384018,56.32478706852707,True,True,True,True,True,False,False,True,True,False,636.0,,False,True,False,0.27754986192059655,
WO_INV_0840,PPG400:40+PPG700:60,2.2,102.24500000000002,1.6475228797,0.220025062,7.4878873549,0.5711645981,0.0522772671,True,0.505550199016045,0.0,0.0,40.0,60.0,0.1880313718178907,0.22152722641795017,58.10283293944665,True,False,True,True,True,False,False,True,True,False,655.0,,False,True,False,0.2759262046215777,
WO_INV_0707,PPG2000:50+PPG700:50,1.7,41.02312499999999,5.1455009079,0.5554315944,9.2639687039,0.7694625894,0.0586228029,True,0.2908964398569383,0.0,50.0,0.0,50.0,0.04566720243988698,0.33881681488574006,64.24549841669054,True,False,True,True,True,True,True,True,True,False,326.0,,True,True,False,0.1129275152914886,
WO_INV_0194,PPG1000:90+PPG2000:10,1.6,38.038,5.0440479141,0.5692130123,8.8614416837,0.7980427329,0.0595373675,True,0.27556180182268647,90.0,10.0,0.0,0.0,0.04363995719620823,0.34035700103187294,62.96346223479332,True,False,True,True,True,True,True,True,True,False,316.0,,True,True,False,0.10791939385006194,
WO_INV_0243,PPG1000:30+PPG400:70,1.7,87.212125,1.6644207034,0.2444245556,6.8095478354,0.8609366027,0.0615499713,True,0.46584656308986394,30.0,0.0,70.0,0.0,0.16596880781999412,0.1265662515777295,55.362288495952114,True,True,True,True,True,False,False,False,True,False,620.0,,False,True,False,0.2768641301209407,
WO_INV_0866,PPG400:60+PPG700:40,1.6,82.94,1.6515640521,0.2494060277,6.6219893226,0.887293517,0.0623933925,True,0.45337269049961737,0.0,0.0,60.0,40.0,0.16606269354568687,0.09863635748253145,54.55624036495043,True,True,True,True,True,False,False,False,True,False,621.0,,False,True,False,0.28114748587320904,
WO_INV_0142,PPG1000:50+PPG2000:50,2.8,52.5525,5.3744502702,0.4605288987,11.6701694181,0.914135744,0.0632523438,True,0.3444879631602235,50.0,50.0,0.0,0.0,0.06119967736201226,0.1079133938648496,70.90929991462549,True,False,True,True,True,True,True,False,True,False,386.0,,False,True,False,0.15299801981242717,
WO_INV_0748,PPG2000:70+PPG700:30,2.6,50.65775000000001,5.4349432214,0.4823073814,11.2686295736,0.8307743345,0.0605847787,True,0.3362439038151041,0.0,70.0,0.0,30.0,0.06038954699706735,0.14292663630677638,69.89882853588307,True,False,True,True,True,True,True,False,True,False,382.0,,False,True,False,0.1466822501484783,
WO_INV_0180,PPG1000:80+PPG2000:20,1.8,40.5405,5.2741171277,0.5614430127,9.3938601226,0.737095713,0.0575870628,True,0.28846133320999995,80.0,20.0,0.0,0.0,0.05125061998050403,0.3248930600463654,64.64733368235709,True,False,True,True,True,True,True,True,True,False,347.0,,True,True,False,0.12013099359388861,
WO_INV_0515,PPG2000:20+PPG400:80,1.7,89.33925,1.6921862653,0.2439811349,6.935725853,0.9477711633,0.0643286772,True,0.47184749068140924,0.0,20.0,80.0,0.0,0.16061350149997866,0.14492624423836264,55.89215222750663,True,True,True,True,True,False,False,False,True,False,611.0,,False,True,False,0.27471306584842864,
WO_INV_0613,PPG2000:80+PPG400:20,1.9,42.79275,5.321079339,0.5482622111,9.7053549037,0.738345713,0.0576270628,True,0.29968433271297035,0.0,80.0,20.0,0.0,0.05219449456566402,0.29227157234897183,65.58877975575555,True,False,True,True,True,True,True,False,True,False,351.0,,True,True,False,0.12365683496438595,
WO_INV_0302,PPG1000:60+PPG400:40,2.8,112.112,1.7801263402,0.20461947,8.6996918715,0.7829716602,0.0590550931,True,0.5285509542128687,60.0,0.0,40.0,0.0,0.18572849544016762,0.24597819504647334,62.43181299497384,True,False,True,True,True,False,False,True,True,False,651.0,,True,True,False,0.2850570988476375,
WO_INV_0283,PPG1000:50+PPG400:50,2.5,109.484375,1.6986199103,0.2101271567,8.0837714513,0.6957311323,0.0562633962,True,0.5226374282091445,50.0,0.0,50.0,0.0,0.19003891646278565,0.27253904033282084,60.31267237534916,True,False,True,True,True,False,False,True,True,False,657.0,,True,True,False,0.27925401990020504,
WO_INV_0537,PPG2000:30+PPG400:70,2.3,109.35925,1.7011236006,0.2152371205,7.9034861503,0.7236191259,0.057155812,True,0.5223521291750902,0.0,30.0,70.0,0.0,0.18355173847901002,0.2755444777554982,59.661754140252775,True,False,True,True,True,False,False,True,True,False,646.0,,True,True,False,0.2754614371987673,
WO_INV_0264,PPG1000:40+PPG400:60,2.2,104.60450000000002,1.6332247701,0.217176251,7.5202733366,0.6048691259,0.053355812,True,0.5112521963104428,40.0,0.0,60.0,0.0,0.19362756126303957,0.22584301602525028,58.22738529917266,True,False,True,True,True,False,False,True,True,False,662.0,,False,True,False,0.28428895423697165,
WO_INV_0557,PPG2000:40+PPG400:60,2.7,114.86475,1.8140769124,0.2072460645,8.7532514384,0.8439950486,0.0610078416,True,0.5345909461649712,0.0,40.0,60.0,0.0,0.17770059306587996,0.25873298945773493,62.60894270780885,True,False,True,True,True,False,False,True,True,False,640.0,,True,True,False,0.28000191394062024,
WO_INV_0153,PPG1000:60+PPG2000:40,2.3,46.046,5.5776161087,0.5250643408,10.6227288268,0.6636901986,0.0552380864,True,0.3152842255179875,60.0,40.0,0.0,0.0,0.06380314564364188,0.20195342297808916,68.19533368221634,True,False,True,True,True,False,True,False,True,False,391.0,,False,True,False,0.14036280315258148,
WO_INV_0799,PPG400:10+PPG700:90,2.9,111.450625,1.7732497254,0.2018732949,8.7839737627,0.7840821891,0.0590906301,True,0.5270763564780194,0.0,0.0,10.0,90.0,0.19071336952105708,0.23246643239163425,62.71005763480158,True,False,True,True,True,False,False,True,True,False,659.0,,True,True,False,0.29199618320340576,
WO_INV_0854,PPG400:50+PPG700:50,2.0,98.3125,1.6047306015,0.2247917288,7.138743982,0.6862107241,0.0559587432,True,0.49574535140245823,0.0,0.0,50.0,50.0,0.19232571192684333,0.17377737876379754,56.72478706954917,True,False,True,True,True,False,False,True,True,False,661.0,,False,True,False,0.2925255199445106,
WO_INV_0726,PPG2000:60+PPG700:40,2.0,43.615,5.4728902488,0.5471077251,10.0033137862,0.6879393612,0.0560140596,True,0.3036939038401281,0.0,60.0,0.0,40.0,0.05880950719696744,0.2620329407412593,66.46145733417725,True,False,True,True,True,True,True,False,True,False,371.0,,True,True,False,0.13193798672868948,
WO_INV_0244,PPG1000:30+PPG400:70,1.8,92.34225,1.6214767353,0.2348405317,6.9045863751,0.8171866027,0.0601499713,True,0.4800934272111302,30.0,0.0,70.0,0.0,0.18108240329087028,0.14042641360872227,55.76228849460399,True,True,True,True,True,False,False,False,True,False,644.0,,False,True,False,0.29095731962576943,
WO_INV_0141,PPG1000:50+PPG2000:50,2.7,50.67562500000001,5.5167897906,0.4793234396,11.5095347619,0.870385744,0.0618523438,True,0.3363226467452848,50.0,50.0,0.0,0.0,0.06531999120486097,0.1217735558835053,70.50929991400116,True,False,True,True,True,False,True,False,True,False,394.0,,False,True,False,0.15663100926858475,
WO_INV_0867,PPG400:60+PPG700:40,1.7,88.12374999999999,1.6089518004,0.2396266774,6.714410172,0.843543517,0.0609933925,True,0.46843500621266587,0.0,0.0,60.0,40.0,0.18080229673679604,0.11249651951021511,54.956240374098556,True,True,True,True,True,False,False,False,True,False,643.0,,False,True,False,0.294827836763844,
WO_INV_0166,PPG1000:70+PPG2000:30,2.0,42.5425,5.4971097004,0.5536333904,9.9291513048,0.6776668103,0.0556853379,True,0.29845484680007717,70.0,30.0,0.0,0.0,0.06016887270170972,0.2694743508515976,66.24670053385921,True,False,True,True,True,True,True,False,True,False,381.0,,True,True,False,0.13282558328881014,
WO_INV_0813,PPG400:20+PPG700:80,2.7,111.00375,1.7089431821,0.2043169354,8.3641778332,0.7297033103,0.0573505059,True,0.5260747735526027,0.0,0.0,20.0,80.0,0.19609492013132482,0.24449857791677254,61.29677388228257,True,False,True,True,True,False,False,True,True,False,665.0,,True,True,False,0.2901581615475529,
WO_INV_0747,PPG2000:70+PPG700:30,2.5,48.709375,5.5788848662,0.501990719,11.1135219335,0.7870243345,0.0591847787,True,0.3275474394267342,0.0,70.0,0.0,30.0,0.06550049005216323,0.15678679833012207,69.49882853780255,True,False,True,True,True,False,True,False,True,False,395.0,,False,True,False,0.1512770207873953,
WO_INV_0827,PPG400:30+PPG700:70,2.5,109.484375,1.6531692946,0.207499178,7.9671125005,0.6732311323,0.0555433962,True,0.5226374282091445,0.0,0.0,30.0,70.0,0.20096459932605068,0.2599535629832963,59.893156460621064,True,False,True,True,True,False,False,True,True,False,672.0,,True,True,False,0.29211632931750026,
WO_INV_0516,PPG2000:20+PPG400:80,1.8,94.5945,1.6485259137,0.2344144978,7.0325254162,0.9040211633,0.0629286772,True,0.4861108613038909,0.0,20.0,80.0,0.0,0.175687353162719,0.15878640625322585,56.29215222168788,True,True,True,True,True,False,False,True,True,False,635.0,,False,True,False,0.2888751193458349,
WO_INV_0841,PPG400:40+PPG700:60,2.3,106.89249999999998,1.6050148949,0.2113977559,7.5923932482,0.6149145981,0.0536772671,True,0.5166572012035235,0.0,0.0,40.0,60.0,0.2053289103609398,0.23538738844623058,58.50283294215911,True,False,True,True,True,False,False,True,True,False,680.0,,False,True,False,0.29781973220490554,
WO_INV_0706,PPG2000:50+PPG700:50,1.6,38.61,5.2817768236,0.5780991878,9.136454323,0.8132125894,0.0600228029,True,0.2785513310727941,0.0,50.0,0.0,50.0,0.053392712826157034,0.3248662685277249,63.84549841586892,True,False,True,True,True,True,True,True,True,False,358.0,,True,True,False,0.12476650074764493,
WO_INV_0193,PPG1000:90+PPG2000:10,1.5,35.660625,5.1776369,0.592443036,8.739467907,0.8417927329,0.0609373675,True,0.2628664360052889,90.0,10.0,0.0,0.0,0.05177118568544756,0.3003570010527094,62.563462235549856,True,False,True,True,True,True,True,True,True,False,349.0,,True,True,False,0.12010753091266672,
WO_INV_0140,PPG1000:50+PPG2000:50,2.6,48.798750000000005,5.6628990992,0.4988850003,11.3511111698,0.826635744,0.0604523438,True,0.32795134367728224,50.0,50.0,0.0,0.0,0.0703740820397047,0.13563371790315124,70.10929991148528,True,False,True,True,True,False,True,False,True,False,410.0,,False,True,False,0.16112785757629944,
WO_INV_0152,PPG1000:60+PPG2000:40,2.2,44.044,5.7253363707,0.546492623,10.4765117213,0.6199401986,0.0538380864,True,0.305767682097137,60.0,40.0,0.0,0.0,0.070759855443812,0.21581358499682937,67.79533368466286,True,False,True,True,True,False,True,False,True,False,414.0,,False,True,False,0.14672349956521274,
WO_INV_0245,PPG1000:30+PPG400:70,1.9,97.472375,1.579640771,0.2256323027,7.0009513352,0.7734366027,0.0587499713,True,0.4936000541847942,30.0,0.0,70.0,0.0,0.19712977579556468,0.15428657562157796,56.16228850064096,True,False,True,True,True,False,False,True,True,False,668.0,,False,True,False,0.3059143680325829,
WO_INV_0868,PPG400:60+PPG700:40,1.8,93.3075,1.5674389938,0.230230781,6.8081209076,0.799793517,0.0595933925,True,0.482689497303519,0.0,0.0,60.0,40.0,0.1964756768369912,0.12635668152104026,55.35624037243837,True,True,True,True,True,False,False,False,True,False,667.0,,False,True,False,0.3093720464005787,
WO_INV_0855,PPG400:50+PPG700:50,2.1,103.228125,1.5633267067,0.2159775191,7.2383770001,0.6424607241,0.0545587432,True,0.5079421216920641,0.0,0.0,50.0,50.0,0.20930969715383363,0.18763754078253203,57.12478706198493,True,False,True,True,True,False,False,True,True,False,684.0,,False,True,False,0.30836503669403037,
WO_INV_0179,PPG1000:80+PPG2000:20,1.7,38.28825,5.4137993771,0.5843559367,9.2645578445,0.780845713,0.0589870628,True,0.27687276395499977,80.0,20.0,0.0,0.0,0.05930920449429738,0.3141014498469144,64.24733368328607,True,False,True,True,True,True,True,True,True,False,375.0,,True,True,False,0.1323280647513413,
WO_INV_0746,PPG2000:70+PPG700:30,2.4,46.761,5.7266387306,0.5224773489,10.9605492807,0.7432743345,0.0577847787,True,0.31862006936447695,0.0,70.0,0.0,30.0,0.07154521010104484,0.17064696034528498,69.09882853663979,True,False,True,True,True,False,True,False,True,False,417.0,,False,True,False,0.1567356502820989,
WO_INV_0612,PPG2000:80+PPG400:20,1.8,40.5405,5.462005358,0.5706372164,9.5717650394,0.782095713,0.0590270628,True,0.28846133320999995,0.0,80.0,20.0,0.0,0.059811472115850424,0.3061317343735999,65.18877975503908,True,False,True,True,True,True,True,False,True,False,379.0,,True,True,False,0.1354755343173411,
WO_INV_0265,PPG1000:40+PPG400:60,2.3,109.35925,1.5910856929,0.2086606484,7.6252312299,0.6486191259,0.054755812,True,0.5223521291750902,40.0,0.0,60.0,0.0,0.21123025550731786,0.23970317803840666,58.62738529748956,True,False,True,True,True,False,False,True,True,False,687.0,,False,True,False,0.30655769961807355,
WO_INV_0538,PPG2000:30+PPG400:70,2.4,114.114,1.6572326555,0.2067975522,8.0137924143,0.7673691259,0.058555812,True,0.5329590778744033,0.0,30.0,70.0,0.0,0.2011479770470862,0.2565664907733346,60.06175415187472,True,False,True,True,True,False,False,True,True,False,673.0,,True,True,False,0.2977548741324623,
WO_INV_0284,PPG1000:50+PPG400:50,2.6,113.86375,1.6547935633,0.201887953,8.1965938959,0.7394811323,0.0576633962,True,0.5324125757637749,50.0,0.0,50.0,0.0,0.20813015080637995,0.23253904015219903,60.712672379824326,True,False,True,True,True,False,False,True,True,False,681.0,,True,True,False,0.30299913388629873,
WO_INV_0303,PPG1000:60+PPG400:40,2.9,116.116,1.7341970336,0.1965962259,8.8211105076,0.8267216602,0.0604550931,True,0.5372855318440097,60.0,0.0,40.0,0.0,0.20414227246996108,0.20597819544858892,62.83181298294894,True,False,True,True,True,False,False,True,True,False,677.0,,True,True,False,0.31126210565510226,
WO_INV_0517,PPG2000:20+PPG400:80,1.9,99.84975,1.6059920495,0.2252229739,7.130675978,0.8602711633,0.0615286772,True,0.4996240925995654,0.0,20.0,80.0,0.0,0.1916949817911358,0.17264656827782815,56.692152218645134,True,False,True,True,True,False,False,True,True,False,660.0,,False,True,False,0.303901031660949,
WO_INV_0881,PPG400:70+PPG700:30,1.5,81.778125,1.5752094858,0.2459482465,6.4046380013,0.9558106388,0.0645859404,True,0.44987880142343867,0.0,0.0,70.0,30.0,0.185451522046931,0.06526294638135582,53.593094020312435,True,True,True,True,True,False,False,False,True,False,650.0,,False,True,False,0.31261312404749303,
WO_INV_0558,PPG2000:40+PPG400:60,2.8,119.119,1.767271642,0.1991198301,8.8754175871,0.8877450486,0.0624078416,True,0.5436269789475126,0.0,40.0,60.0,0.0,0.19576771396101053,0.21873298957082662,63.00894270418359,True,False,True,True,True,False,False,True,True,False,664.0,,True,True,False,0.3060287135893278,
WO_INV_0725,PPG2000:60+PPG700:40,1.9,41.43424999999999,5.6178369009,0.5694356149,9.8656226513,0.7316893612,0.0574140596,True,0.29295768174964687,0.0,60.0,0.0,40.0,0.06651396355135175,0.27589310276639845,66.06145733564965,True,False,True,True,True,False,True,False,True,False,400.0,,True,True,False,0.14386842542237804,
WO_INV_0640,PPG2000:90+PPG400:10,3.0,52.5525,5.5110174502,0.4528033202,12.1708856893,1.0805188677,0.0685766038,False,0.3444879631602235,0.0,90.0,10.0,0.0,0.07098021005478575,0.06590267666810704,72.12171625185314,True,False,True,True,True,False,True,False,False,False,416.0,,False,False,False,0.17818806990960118,
WO_INV_0128,PPG1000:40+PPG2000:60,3.0,52.5525,5.6101260476,0.456563947,12.2877114694,1.0355188677,0.0671366038,False,0.3444879631602235,40.0,60.0,0.0,0.0,0.07581025876402284,0.05634966201223439,72.39741330368626,True,False,True,True,True,False,True,False,False,False,425.0,,False,False,False,0.18282271170609934,
WO_INV_0800,PPG400:10+PPG700:90,3.0,115.29374999999996,1.7274978434,0.1939577297,8.9065686925,0.8278321891,0.0604906301,True,0.5355183325108136,0.0,0.0,10.0,90.0,0.20941959824239204,0.1924664319441009,63.11005764780725,True,False,True,True,True,False,False,True,True,False,685.0,,True,True,False,0.3185417212700856,
WO_INV_0225,PPG1000:20+PPG400:80,1.5,82.58250000000001,1.574894803,0.244979023,6.42869248,0.9831176315,0.0654597642,True,0.4523023838538743,20.0,0.0,80.0,0.0,0.18598732531906476,0.06901170153188727,53.701281940562836,True,True,True,True,True,False,False,False,True,False,652.0,,False,True,False,0.315022152468024,
WO_INV_0165,PPG1000:70+PPG2000:30,1.9,40.415375,5.6426977921,0.5762275977,9.7924809833,0.7214168103,0.0570853379,True,0.28782727674943004,70.0,30.0,0.0,0.0,0.06813468517132051,0.2833345128713631,65.84670053306155,True,False,True,True,True,False,True,False,True,False,403.0,,True,True,False,0.14500257586849896,
WO_INV_0139,PPG1000:50+PPG2000:50,2.5,46.92187500000001,5.8128780369,0.5192448834,11.1948682076,0.782885744,0.0590523438,True,0.31936615973625443,50.0,50.0,0.0,0.0,0.0763619498606706,0.14949387991423646,69.7092999113237,True,False,True,True,True,False,True,False,True,False,426.0,,False,True,False,0.16648856472319457,
WO_INV_0814,PPG400:20+PPG700:80,2.8,115.115,1.6648504829,0.1963055538,8.4809138141,0.7734533103,0.0587505059,True,0.5351323710573413,0.0,0.0,20.0,80.0,0.2147277945909817,0.204498578057943,61.69677387892014,True,False,True,True,True,False,False,True,True,False,691.0,,True,True,False,0.31637043350931743,
WO_INV_0828,PPG400:30+PPG700:70,2.6,113.86375,1.6105156258,0.1993630188,8.0783067758,0.7169811323,0.0569433962,True,0.5324125757637749,0.0,0.0,30.0,70.0,0.21943717020303918,0.21995356270647443,60.293156468757246,True,False,True,True,True,False,False,True,True,False,699.0,,True,True,False,0.31526499592710516,
WO_INV_0246,PPG1000:30+PPG400:70,2.0,102.6025,1.5388842227,0.2167851336,7.0986612283,0.7296866027,0.0573499713,True,0.5064226749423131,30.0,0.0,70.0,0.0,0.2141109252013642,0.16814673764529087,56.5622884969787,True,False,True,True,True,False,False,True,True,False,690.0,,False,True,False,0.3217352751770796,
WO_INV_0869,PPG400:60+PPG700:40,1.9,98.49124999999998,1.5269972653,0.221203303,6.9031395321,0.756043517,0.0581933925,True,0.4961994546359096,0.0,0.0,60.0,40.0,0.21308283389367325,0.1402168435441049,55.75624036558862,True,False,True,True,True,False,False,False,True,False,689.0,,False,True,False,0.3247801148424165,
WO_INV_0639,PPG2000:90+PPG400:10,2.9,50.80075,5.6569738814,0.4712825743,12.0033588978,1.0367688677,0.0671766038,False,0.33687332456900915,0.0,90.0,10.0,0.0,0.07487303586199229,0.07976283869051397,71.72171624909976,True,False,True,True,True,False,True,False,False,False,423.0,,False,False,False,0.1815696850074592,
WO_INV_0842,PPG400:40+PPG700:60,2.4,111.54,1.5636036649,0.2031087314,7.6983576946,0.6586645981,0.0550772671,True,0.5272761652642526,0.0,0.0,40.0,60.0,0.22356022578946036,0.23856764307344316,58.90283293066963,True,False,True,True,True,False,False,True,True,False,706.0,,False,True,False,0.3207639948006651,
WO_INV_0745,PPG2000:70+PPG700:30,2.3,44.812625,5.8783057793,0.543800054,10.8096822279,0.6995243345,0.0563847787,True,0.3094524734980807,0.0,70.0,0.0,30.0,0.07852370713374547,0.18450712236645359,68.69882853714152,True,False,True,True,True,False,True,False,True,False,437.0,,False,True,False,0.16305813861351517,
WO_INV_0882,PPG400:70+PPG700:30,1.6,87.23,1.5345672697,0.2363044778,6.4940253523,0.9120606388,0.0631859404,True,0.4658975591518453,0.0,0.0,70.0,30.0,0.20069403845398034,0.07912310840247816,53.99309402205731,True,True,True,True,True,False,False,False,True,False,671.0,,False,True,False,0.3266770176755136,
WO_INV_0127,PPG1000:40+PPG2000:60,2.9,50.80075,5.7587073185,0.4751966751,12.1185766234,0.9917688677,0.0657366038,True,0.33687332456900915,40.0,60.0,0.0,0.0,0.07995369092330468,0.07020982403055329,71.99741330668569,True,False,True,True,True,False,True,False,True,False,441.0,,False,True,False,0.18637610587852418,
WO_INV_0705,PPG2000:50+PPG700:50,1.5,36.196875,5.421661936,0.6016918632,9.0106951205,0.8569625894,0.0614228029,True,0.265768763049813,0.0,50.0,0.0,50.0,0.06205200019090034,0.28486626855117336,63.4454984164898,True,False,True,True,True,True,False,True,True,False,389.0,,True,True,False,0.1376562213233442,
WO_INV_0856,PPG400:50+PPG700:50,2.2,108.14375,1.52299108,0.2075089194,7.3394005623,0.5987107241,0.0531587432,True,0.5195628021499564,0.0,0.0,50.0,50.0,0.22722745949249662,0.2014977028018365,57.52478706887381,True,False,True,True,True,False,False,True,True,False,710.0,,False,True,False,0.32506841243452517,
WO_INV_0518,PPG2000:20+PPG400:80,2.0,105.105,1.5645556079,0.2163918548,7.2301963937,0.8165211633,0.0601286772,True,0.5124448453231272,0.0,20.0,80.0,0.0,0.20863638741041943,0.1865067302942998,57.09215221629798,True,False,True,True,True,False,False,True,True,False,683.0,,False,True,False,0.3197908028255723,
WO_INV_0151,PPG1000:60+PPG2000:40,2.1,42.042,5.8769689271,0.5687954101,10.3323072288,0.6636901986,0.0552380864,True,0.29598287830360037,60.0,40.0,0.0,0.0,0.07865034225341196,0.22967374701382492,67.39533368164075,True,False,True,True,True,False,True,False,True,False,438.0,,False,True,False,0.15889667425360549,
WO_INV_0226,PPG1000:20+PPG400:80,1.6,88.08800000000001,1.5342607061,0.2353732581,6.5184155511,0.9393676315,0.0640597642,True,0.4683339713325677,20.0,0.0,80.0,0.0,0.20131099106279204,0.08287186354293921,54.10128194236183,True,True,True,True,True,False,False,False,True,False,674.0,,False,True,False,0.3291857480361877,
WO_INV_0138,PPG1000:50+PPG2000:50,2.4,45.04500000000001,5.9668290888,0.5404356691,11.0407758597,0.739135744,0.0576523438,True,0.3105587920990038,50.0,50.0,0.0,0.0,0.08328359466993034,0.16335404193517125,69.30929991087993,True,False,True,True,True,False,True,False,True,False,450.0,,False,True,False,0.17271313071406935,
WO_INV_0611,PPG2000:80+PPG400:20,1.7,38.28825,5.6066637295,0.593925363,9.4400139799,0.825845713,0.0604270628,True,0.27687276395499977,0.0,80.0,20.0,0.0,0.06836222666160714,0.2978580677152469,64.78877975470165,True,False,True,True,True,False,True,True,True,False,405.0,,True,True,False,0.14834496881423456,
WO_INV_0178,PPG1000:80+PPG2000:20,1.6,36.036,5.5571810382,0.6082039549,9.1370353544,0.824595713,0.0603870628,True,0.26490046752330265,80.0,20.0,0.0,0.0,0.0683015660008524,0.27410144981509155,63.84733368245987,True,False,True,True,True,False,False,True,True,False,404.0,,True,True,False,0.1455758710487676,
WO_INV_0638,PPG2000:90+PPG400:10,2.8,49.049,5.8067958928,0.490515981,11.8381380376,0.9930188677,0.0657766038,True,0.3290796986226006,0.0,90.0,10.0,0.0,0.07969963865250969,0.09362300071021847,71.32171625047418,True,False,True,True,True,False,True,False,True,False,440.0,,False,True,False,0.18581515893674516,
WO_INV_0266,PPG1000:40+PPG400:60,2.4,114.114,1.5500338524,0.2004789474,7.7316539848,0.6923691259,0.056155812,True,0.5329590778744033,40.0,0.0,60.0,0.0,0.2297667266631139,0.22553542550110556,59.02738529008136,True,False,True,True,True,False,False,True,True,False,712.0,,False,True,False,0.3298771800417264,
WO_INV_0768,PPG2000:80+PPG700:20,3.0,51.48,5.7609560173,0.4659891591,12.3628541673,1.0681452162,0.0681806469,False,0.3398468444679166,0.0,80.0,0.0,20.0,0.08232069685269444,0.05025301240537252,72.57336073193733,True,False,True,True,True,False,True,False,False,False,447.0,,False,False,False,0.1949277473411683,
WO_INV_0539,PPG2000:30+PPG400:70,2.5,118.86875,1.6144741473,0.1986889042,8.1256381853,0.8111191259,0.059955812,True,0.5431051714783404,0.0,30.0,70.0,0.0,0.21967799247791125,0.21656649079189985,60.46175415119525,True,False,True,True,True,False,False,True,True,False,700.0,,True,True,False,0.3210990460486797,
WO_INV_0126,PPG1000:40+PPG2000:60,2.8,49.049,5.911223687,0.4945898193,11.9517698428,0.9480188677,0.0643366038,True,0.3290796986226006,40.0,60.0,0.0,0.0,0.08503090006830223,0.08406998605033168,71.59741330673954,True,False,True,True,True,False,True,False,True,False,453.0,,False,True,False,0.1907933588964168,
WO_INV_0285,PPG1000:50+PPG400:50,2.7,118.243125,1.6120979865,0.1939718131,8.3109909649,0.7832311323,0.0590633962,True,0.541795417381418,50.0,0.0,50.0,0.0,0.2271551621329038,0.1925390399744383,61.112672385105704,True,False,True,True,True,False,False,True,True,False,709.0,,True,True,False,0.3296387825853405,
WO_INV_0304,PPG1000:60+PPG400:40,3.0,120.12,1.689452756,0.1888875776,8.9442237423,0.8704716602,0.0618550931,True,0.545702344175904,60.0,0.0,40.0,0.0,0.22348982662110575,0.1659781953325175,63.23181298714585,True,False,True,True,True,False,False,True,True,False,705.0,,True,True,False,0.3386526821315529,
WO_INV_0559,PPG2000:40+PPG400:60,2.9,123.37324999999998,1.7216740015,0.1913122299,8.9992887672,0.9314950486,0.0638078416,True,0.5523188206287011,0.0,40.0,60.0,0.0,0.21476861183628176,0.17873298964460702,63.4089427033847,True,False,True,True,True,False,False,True,True,False,692.0,,True,True,False,0.3332410827402233,
WO_INV_0883,PPG400:70+PPG700:30,1.7,92.681875,1.4949736696,0.2270388467,6.5846602521,0.8683106388,0.0617859404,True,0.481009825132748,0.0,0.0,70.0,30.0,0.21687033181017357,0.09298327042203904,54.39309402298473,True,True,True,True,True,False,False,False,True,False,695.0,,False,True,False,0.34160477010050305,
WO_INV_0724,PPG2000:60+PPG700:40,1.8,39.2535,5.7666223897,0.5926747232,9.7298267733,0.7754393612,0.0588140596,True,0.28188519498612247,0.0,60.0,0.0,40.0,0.07515219689849773,0.28975326478284485,65.66145733553648,True,False,True,True,True,False,True,False,True,False,424.0,,True,True,False,0.1568495992565928,
WO_INV_0870,PPG400:60+PPG700:40,2.0,103.675,1.48759898,0.2125297974,6.9994842991,0.712293517,0.0567933925,True,0.5090217257886338,0.0,0.0,60.0,40.0,0.23062376800067508,0.15407700555623294,56.15624037065155,True,False,True,True,True,False,False,False,True,False,714.0,,False,True,False,0.34105204220566804,
WO_INV_0247,PPG1000:30+PPG400:70,2.1,107.732625,1.4991792401,0.2082848669,7.197734825,0.6859366027,0.0559499713,True,0.5186119657420206,30.0,0.0,70.0,0.0,0.23202585169143314,0.18200689965570038,56.96228849961866,True,False,True,True,True,False,False,True,True,False,716.0,,False,True,False,0.33842004128121006,
WO_INV_0744,PPG2000:70+PPG700:30,2.2,42.864250000000006,6.0339896509,0.5659929552,10.6608917925,0.6557743345,0.0549847787,True,0.3000348232675425,0.0,70.0,0.0,30.0,0.08643598115179948,0.19836728438993895,68.29882853772585,True,False,True,True,True,False,True,False,True,False,457.0,,False,True,False,0.17024448578550944,
WO_INV_0164,PPG1000:70+PPG2000:30,1.8,38.288250000000005,5.7921417087,0.599743892,9.6576918676,0.7651668103,0.0584853379,True,0.2768727639549998,70.0,30.0,0.0,0.0,0.07703427460882697,0.2881090102434179,65.44670053675127,True,False,True,True,True,False,True,False,True,False,431.0,,True,True,False,0.15823030355284057,
WO_INV_0227,PPG1000:20+PPG400:80,1.7,93.5935,1.4946750156,0.2261441407,6.6093908566,0.8956176315,0.0626597642,True,0.48345373165937905,20.0,0.0,80.0,0.0,0.2175684337253737,0.09673202556300182,54.50128193468268,True,True,True,True,True,False,False,False,True,False,696.0,,False,True,False,0.3442132023618078,
WO_INV_0519,PPG2000:20+PPG400:80,2.1,110.36025,1.5241882741,0.2079070088,7.3311057819,0.7727711633,0.0587286772,True,0.5246250182722259,0.0,20.0,80.0,0.0,0.22651157006279482,0.20036689230500854,57.49215221761162,True,False,True,True,True,False,False,True,True,False,708.0,,False,True,False,0.3365444328891181,
WO_INV_0767,PPG2000:80+PPG700:20,2.9,49.764,5.9135319415,0.4850065374,12.1926850157,1.0243952162,0.0667806469,False,0.3322827915921049,0.0,80.0,0.0,20.0,0.0870021777509835,0.06411317442467013,72.17336073499258,True,False,True,True,True,False,True,False,False,False,462.0,,False,False,False,0.1989645543033088,
WO_INV_0815,PPG400:20+PPG700:80,2.9,119.22625,1.621895426,0.1886083029,8.5992790394,0.8172033103,0.0601505059,True,0.5438502460357735,0.0,0.0,20.0,80.0,0.2342944461448668,0.1644985778565297,62.09677388471065,True,False,True,True,True,False,False,True,True,False,719.0,,True,True,False,0.34376827510750274,
WO_INV_0637,PPG2000:90+PPG400:10,2.7,47.297250000000005,5.9605858622,0.5105343179,11.6751913686,0.9492688677,0.0643766038,True,0.3211006994360044,0.0,90.0,10.0,0.0,0.08546001842484333,0.1074831627261366,70.92171625252277,True,False,True,True,True,False,True,False,True,False,455.0,,False,True,False,0.19092449170170084,
WO_INV_0829,PPG400:30+PPG700:70,2.7,118.243125,1.5689624707,0.191545883,8.1910529518,0.7607311323,0.0583433962,True,0.541795417381418,0.0,0.0,30.0,70.0,0.23884351802474008,0.17995356259910544,60.693156471947745,True,False,True,True,True,False,False,True,True,False,727.0,,True,True,False,0.3403647112853654,
WO_INV_0137,PPG1000:50+PPG2000:50,2.3,43.168125,6.1248574542,0.5624912671,10.888804524,0.695385744,0.0562523438,True,0.30152050255599844,50.0,50.0,0.0,0.0,0.09113901645210484,0.17721420395311693,68.90929991383018,True,False,True,True,True,False,True,False,True,False,472.0,,False,True,False,0.17980155552728966,
WO_INV_0843,PPG400:40+PPG700:60,2.5,116.1875,1.5232608924,0.1951447241,7.8058010506,0.7024145981,0.0564772671,True,0.5374385660595548,0.0,0.0,40.0,60.0,0.2427253183110967,0.1985676429261379,59.30283293622638,True,False,True,True,True,False,False,True,True,False,731.0,,True,True,False,0.3447589926537849,
WO_INV_0125,PPG1000:40+PPG2000:60,2.7,47.297250000000005,6.0677793723,0.5147744127,11.7872590828,0.9042688677,0.0629366038,True,0.3211006994360044,40.0,60.0,0.0,0.0,0.09104188619847499,0.09793014807349933,71.19741330885965,True,False,True,True,True,False,True,False,True,False,471.0,,False,True,False,0.19607447075273185,
WO_INV_0857,PPG400:50+PPG700:50,2.3,113.059375,1.4836961588,0.1993723783,7.4418340759,0.6424607241,0.0545587432,True,0.5306472667536926,0.0,0.0,50.0,50.0,0.24607899875768885,0.21535786481493008,57.92478706690404,True,False,True,True,True,False,False,True,True,False,734.0,,False,True,False,0.3487756723901016,
WO_INV_0150,PPG1000:60+PPG2000:40,2.0,40.04,6.0326173928,0.5920083911,10.1900876465,0.7074401986,0.0566380864,True,0.28591830905455584,60.0,40.0,0.0,0.0,0.08747460602580838,0.24353390903720082,66.99533368353468,True,False,True,True,True,False,True,False,True,False,463.0,,False,True,False,0.17212058403869046,
WO_INV_0497,PPG2000:10+PPG400:90,1.5,86.33625,1.5173692494,0.2366055928,6.4130743137,1.0799483589,0.0685583475,False,0.46333577068337484,0.0,10.0,90.0,0.0,0.20502355309425016,0.0665792988490764,53.63108354301868,True,True,True,True,True,False,False,False,False,False,678.0,,False,False,False,0.34601746889493756,
WO_INV_0884,PPG400:70+PPG700:30,1.8,98.13375,1.4564016298,0.2181365262,6.6765601123,0.8245606388,0.0603859404,True,0.4952904288138694,0.0,0.0,70.0,30.0,0.2339804021669511,0.10684343243803678,54.79309402065558,True,False,True,True,True,False,False,False,True,False,718.0,,False,True,False,0.35739638138437935,
WO_INV_0897,PPG400:80+PPG700:20,1.5,85.8,1.4661616386,0.2334384913,6.280719303,0.9793884704,0.0653404311,True,0.4617868675995694,0.0,0.0,80.0,20.0,0.22096451098178135,0.04572504338726444,53.02923617345771,True,True,True,True,True,False,False,False,True,False,702.0,,False,True,False,0.35915936431243356,
WO_INV_0766,PPG2000:80+PPG700:20,2.8,48.048,6.0701487597,0.5048000297,12.0248581662,0.9806452162,0.0653806469,True,0.3245433913325408,0.0,80.0,0.0,20.0,0.09261743564121183,0.07797333644987539,71.77336073398745,True,False,True,True,True,False,True,False,True,False,475.0,,False,True,False,0.20386522012054542,
WO_INV_0871,PPG400:60+PPG700:40,2.1,108.85875,1.4492172157,0.2041963848,7.0971737173,0.668543517,0.0553933925,True,0.5212075146480576,0.0,0.0,60.0,40.0,0.24909847913852892,0.16793716758320656,56.55624037729697,True,False,True,True,True,False,False,True,True,False,737.0,,False,True,False,0.3581878284607156,
WO_INV_0248,PPG1000:30+PPG400:70,2.2,112.86275,1.4604986918,0.2001179005,7.2981911582,0.6421866027,0.0545499713,True,0.5302137175245552,30.0,0.0,70.0,0.0,0.2508745550474836,0.19586706167418633,57.362288493327306,True,False,True,True,True,False,False,True,True,False,741.0,,False,True,False,0.355968666085335,
WO_INV_0228,PPG1000:20+PPG400:80,1.8,99.099,1.4561106814,0.2172769021,6.7016358735,0.8518676315,0.0612597642,True,0.49773730656608023,20.0,0.0,80.0,0.0,0.23475965345241595,0.11059218759048942,54.901281935211834,True,False,True,True,True,False,False,False,True,False,721.0,,False,True,False,0.36010451562518453,
WO_INV_0610,PPG2000:80+PPG400:20,1.6,36.036,5.7551533026,0.6181639168,9.3100764146,0.869595713,0.0618270628,True,0.26490046752330265,0.0,80.0,20.0,0.0,0.07784675816835807,0.2578580678390412,64.38877975798657,True,False,True,True,True,False,False,True,True,False,435.0,,True,True,False,0.16226513840555978,
WO_INV_0177,PPG1000:80+PPG2000:20,1.5,33.783750000000005,5.704360088,0.6330252291,9.0112681543,0.868345713,0.0617870628,True,0.25252506376895556,80.0,20.0,0.0,0.0,0.07822770447369969,0.2341014499198919,63.447333685425995,True,False,True,True,True,False,False,True,True,False,436.0,,True,True,False,0.15987441244955286,
WO_INV_0636,PPG2000:90+PPG400:10,2.6,45.5455,6.118448879,0.5313696187,11.5144875875,0.9055188677,0.0629766038,True,0.3129296336884342,0.0,90.0,10.0,0.0,0.09215417519447996,0.12134332474480705,70.52171625070109,True,False,True,True,True,False,True,False,True,False,474.0,,False,True,False,0.19689768332761015,
WO_INV_0267,PPG1000:40+PPG400:60,2.5,118.86875,1.5100411966,0.1926180554,7.8395620459,0.7361191259,0.057555812,True,0.5431051714783404,40.0,0.0,60.0,0.0,0.24923697492441682,0.1855354253230634,59.42738529526264,True,False,True,True,True,False,False,True,True,False,738.0,,True,True,False,0.3542473957350034,
WO_INV_0520,PPG2000:20+PPG400:80,2.2,115.61550000000004,1.4848624639,0.1997548583,7.4334235282,0.7290211633,0.0573286772,True,0.5362114504754992,0.0,20.0,80.0,0.0,0.24532052981022923,0.21422705433485892,57.89215222854203,True,False,True,True,True,False,False,True,True,False,733.0,,False,True,False,0.3541619219200798,
WO_INV_0540,PPG2000:30+PPG400:70,2.6,123.6235,1.5728188578,0.1908982009,8.2390449497,0.8548691259,0.061355812,True,0.5528198065051303,0.0,30.0,70.0,0.0,0.23914178478980505,0.17656649114754663,60.861754141145425,True,False,True,True,True,False,False,True,True,False,729.0,,True,True,False,0.3476860977628372,
WO_INV_0124,PPG1000:40+PPG2000:60,2.6,45.5455,6.2284813534,0.5357827551,11.6250127398,0.8605188677,0.0615366038,True,0.3129296336884342,40.0,60.0,0.0,0.0,0.09798664932978644,0.11179031009194292,70.79741330411439,True,False,True,True,True,False,True,False,True,False,489.0,,False,True,False,0.2022194414774086,
WO_INV_0286,PPG1000:50+PPG400:50,2.8,122.6225,1.5705040047,0.1863660696,8.4269846348,0.8269811323,0.0604633962,True,0.5508091050994396,50.0,0.0,50.0,0.0,0.24711395025825697,0.15253904040526628,61.51267237323512,True,False,True,True,True,False,False,True,True,False,736.0,,True,True,False,0.357464000573037,
WO_INV_0723,PPG2000:60+PPG700:40,1.7,37.07275,5.9193483848,0.6168622375,9.5959000647,0.8191893612,0.0602140596,True,0.270460394206726,0.0,60.0,0.0,40.0,0.08472420723206203,0.2599660066506344,65.26145733550845,True,False,True,True,True,False,False,False,True,False,452.0,,True,True,False,0.17088150822086534,
WO_INV_0743,PPG2000:70+PPG700:30,2.1,40.915875,6.1937967288,0.5890915659,10.5141493909,0.6995243345,0.0563847787,True,0.290356746534058,0.0,70.0,0.0,30.0,0.09528203215864715,0.21222744640547503,67.89882853692927,True,False,True,True,True,False,True,False,True,False,482.0,,False,True,False,0.18357967012810555,
WO_INV_0560,PPG2000:40+PPG400:60,3.0,127.6275,1.6772528324,0.1838107701,9.1248887751,0.9752450486,0.0652078416,True,0.560685769513789,0.0,40.0,60.0,0.0,0.23470328668995946,0.13873298981542773,63.80894269709493,True,False,True,True,True,False,False,True,True,False,720.0,,False,True,False,0.36163902139064663,
WO_INV_0136,PPG1000:50+PPG2000:50,2.2,41.29125000000001,6.2870711186,0.5854469712,10.7389250056,0.651635744,0.0548523438,True,0.2922420885935966,50.0,50.0,0.0,0.0,0.09992821522955381,0.19107436597886993,68.50929991284978,True,False,True,True,True,False,True,False,True,False,495.0,,False,True,False,0.18775383919636487,
WO_INV_0498,PPG2000:10+PPG400:90,1.6,92.092,1.4782193779,0.2273281548,6.5025794074,1.0361983589,0.0671583475,False,0.47941611311246696,0.0,10.0,90.0,0.0,0.22122617960467567,0.08043946086427141,54.031083543531814,True,True,True,True,True,False,False,False,False,False,703.0,,False,False,False,0.36101791574692976,
WO_INV_0163,PPG1000:70+PPG2000:30,1.7,36.161125000000006,5.9455435697,0.6242199046,9.5247580637,0.8089168103,0.0598853379,True,0.2655759858035838,70.0,30.0,0.0,0.0,0.08686764105841215,0.248109010162799,65.0467005345238,True,False,True,True,True,False,False,False,True,False,461.0,,True,True,False,0.1725087664034412,
WO_INV_0898,PPG400:80+PPG700:20,1.6,91.52,1.4283329823,0.2242852372,6.3683771629,0.9356384704,0.0639404311,True,0.47786131996658315,0.0,0.0,80.0,20.0,0.23759995668275913,0.059585205402464224,53.42923616358707,True,True,True,True,True,False,False,False,True,False,725.0,,False,True,False,0.3744304549249068,
WO_INV_0765,PPG2000:80+PPG700:20,2.7,46.33200000000001,6.2309134928,0.5254013097,11.8593413782,0.9368952162,0.0639806469,True,0.3166224749200449,0.0,80.0,0.0,20.0,0.09916647051047003,0.09183349846938656,71.37336073510026,True,False,True,True,True,False,True,False,True,False,492.0,,False,True,False,0.2096297447675473,
WO_INV_0885,PPG400:70+PPG700:30,1.9,103.585625,1.418824793,0.2095832707,6.7697425876,0.7808106388,0.0589859404,True,0.5088061841301418,0.0,0.0,70.0,30.0,0.25202424947770374,0.1207035944621763,55.19309401581402,True,False,True,True,True,False,False,False,True,False,742.0,,False,True,False,0.37405185147148257,
WO_INV_0816,PPG400:20+PPG700:80,3.0,123.3375,1.5800486589,0.1812128656,8.7192962478,0.8609533103,0.0615505059,True,0.5522471595679185,0.0,0.0,20.0,80.0,0.2547948745728145,0.12449857806202001,62.49677387761092,True,False,True,True,True,False,False,True,True,False,745.0,,False,True,False,0.3723516860826838,
WO_INV_0112,PPG1000:30+PPG2000:70,3.0,48.79875,6.1848548473,0.4918530059,12.5746000795,1.071914071,0.0683012503,False,0.32795134367728224,30.0,70.0,0.0,0.0,0.10196528869988,0.03327044480451609,73.06347239571589,True,False,True,True,True,False,True,False,False,False,499.0,,False,False,False,0.22425271777705133,
WO_INV_0830,PPG400:30+PPG700:70,2.8,122.6225,1.5284814348,0.1840352615,8.3053726877,0.8044811323,0.0597433962,True,0.5508091050994396,0.0,0.0,30.0,70.0,0.25918364279846007,0.13995356260178674,61.09315647226181,True,False,True,True,True,False,False,True,True,False,752.0,,True,True,False,0.3685134031797052,
WO_INV_0635,PPG2000:90+PPG400:10,2.5,43.79375,6.2804928157,0.5530552242,11.355995822,0.8617688677,0.0615766038,True,0.30455948189681403,0.0,90.0,10.0,0.0,0.09978210894249151,0.13520348676211588,70.12171625186467,True,False,True,True,True,False,True,False,True,False,493.0,,False,True,False,0.20373473378201074,
WO_INV_0229,PPG1000:20+PPG400:80,1.9,104.6045,1.4185413515,0.2087573529,6.7951683226,0.8081176315,0.0598597642,True,0.5112521963104428,20.0,0.0,80.0,0.0,0.2528846501369001,0.12445234960613806,55.30128193827497,True,False,True,True,True,False,False,False,True,False,743.0,,False,True,False,0.37685968769780875,
WO_INV_0844,PPG400:40+PPG700:60,2.6,120.835,1.4839590097,0.18749299,7.914743957,0.7461645981,0.0578772671,True,0.5471732288812915,0.0,0.0,40.0,60.0,0.2628241878388049,0.1585676428110731,59.702832938527465,True,False,True,True,True,False,False,True,True,False,754.0,,True,True,False,0.36980472565894373,
WO_INV_0858,PPG400:50+PPG700:50,2.4,117.975,1.4454150918,0.1915548755,7.5456972192,0.6862107241,0.0559587432,True,0.5412317926367702,0.0,0.0,50.0,50.0,0.265864315059264,0.1800005084732763,58.32478707181139,True,False,True,True,True,False,False,True,True,False,757.0,,False,True,False,0.37353366753415107,
WO_INV_0872,PPG400:60+PPG700:40,2.2,114.0425,1.411825745,0.1961897301,7.1962265534,0.624793517,0.0539933925,True,0.5328030648118948,0.0,0.0,60.0,40.0,0.26850696711111427,0.18179732960533415,56.95624036570966,True,False,True,True,True,False,False,True,True,False,760.0,,False,True,False,0.37618747338018194,
WO_INV_0149,PPG1000:60+PPG2000:40,1.9,38.038,6.1923881272,0.6161687119,10.0498256531,0.7511901986,0.0580380864,True,0.27556180182268647,60.0,40.0,0.0,0.0,0.0972326468013583,0.2573940710571783,66.59533368202254,True,False,True,True,True,False,False,False,True,False,485.0,,False,True,False,0.18639522897777064,
WO_INV_0123,PPG1000:40+PPG2000:60,2.5,43.79375,6.393439443,0.5576484641,11.4649996451,0.8167688677,0.0601366038,True,0.30455948189681403,40.0,60.0,0.0,0.0,0.10586518943416325,0.12565047210675004,70.39741330611466,True,False,True,True,True,False,True,False,True,False,505.0,,False,True,False,0.2092282710204119,
WO_INV_0499,PPG2000:10+PPG400:90,1.7,97.84775,1.4400796181,0.2184144903,6.5933336932,0.9924483589,0.0657583475,True,0.4945608428703384,0.0,10.0,90.0,0.0,0.2383625831583935,0.0942996228787841,54.431083550232245,True,False,True,True,True,False,False,False,True,False,726.0,,False,True,False,0.37688222151050094,
WO_INV_0209,PPG1000:10+PPG400:90,1.5,88.213125,1.4171829065,0.2272897736,6.2351371295,1.0155102821,0.066496329,False,0.4686874254917132,10.0,0.0,90.0,0.0,0.23913299340967548,0.03844110316650178,52.81902390069041,True,True,True,True,True,False,False,False,False,False,728.0,,False,False,False,0.38457931661910255,
WO_INV_0249,PPG1000:30+PPG400:70,2.3,117.99287499999998,1.4228161461,0.1922711654,7.4000495263,0.6859366027,0.0559499713,True,0.5412694107548239,30.0,0.0,70.0,0.0,0.27065703543665254,0.1837328802000574,57.76228849120173,True,False,True,True,True,False,False,True,True,False,762.0,,False,True,False,0.3807854117877307,
WO_INV_0764,PPG2000:80+PPG700:20,2.6,44.616,6.3959359963,0.546843344,11.6961028547,0.8931452162,0.0625806469,True,0.30851358079327323,0.0,80.0,0.0,20.0,0.1066492823872014,0.10569366048628318,70.97336073037826,True,False,True,True,True,False,True,False,True,False,507.0,,False,True,False,0.21625812829002616,
WO_INV_0899,PPG400:80+PPG700:20,1.7,97.24,1.3914803489,0.2154908872,6.4572584337,0.8918884704,0.0625404311,True,0.49300344757655645,0.0,0.0,80.0,20.0,0.2551691794929875,0.0734453674189679,53.82923617172126,True,False,True,True,True,False,False,False,True,False,746.0,,False,True,False,0.39056540453157174,
WO_INV_0609,PPG2000:80+PPG400:20,1.5,33.783750000000005,5.9075755449,0.6433916649,9.1819273818,0.913345713,0.0632270628,True,0.25252506376895556,0.0,80.0,20.0,0.0,0.08826506669954565,0.2178580677184414,63.98877975460551,True,False,True,True,True,False,False,True,True,False,464.0,,True,True,False,0.1772360431805589,
WO_INV_0111,PPG1000:30+PPG2000:70,2.9,47.172125,6.3486575115,0.5119259079,12.4015163402,1.028164071,0.0669012503,False,0.32052350266736995,30.0,70.0,0.0,0.0,0.10807314606455343,0.04713060682680783,72.66347239331827,True,False,True,True,True,False,True,False,False,False,512.0,,False,False,False,0.2295245727551956,
WO_INV_0268,PPG1000:40+PPG400:60,2.6,123.6235,1.4710803973,0.1850653934,7.948976143,0.7798691259,0.058955812,True,0.5528198065051303,40.0,0.0,60.0,0.0,0.2696410001550411,0.14553542522376284,59.82738529801809,True,False,True,True,True,False,False,True,True,False,761.0,,True,True,False,0.37966834653917836,
WO_INV_0521,PPG2000:20+PPG400:80,2.3,120.87075,1.4465513049,0.1919223583,7.5371692883,0.7727711633,0.0587286772,True,0.5472465231362686,0.0,20.0,80.0,0.0,0.26506326637920025,0.18191709115458812,58.29215222537707,True,False,True,True,True,False,False,True,True,False,756.0,,False,True,False,0.37901577108468076,
WO_INV_0886,PPG400:70+PPG700:30,2.0,109.0375,1.3822174818,0.2013653931,6.8642255789,0.7370606388,0.0575859404,True,0.5216169347605094,0.0,0.0,70.0,30.0,0.27100187383249336,0.13456375647645263,55.59309401726652,True,False,True,True,True,False,False,False,True,False,763.0,,False,True,False,0.3915711804706564,
WO_INV_0541,PPG2000:30+PPG400:70,2.7,128.37825,1.5322383227,0.1834129754,8.3540344936,0.8986191259,0.062755812,True,0.5621299313748135,0.0,30.0,70.0,0.0,0.25953935414569324,0.13656649126804776,61.26175413846712,True,False,True,True,True,False,False,True,True,False,753.0,,False,True,False,0.37620377424290197,
WO_INV_0742,PPG2000:70+PPG700:30,2.0,38.9675,6.3578362142,0.6131328488,10.3694268327,0.7432743345,0.0577847787,True,0.2804072894741576,0.0,70.0,0.0,30.0,0.10506186016075987,0.2260876084255533,67.49882853614992,True,False,True,True,True,False,False,False,True,False,504.0,,False,True,False,0.1979655896121479,
WO_INV_0722,PPG2000:60+PPG700:40,1.6,34.892,6.0761192484,0.642036863,9.4638167973,0.8629393612,0.0616140596,True,0.2586661922130297,0.0,60.0,0.0,40.0,0.09522999455456072,0.2199660066232589,64.86145733451484,True,False,True,True,True,False,False,True,True,False,481.0,,True,True,False,0.1859641523194384,
WO_INV_0135,PPG1000:50+PPG2000:50,2.1,39.41437500000001,6.4535809277,0.6093395154,10.5911085118,0.695385744,0.0562523438,True,0.2827138521404267,50.0,50.0,0.0,0.0,0.1096511910109991,0.20493452799108028,68.10929991054209,True,False,True,True,True,False,False,False,True,False,518.0,,False,True,False,0.20206809767386372,
WO_INV_0634,PPG2000:90+PPG400:10,2.4,42.042,6.4468284018,0.5756258361,11.1996856246,0.8180188677,0.0601766038,True,0.29598287830360037,0.0,90.0,10.0,0.0,0.10834381968579823,0.14906364878657896,69.72171625047045,True,False,True,True,True,False,True,False,True,False,513.0,,False,True,False,0.21143564309152163,
WO_INV_0287,PPG1000:50+PPG400:50,2.9,127.00187499999998,1.5299831954,0.1790585515,8.5445971889,0.8707311323,0.0618633962,True,0.559475004336418,50.0,0.0,50.0,0.0,0.2680065154874637,0.11253904047224544,61.912672370746975,True,False,True,True,True,False,False,True,True,False,759.0,,False,True,False,0.38647478820829895,
WO_INV_0230,PPG1000:20+PPG400:80,2.0,110.11,1.3819413534,0.20057186,6.8900061722,0.7643676315,0.0584597642,True,0.5240588263290656,20.0,0.0,80.0,0.0,0.27194342384024667,0.13831251161713992,55.7012819394085,True,False,True,True,True,False,False,False,True,False,764.0,,False,True,False,0.39447871865028117,
WO_INV_0162,PPG1000:70+PPG2000:30,1.6,34.034,6.1030081991,0.6496948021,9.3936540341,0.8526668103,0.0612853379,True,0.25392064700001493,70.0,30.0,0.0,0.0,0.0976347844623945,0.20810901027519763,64.64670053733134,True,False,True,True,True,False,False,True,True,False,487.0,,True,True,False,0.18783796434182048,
WO_INV_0122,PPG1000:40+PPG2000:60,2.4,42.042,6.5627663618,0.5804065296,11.3071890589,0.7730188677,0.0587366038,True,0.29598287830360037,40.0,60.0,0.0,0.0,0.11467750651954917,0.13951063412995188,69.99741330858714,True,False,True,True,True,False,True,False,True,False,524.0,,False,True,False,0.21710095939829965,
WO_INV_0210,PPG1000:10+PPG400:90,1.6,94.094,1.3806179579,0.2183776141,6.3221588145,0.9717602821,0.065096329,True,0.4847857223819386,10.0,0.0,90.0,0.0,0.256468153618379,0.052301265176767545,53.219023901618336,True,True,True,True,True,False,False,False,True,False,748.0,,False,True,False,0.4004777851148663,
WO_INV_0500,PPG2000:10+PPG400:90,1.8,103.6035,1.402923908,0.2098503357,6.6853546057,0.9486983589,0.0643583475,True,0.5088493076003113,0.0,10.0,90.0,0.0,0.25643276355268163,0.10815978490031768,54.831083542108544,True,False,True,True,True,False,False,False,True,False,747.0,,False,True,False,0.3936103859371179,
WO_INV_0110,PPG1000:30+PPG2000:70,2.8,45.5455,6.5167984041,0.5328180005,12.2308150211,0.984414071,0.0655012503,True,0.3129296336884342,30.0,70.0,0.0,0.0,0.11511478040792024,0.060990768846328196,72.26347239495756,True,False,True,True,True,False,True,False,True,False,527.0,,False,True,False,0.23566028656039062,
WO_INV_0763,PPG2000:80+PPG700:20,2.5,42.9,6.565329035,0.5691604442,11.5351112364,0.8493952162,0.0611806469,True,0.3002099370188943,0.0,80.0,0.0,20.0,0.1150658712322788,0.11955382250130257,70.57336073198958,True,False,True,True,True,False,True,False,True,False,526.0,,False,True,False,0.2237503706249509,
WO_INV_0913,PPG400:90+PPG700:10,1.5,89.821875,1.3658117258,0.2218437086,6.15663944,1.0018860146,0.0660603525,False,0.4731903264573696,0.0,0.0,90.0,10.0,0.25903031966438594,0.025771613998762696,52.45338635069965,True,True,True,True,True,False,False,False,False,False,751.0,,False,False,False,0.40831432953928004,
WO_INV_0900,PPG400:80+PPG700:20,1.8,102.96,1.3555785558,0.2070413687,6.5473801901,0.8481384704,0.0611404311,True,0.5072920772566023,0.0,0.0,80.0,20.0,0.2736721791702594,0.08730552943228005,54.229236165250725,True,False,True,True,True,False,False,False,True,False,766.0,,False,True,False,0.40756421283530586,
WO_INV_0831,PPG400:30+PPG700:70,2.9,127.00187499999998,1.4890448561,0.1768191357,8.4212879453,0.8482311323,0.0611433962,True,0.559475004336418,0.0,0.0,30.0,70.0,0.2804575445399955,0.09995356271016796,61.49315646806179,True,False,True,True,True,False,False,True,True,False,772.0,,False,True,False,0.3978476645624108,
WO_INV_0873,PPG400:60+PPG700:40,2.3,119.22624999999998,1.3753990173,0.1884970207,7.2966618361,0.668543517,0.0553933925,True,0.5438502460357735,0.0,0.0,60.0,40.0,0.28884923223867326,0.16390838622429355,57.356240373472176,True,False,True,True,True,False,False,True,True,False,779.0,,False,True,False,0.40163562141524756,
WO_INV_0859,PPG400:50+PPG700:50,2.5,122.890625,1.4081217203,0.1840439014,7.651009945,0.7299607241,0.0573587432,True,0.5513494567122328,0.0,0.0,50.0,50.0,0.28658340831282936,0.14000050848121934,58.72478707108776,True,False,True,True,True,False,False,True,True,False,778.0,,False,True,False,0.3993423977686162,
WO_INV_0845,PPG400:40+PPG700:60,2.7,125.4825,1.4456711608,0.1801412847,8.0252073424,0.7899145981,0.0592772671,True,0.5565066025079551,0.0,0.0,40.0,60.0,0.28385683432590475,0.11856764277170313,60.10283293926451,True,False,True,True,True,False,False,True,True,False,776.0,,False,True,False,0.39590119376356453,
WO_INV_0148,PPG1000:60+PPG2000:40,1.8,36.036,6.3563903065,0.641315034,9.9114943033,0.7949401986,0.0594380864,True,0.26490046752330265,60.0,40.0,0.0,0.0,0.10792446454502214,0.22109091878149983,66.19533368531204,True,False,True,True,True,False,False,False,True,False,511.0,,False,True,False,0.20172060902288982,
WO_INV_0887,PPG400:70+PPG700:30,2.1,114.489375,1.3465546813,0.1934697431,6.9600272371,0.6933106388,0.0561859404,True,0.5337764399751735,0.0,0.0,70.0,30.0,0.29091327516750953,0.14842391848705286,55.993094016719404,True,False,True,True,True,False,False,False,True,False,782.0,,False,True,False,0.4099543683043806,
WO_INV_0633,PPG2000:90+PPG400:10,2.3,40.29025,6.6175692994,0.5991175721,11.0455269672,0.7742688677,0.0587766038,True,0.28719208925780654,0.0,90.0,10.0,0.0,0.11783930740878414,0.16292381079956458,69.32171625134824,True,False,True,True,True,False,True,False,True,False,534.0,,False,True,False,0.22000041123356298,
WO_INV_0250,PPG1000:30+PPG400:70,2.4,123.123,1.3861058534,0.1847321051,7.5033294968,0.7296866027,0.0573499713,True,0.5518167109621152,30.0,0.0,70.0,0.0,0.29137329295560216,0.1437328798220527,58.16228850190062,True,False,True,True,True,False,False,True,True,False,784.0,,False,True,False,0.40665289278882427,
WO_INV_0231,PPG1000:20+PPG400:80,2.1,115.6155,1.3462856773,0.1927073249,6.9861676415,0.7206176315,0.0570597642,True,0.5362114504754992,20.0,0.0,80.0,0.0,0.2919359744919157,0.15217267364793993,56.10128193490427,True,False,True,True,True,False,False,False,True,False,786.0,,False,True,False,0.41296160839779206,
WO_INV_0211,PPG1000:10+PPG400:90,1.7,99.974875,1.344996427,0.2098149054,6.4103950316,0.9280102821,0.063696329,True,0.4999371796081883,10.0,0.0,90.0,0.0,0.2747370907827978,0.06616142720032969,53.619023898332365,True,False,True,True,True,False,False,False,True,False,768.0,,False,True,False,0.4172401124141515,
WO_INV_0121,PPG1000:40+PPG2000:60,2.3,40.29025,6.7365778159,0.6040933695,11.1515506648,0.7292688677,0.0573366038,True,0.28719208925780654,40.0,60.0,0.0,0.0,0.12442360061526875,0.1533707961489395,69.59741330448605,True,False,True,True,True,False,False,False,True,False,546.0,,False,True,False,0.22583750665294103,
WO_INV_0501,PPG2000:10+PPG400:90,1.9,109.35925,1.366726858,0.2016219863,6.7786598227,0.9049483589,0.0629583475,True,0.5223521291750902,0.0,10.0,90.0,0.0,0.2754367210538459,0.12201994691726098,55.23108354981295,True,False,True,True,True,False,False,False,True,False,769.0,,False,True,False,0.41120240935329655,
WO_INV_0109,PPG1000:30+PPG2000:70,2.7,43.91887500000001,6.6893924208,0.5545627156,12.0624633292,0.940664071,0.0641012503,True,0.3051641072097041,30.0,70.0,0.0,0.0,0.1230901917411608,0.07485093086737477,71.86347239515504,True,False,True,True,True,False,True,False,True,False,544.0,,False,True,False,0.24265985921396566,
WO_INV_0522,PPG2000:20+PPG400:80,2.4,126.126,1.4092286178,0.184396975,7.6423629927,0.8165211633,0.0601286772,True,0.5577686776398999,0.0,20.0,80.0,0.0,0.2857397799722482,0.14191709119879567,58.692152223700035,True,False,True,True,True,False,False,True,True,False,777.0,,False,True,False,0.4049203554231937,
WO_INV_0269,PPG1000:40+PPG400:60,2.7,128.37825,1.4331248315,0.1778088756,8.0599172954,0.8236191259,0.060355812,True,0.5621299313748135,40.0,0.0,60.0,0.0,0.2909788021983547,0.1055354256101887,60.227385288290684,True,False,True,True,True,False,False,True,True,False,783.0,,False,True,False,0.4061400322720861,
WO_INV_0741,PPG2000:70+PPG700:30,1.9,37.019125,6.5262201999,0.638155275,10.2266963157,0.7870243345,0.0591847787,True,0.2701748752227107,0.0,70.0,0.0,30.0,0.11577546512851229,0.22603009619174916,67.0988285377493,True,False,True,True,True,False,False,False,True,False,530.0,,False,True,False,0.21340224419929638,
WO_INV_0134,PPG1000:50+PPG2000:50,2.0,37.53750000000001,6.6245006624,0.6342071327,10.4453266457,0.739135744,0.0576523438,True,0.27292556575479415,50.0,50.0,0.0,0.0,0.12030794374637334,0.21879469001715085,67.70929991363226,True,False,True,True,True,False,False,False,True,False,538.0,,False,True,False,0.21743309123751775,
WO_INV_0542,PPG2000:30+PPG400:70,2.8,133.13299999999998,1.492704812,0.1762212497,8.4706289074,0.9423691259,0.064155812,True,0.5710602960541836,0.0,30.0,70.0,0.0,0.2808707006663488,0.09656649088316303,61.66175414904521,True,False,True,True,True,False,False,True,True,False,773.0,,False,True,False,0.4059070204405928,
WO_INV_0914,PPG400:90+PPG700:10,1.6,95.81000000000002,1.3305722127,0.2131450923,6.2425655595,0.9581360146,0.0646603525,True,0.4893008528675758,0.0,0.0,90.0,10.0,0.27702925793939037,0.03963177601113639,52.853386359445665,True,True,True,True,True,False,False,False,True,False,771.0,,False,True,False,0.4247641488613214,
WO_INV_0762,PPG2000:80+PPG700:20,2.4,41.184,6.7392083602,0.5923883226,11.3763355956,0.8056452162,0.0597806469,True,0.2917044424297371,0.0,80.0,0.0,20.0,0.12441623707438251,0.13341398451932177,70.17336073030157,True,False,True,True,True,False,True,False,True,False,545.0,,False,True,False,0.23210647181778693,
WO_INV_0721,PPG2000:60+PPG700:40,1.5,32.71125,6.2370421069,0.6682388844,9.333551597,0.9066893612,0.0630140596,True,0.24648437867927547,0.0,60.0,0.0,40.0,0.10666955885394505,0.1799660066817443,64.4614573364925,True,False,True,True,True,False,False,True,True,False,508.0,,True,True,False,0.20209753153626453,
WO_INV_0288,PPG1000:50+PPG400:50,3.0,131.38124999999997,1.4905078696,0.1720375652,8.6638512214,0.9144811323,0.0632633962,True,0.5678128629696658,50.0,0.0,50.0,0.0,0.28983285786039287,0.07253904005889154,62.312672382580594,True,False,True,True,True,False,False,True,True,False,780.0,,False,True,False,0.4166711455356966,
WO_INV_0901,PPG400:80+PPG700:20,1.9,108.68,1.3206030703,0.1989231605,6.6387597452,0.8043884704,0.0597404311,True,0.5207973931378187,0.0,0.0,80.0,20.0,0.2931089558951579,0.10116569145228357,54.6292361682983,True,False,True,True,True,False,False,False,True,False,787.0,,False,True,False,0.4254268800550911,
WO_INV_0161,PPG1000:70+PPG2000:30,1.5,31.906875,6.2646431975,0.67620935,9.2643545928,0.8964168103,0.0626853379,True,0.2418894011400088,70.0,30.0,0.0,0.0,0.1093357048855981,0.16810901021969896,64.24670053612957,True,False,True,True,True,False,False,True,True,False,516.0,,True,True,False,0.20421789745456786,
WO_INV_0632,PPG2000:90+PPG400:10,2.2,38.538500000000006,6.7928321808,0.6235680241,10.8934902346,0.7305188677,0.0573766038,True,0.2781789899558607,0.0,90.0,10.0,0.0,0.12826857212954235,0.17678397282051997,68.92171624876535,True,False,True,True,True,False,False,False,True,False,551.0,,False,True,False,0.22942903823315108,
WO_INV_0888,PPG400:70+PPG700:30,2.2,119.94125,1.3118120221,0.1858836859,7.0571659665,0.6495606388,0.0547859404,True,0.5453331287332412,0.0,0.0,70.0,30.0,0.31175845358736387,0.14994731824621618,56.39309402704682,True,False,True,True,True,False,False,True,True,False,802.0,,False,True,False,0.42920141509260434,
WO_INV_0874,PPG400:60+PPG700:40,2.4,124.41,1.3399121411,0.1811059468,7.3984988599,0.712293517,0.0567933925,True,0.5543870594002049,0.0,0.0,60.0,40.0,0.31012527426525976,0.12390838622298567,57.756240374395155,True,False,True,True,True,False,False,True,True,False,801.0,,False,True,False,0.4281345044788656,
WO_INV_0212,PPG1000:10+PPG400:90,1.8,105.85575,1.3102939725,0.2015879453,6.4998627315,0.8842602821,0.062296329,True,0.5142229449505297,10.0,0.0,90.0,0.0,0.29393980496033,0.08002158921977434,54.019023895112696,True,False,True,True,True,False,False,False,True,False,788.0,,False,True,False,0.43486629858805304,
WO_INV_0108,PPG1000:30+PPG2000:70,2.6,42.29225,6.8665575003,0.5771948494,11.896428923,0.896914071,0.0627012503,True,0.29722103628272095,30.0,70.0,0.0,0.0,0.1319993800709595,0.0887110928844203,71.46347239333832,True,False,True,True,True,False,True,False,True,False,558.0,,False,True,False,0.25052329072449653,
WO_INV_0147,PPG1000:60+PPG2000:40,1.7,34.034,6.5247359981,0.6674875971,9.7750670225,0.8386901986,0.0608380864,True,0.25392064700001493,60.0,40.0,0.0,0.0,0.11955005930033068,0.18109091868974939,65.79533368240963,True,False,True,True,True,False,False,False,True,False,535.0,,True,True,False,0.2180967242319935,
WO_INV_0860,PPG400:50+PPG700:50,2.6,127.80625,1.3717905607,0.1768274368,7.7577924847,0.7737107241,0.0587587432,True,0.5610304809459793,0.0,0.0,50.0,50.0,0.3082362785582303,0.10000050845005076,59.12478707213231,True,False,True,True,True,False,False,True,True,False,800.0,,False,True,False,0.426201863139298,
WO_INV_0846,PPG400:40+PPG700:60,2.8,130.13,1.4083711825,0.1730778439,8.1372124277,0.8336645981,0.0606772671,True,0.5654629991743797,0.0,0.0,40.0,60.0,0.30582325776132696,0.07856764280006037,60.502832939481664,True,False,True,True,True,False,False,True,True,False,797.0,,False,True,False,0.4230483969539777,
WO_INV_0832,PPG400:30+PPG700:70,3.0,131.38124999999997,1.4506257866,0.1698859582,8.5388209926,0.8919811323,0.0625433962,True,0.5678128629696658,0.0,0.0,30.0,70.0,0.3026652233178165,0.05995356258890122,61.893156472863154,True,False,True,True,True,False,False,True,True,False,795.0,,False,True,False,0.4283674955108453,
WO_INV_0502,PPG2000:10+PPG400:90,2.0,115.115,1.3314637334,0.1937162751,6.8732672689,0.8611983589,0.0615583475,True,0.5351323710573413,0.0,10.0,90.0,0.0,0.2953744555715963,0.13588010894422572,55.63108355457644,True,False,True,True,True,False,False,False,True,False,790.0,,False,True,False,0.4296582916438578,
WO_INV_0232,PPG1000:20+PPG400:80,2.2,121.121,1.3115499588,0.1851511626,7.0836712036,0.6768676315,0.0556597642,True,0.5477589193247137,20.0,0.0,80.0,0.0,0.3128623021383307,0.14599877133913472,56.50128193865867,True,False,True,True,True,False,False,True,True,False,803.0,,False,True,False,0.43230835699948206,
WO_INV_0120,PPG1000:40+PPG2000:60,2.2,38.538500000000006,6.914992576,0.6287468876,10.9980545635,0.6855188677,0.0559366038,True,0.2781789899558607,40.0,60.0,0.0,0.0,0.13510347168435552,0.16723095816799874,69.19741330407837,True,False,True,True,True,False,False,False,True,False,566.0,,False,True,False,0.23543791273057896,
WO_INV_0915,PPG400:90+PPG700:10,1.7,101.798125,1.2962419195,0.2047875537,6.3296909207,0.9143860146,0.0632603525,True,0.504455256955435,0.0,0.0,90.0,10.0,0.2959619731270877,0.05349193804239636,53.253386356453504,True,False,True,True,True,False,False,False,True,False,791.0,,False,True,False,0.442077826931729,
WO_INV_0761,PPG2000:80+PPG700:20,2.3,39.468,6.917692789,0.6165641486,11.2197454303,0.7618952162,0.0583806469,True,0.28298964637049356,0.0,80.0,0.0,20.0,0.13470037988420203,0.14727414654595267,69.7733607337809,True,False,True,True,True,False,False,False,True,False,563.0,,False,True,False,0.24132643182543456,
WO_INV_0251,PPG1000:30+PPG400:70,2.5,128.25312499999998,1.3503427285,0.1774886557,7.6080509108,0.7734366027,0.0587499713,True,0.5618898974548541,30.0,0.0,70.0,0.0,0.3130233272509225,0.10373288008991767,58.56228849469276,True,False,True,True,True,False,False,True,True,False,804.0,,False,True,False,0.43357110867549487,
WO_INV_0902,PPG400:80+PPG700:20,2.0,114.4,1.2865299925,0.1911232718,6.7314146537,0.7606384704,0.0583404311,True,0.5335820895522388,0.0,0.0,80.0,20.0,0.3134795096158941,0.115025853483547,55.02923616993847,True,False,True,True,True,False,False,False,True,False,806.0,,False,True,False,0.44415340612619364,
WO_INV_0096,PPG1000:20+PPG2000:80,3.0,45.045,6.837291484,0.5317899823,12.8571272713,1.1112238852,0.0695591643,False,0.3105587920990037,20.0,80.0,0.0,0.0,0.13485996955053753,0.01105104841954207,73.70471731957876,True,False,True,True,True,False,True,False,False,False,564.0,,False,False,False,0.27338552089119134,
WO_INV_0740,PPG2000:70+PPG700:30,1.8,35.070750000000004,6.699063748,0.6641988859,10.0859304204,0.8307743345,0.0605847787,True,0.25964725893652035,0.0,70.0,0.0,30.0,0.12742284711480278,0.186030096082906,66.6988285347588,True,False,True,True,True,False,False,False,True,False,549.0,,False,True,False,0.22988963395959872,
WO_INV_0523,PPG2000:20+PPG400:80,2.5,131.38125,1.372868899,0.1771666662,7.7490248498,0.8602711633,0.0615286772,True,0.5678128629696658,0.0,20.0,80.0,0.0,0.30735007053615143,0.10191709124601132,59.092152223078074,True,False,True,True,True,False,False,True,True,False,799.0,,False,True,False,0.4318756748744688,
WO_INV_0133,PPG1000:50+PPG2000:50,1.9,35.660625,6.7999471174,0.6600896168,10.3015514018,0.782885744,0.0590523438,True,0.2628664360052889,50.0,50.0,0.0,0.0,0.13189847348885572,0.19223611883483444,67.30929991290773,True,False,True,True,True,False,False,False,True,False,557.0,,False,True,False,0.23384881996012355,
WO_INV_0270,PPG1000:40+PPG400:60,2.8,133.13299999999998,1.3961485628,0.1708368898,8.1724068156,0.8673691259,0.061755812,True,0.5710602960541836,40.0,0.0,60.0,0.0,0.31325038151193196,0.06553542523539148,60.62738529760563,True,False,True,True,True,False,False,True,True,False,805.0,,False,True,False,0.4341264395367981,
WO_INV_0543,PPG2000:30+PPG400:70,2.9,137.88774999999998,1.4541913114,0.1693115157,8.5888505897,0.9861191259,0.065555812,True,0.5796336717632581,0.0,30.0,70.0,0.0,0.30313582396845357,0.05656649108406799,62.06175414396739,True,False,True,True,True,False,False,True,True,False,796.0,,False,True,False,0.43679583590708615,
WO_INV_0107,PPG1000:30+PPG2000:70,2.5,40.665625,7.0484147048,0.600750618,11.732679906,0.853164071,0.0613012503,True,0.2890942616577433,30.0,70.0,0.0,0.0,0.14184234536643595,0.1025712549058767,71.06347239650769,True,False,True,True,True,False,False,False,True,False,578.0,,False,True,False,0.2592505810466437,
WO_INV_0213,PPG1000:10+PPG400:90,1.9,111.736625,1.2764868813,0.1936835689,6.5905791016,0.8405102821,0.060896329,True,0.5277151508389255,10.0,0.0,90.0,0.0,0.31407629613225796,0.09388175123734405,54.4190238962555,True,False,True,True,True,False,False,False,True,False,808.0,,False,True,False,0.4533563436147696,
WO_INV_0033,PPG400:100,1.5,93.84375,1.2692792381,0.2107566529,6.0224871691,1.0008979426,0.0660287342,False,0.4841205868128325,0.0,0.0,100.0,0.0,0.30135552667112375,0.0037408557825839173,51.817585471542515,True,True,True,True,True,False,False,False,False,False,794.0,,False,False,False,0.4602268084014763,
WO_INV_0784,PPG2000:90+PPG700:10,3.0,44.50875,6.8912604541,0.5362577238,12.8506502528,1.1396055184,0.0704673766,False,0.3080003805997907,0.0,90.0,0.0,10.0,0.1375155315580881,0.011554944069873965,73.6901750474724,True,False,True,True,True,False,True,False,False,False,570.0,,False,False,False,0.2791653847737462,
WO_INV_0503,PPG2000:10+PPG400:90,2.1,120.87075000000002,1.297110438,0.1861205513,6.9691951189,0.8174483589,0.0601583475,True,0.5472465231362686,0.0,10.0,90.0,0.0,0.3162459670261263,0.14974027095663348,56.03108355569659,True,False,True,True,True,False,False,False,True,False,810.0,,False,True,False,0.44897803271856773,
WO_INV_0916,PPG400:90+PPG700:10,1.8,107.78625,1.2627973874,0.1967577189,6.4180322608,0.8706360146,0.0618603525,True,0.5187362012645206,0.0,0.0,90.0,10.0,0.31582846524885005,0.06735210005962866,53.6533863511479,True,False,True,True,True,False,False,False,True,False,809.0,,False,True,False,0.46025536378438275,
WO_INV_0631,PPG2000:90+PPG400:10,2.1,36.786750000000005,6.9727368085,0.6490163179,10.7435462195,0.7742688677,0.0587766038,True,0.2689350393952631,0.0,90.0,10.0,0.0,0.13963161382098835,0.19064413484550907,68.52171624976364,True,False,True,True,True,False,False,False,True,False,573.0,,False,True,False,0.2457155582069672,
WO_INV_0095,PPG1000:20+PPG2000:80,2.9,43.5435,7.0183735933,0.5534927432,12.6801546718,1.0674738852,0.0681591643,False,0.3033470690069561,20.0,80.0,0.0,0.0,0.14301852670373244,0.02491121043537038,73.30471731901059,True,False,True,True,True,False,True,False,False,False,579.0,,False,False,False,0.2804579952564331,
WO_INV_0760,PPG2000:80+PPG700:20,2.2,37.75200000000001,7.100904285,0.6417266089,11.0653106586,0.7181452162,0.0569806469,True,0.2740577269295546,0.0,80.0,0.0,20.0,0.14591829970662687,0.16113430856411895,69.37336073123028,True,False,True,True,True,False,False,False,True,False,586.0,,False,True,False,0.25141025071179207,
WO_INV_0889,PPG400:70+PPG700:30,2.3,125.39312499999998,1.2779657635,0.1785950824,7.155660428,0.6933106388,0.0561859404,True,0.5563307443383643,0.0,0.0,70.0,30.0,0.33353740873699206,0.1099473186749647,56.79309401569334,True,False,True,True,True,False,False,True,True,False,820.0,,False,True,False,0.4563284375856713,
WO_INV_0875,PPG400:60+PPG700:40,2.5,129.59374999999997,1.3053408671,0.1740046811,7.5017571884,0.756043517,0.0581933925,True,0.5644480740438274,0.0,0.0,60.0,40.0,0.33233509319018956,0.08390838649238942,58.15624036724321,True,False,True,True,True,False,False,True,True,False,819.0,,False,True,False,0.4556841225711496,
WO_INV_0146,PPG1000:60+PPG2000:40,1.6,32.032000000000004,6.6975402379,0.6947282827,9.6405176022,0.8824401986,0.0622380864,True,0.2426078526417838,60.0,40.0,0.0,0.0,0.13210943103197118,0.14109091869186244,65.3953336826766,True,False,True,True,True,False,False,False,True,False,559.0,,False,True,False,0.2355235745584559,
WO_INV_0119,PPG1000:40+PPG2000:60,2.1,36.786750000000005,7.0981325583,0.6544065348,10.8466712673,0.7292688677,0.0573366038,True,0.2689350393952631,40.0,60.0,0.0,0.0,0.14671711972771326,0.1810911201870315,68.79741330659512,True,False,True,True,True,False,False,False,True,False,589.0,,False,True,False,0.2519577585167868,
WO_INV_0861,PPG400:50+PPG700:50,2.7,132.721875,1.3363967868,0.1698939339,7.8660653519,0.8174607241,0.0601587432,True,0.5703025338722456,0.0,0.0,50.0,50.0,0.3308229256367144,0.060000508863162286,59.52478706045611,True,False,True,True,True,False,False,True,True,False,818.0,,False,True,False,0.4541120634644094,
WO_INV_0903,PPG400:80+PPG700:20,2.1,120.12,1.2533360393,0.1836292211,6.8253627151,0.7168884704,0.0569404311,True,0.545702344175904,0.0,0.0,80.0,20.0,0.3347838403415415,0.12888601550041637,55.429236173558714,True,False,True,True,True,False,False,False,True,False,823.0,,False,True,False,0.46374379106177466,
WO_INV_0233,PPG1000:20+PPG400:80,2.3,126.6265,1.2777104616,0.1778912817,7.1825355896,0.7206176315,0.0570597642,True,0.558745336489775,20.0,0.0,80.0,0.0,0.33472240675545595,0.10599877149173008,56.901281932237346,True,False,True,True,True,False,False,True,True,False,822.0,,False,True,False,0.4595562967140185,
WO_INV_0847,PPG400:40+PPG700:60,2.9,134.7775,1.3720335865,0.1662913646,8.2507807298,0.8774145981,0.0620772671,True,0.5740648060397611,0.0,0.0,40.0,60.0,0.3287234581369078,0.038567642978215445,60.90283293472961,True,False,True,True,True,False,False,True,True,False,816.0,,False,True,False,0.45377125254609263,
WO_INV_0783,PPG2000:90+PPG700:10,2.9,43.025125,7.0737719034,0.5581428167,12.6737668065,1.0958555184,0.0690673766,False,0.30082214575935523,0.0,90.0,0.0,10.0,0.14588048783456042,0.02541510609037824,73.29017504593077,True,False,True,True,True,False,True,False,False,False,584.0,,False,False,False,0.28644079919616944,
WO_INV_0034,PPG400:100,1.6,100.1,1.2365303742,0.2024927664,6.1065409711,0.9571479426,0.0646287342,True,0.5002498750624688,0.0,0.0,100.0,0.0,0.32073564971519214,0.01760101780282697,52.217585462827664,True,False,True,True,True,False,False,False,True,False,813.0,,False,True,False,0.4778522300743173,
WO_INV_0106,PPG1000:30+PPG2000:70,2.4,39.039,7.2350883027,0.6252677159,11.571184821,0.809414071,0.0599012503,True,0.28077733585540754,30.0,70.0,0.0,0.0,0.15261908767836418,0.11643141691813025,70.66347239243346,True,False,True,True,True,False,False,False,True,False,600.0,,False,True,False,0.26884173025400165,
WO_INV_0252,PPG1000:30+PPG400:70,2.6,133.38325,1.3155023333,0.1705292259,7.7142338858,0.8171866027,0.0601499713,True,0.5715202354924785,30.0,0.0,70.0,0.0,0.33560713876284026,0.06373287970345717,58.96228850535022,True,False,True,True,True,False,False,True,True,False,825.0,,False,True,False,0.4615400599597382,
WO_INV_0214,PPG1000:10+PPG400:90,2.0,117.6175,1.2435520519,0.1860891275,6.6825615692,0.7967602821,0.059496329,True,0.5404781325031305,10.0,0.0,90.0,0.0,0.33514656435318857,0.10774191325838035,54.81902390171247,True,False,True,True,True,False,False,False,True,False,824.0,,False,True,False,0.47271024755588265,
WO_INV_0094,PPG1000:20+PPG2000:80,2.8,42.042,7.204251568,0.5760812105,12.5056180208,1.0237238852,0.0667591643,False,0.29598287830360037,20.0,80.0,0.0,0.0,0.15211086082483966,0.03877137245793411,72.90471732182023,True,False,True,True,True,False,True,False,False,False,598.0,,False,False,False,0.28839432843613544,
WO_INV_0739,PPG2000:70+PPG700:30,1.7,33.122375000000005,6.8764849675,0.6913053566,9.9471021046,0.8745243345,0.0619847787,True,0.24881147891179078,0.0,70.0,0.0,30.0,0.14000400605418362,0.14603009615711446,66.2988285366906,True,False,True,True,True,False,False,False,True,False,574.0,,False,True,False,0.2474277588068563,
WO_INV_0132,PPG1000:50+PPG2000:50,1.8,33.78375000000001,6.9800401805,0.6870283851,10.1597551598,0.826635744,0.0604523438,True,0.2525250637689556,50.0,50.0,0.0,0.0,0.14442278021452679,0.15223611883187227,66.90929991272034,True,False,True,True,True,False,False,False,True,False,581.0,,False,True,False,0.25131528380946994,
WO_INV_0524,PPG2000:20+PPG400:80,2.6,136.6365,1.3374473027,0.1702198619,7.8571753501,0.9040211633,0.0629286772,True,0.5774109235050383,0.0,20.0,80.0,0.0,0.329894138024445,0.06191709151163932,59.49215221497052,True,False,True,True,True,False,False,True,True,False,817.0,,False,True,False,0.4598817293846135,
WO_INV_0917,PPG400:90+PPG700:10,1.9,113.774375,1.2302157627,0.1890427384,6.5076065509,0.8268860146,0.0604603525,True,0.5322170863556495,0.0,0.0,90.0,10.0,0.33662873438748797,0.0812122620780752,54.05338634991437,True,False,True,True,True,False,False,False,True,False,827.0,,False,True,False,0.47929675951622414,
WO_INV_0504,PPG2000:10+PPG400:90,2.2,126.62650000000004,1.2636434971,0.1788226601,7.0664618013,0.7736983589,0.0587583475,True,0.5587453364897751,0.0,10.0,90.0,0.0,0.33805125545848225,0.11122077381551349,56.4310835547239,True,False,True,True,True,False,False,True,True,False,828.0,,False,True,False,0.4691616326239436,
WO_INV_0271,PPG1000:40+PPG400:60,2.9,137.88774999999998,1.3601263245,0.1641382796,8.2864663138,0.9111191259,0.063155812,True,0.5796336717632581,40.0,0.0,60.0,0.0,0.3364557375158297,0.025535425616355193,61.027385288207945,True,False,True,True,True,False,False,True,True,False,826.0,,False,True,False,0.46575139070746874,
WO_INV_0544,PPG2000:30+PPG400:70,3.0,142.6425,1.4166715033,0.1626727162,8.7087222518,1.0298691259,0.066955812,False,0.5878710448499336,0.0,30.0,70.0,0.0,0.32633472437330635,0.016566491013787318,62.4617541446406,True,False,True,True,True,False,False,True,False,False,815.0,,False,False,False,0.4688702210188233,
WO_INV_0782,PPG2000:90+PPG700:10,2.8,41.54149999999999,7.2611170736,0.5809210571,12.4993180817,1.0521055184,0.0676673766,False,0.2934934277226114,0.0,90.0,0.0,10.0,0.15517922108553067,0.039275268105375655,72.89017504896118,True,False,True,True,True,False,True,False,False,False,603.0,,False,False,False,0.29458007244140194,
WO_INV_0630,PPG2000:90+PPG400:10,2.0,35.035000000000004,7.1574061168,0.6755031763,10.5956661167,0.8180188677,0.0601766038,True,0.2594512533787537,0.0,90.0,10.0,0.0,0.15192843250988927,0.1691538681321707,68.1217162498973,True,False,True,True,True,False,False,False,True,False,597.0,,False,True,False,0.2630528133260528,
WO_INV_0904,PPG400:80+PPG700:20,2.2,125.84,1.2209985282,0.1764290164,6.9206219776,0.6731384704,0.0555404311,True,0.557208643287283,0.0,0.0,80.0,20.0,0.35702194794960984,0.0977448068750199,55.82923616454602,True,False,True,True,True,False,False,False,True,False,839.0,,False,True,False,0.48419803471895223,
WO_INV_0759,PPG2000:80+PPG700:20,2.1,36.036,7.2889680422,0.6679159686,10.9130016124,0.7618952162,0.0583806469,True,0.26490046752330265,0.0,80.0,0.0,20.0,0.15806999649645037,0.17499447058020542,68.97336073249717,True,False,True,True,True,False,False,False,True,False,608.0,,False,True,False,0.26859246223087074,
WO_INV_0035,PPG400:100,1.7,106.35625,1.2046264687,0.1945529114,6.1917678834,0.9133979426,0.0632287342,True,0.5154011569797378,0.0,0.0,100.0,0.0,0.3410495499030646,0.03146117982572558,52.61758547348187,True,False,True,True,True,False,False,False,True,False,831.0,,False,True,False,0.4963415107792043,
WO_INV_0890,PPG400:70+PPG700:30,2.4,130.845,1.2449927772,0.171592269,7.2555295432,0.7370606388,0.0575859404,True,0.5668088977452403,0.0,0.0,70.0,30.0,0.3562501411425422,0.06994731835759055,57.1930940237609,True,False,True,True,True,False,False,True,True,False,838.0,,False,True,False,0.4845061955180808,
WO_INV_0105,PPG1000:30+PPG2000:70,2.3,37.412375,7.4267058539,0.6507853754,11.4119126434,0.765664071,0.0585012503,True,0.27226350610707367,30.0,70.0,0.0,0.0,0.16432960694768597,0.1302915789415443,70.26347239553873,True,False,True,True,True,False,False,False,True,False,617.0,,False,True,False,0.2792967382623034,
WO_INV_0093,PPG1000:20+PPG2000:80,2.7,40.5405,7.3950524243,0.5995915307,12.3334837887,0.9799738852,0.0653591643,True,0.28846133320999995,20.0,80.0,0.0,0.0,0.162136971948217,0.05263153447604627,72.50471732195881,True,False,True,True,True,False,True,False,True,False,615.0,,False,True,False,0.2971945204815293,
WO_INV_0876,PPG400:60+PPG700:40,2.6,134.7775,1.2716615716,0.1671818599,7.6064566582,0.799793517,0.0595933925,True,0.5740648060397611,0.0,0.0,60.0,40.0,0.3554786893590595,0.043908386109884893,58.55624037612347,True,False,True,True,True,False,False,True,True,False,837.0,,False,True,False,0.4842844760898816,
WO_INV_0118,PPG1000:40+PPG2000:60,2.0,35.035000000000004,7.2861229078,0.6811133721,10.6973716944,0.7730188677,0.0587366038,True,0.2594512533787537,40.0,60.0,0.0,0.0,0.15926454476497343,0.16088295651985612,68.39741330768693,True,False,True,True,True,False,False,False,True,False,609.0,,False,True,False,0.26952833944376464,
WO_INV_0145,PPG1000:60+PPG2000:40,1.5,30.03,6.8749211081,0.7230806817,9.5078201943,0.9261901986,0.0636380864,True,0.23094670460662925,60.0,40.0,0.0,0.0,0.14560257972955304,0.10109091878913425,64.99533368557915,True,False,True,True,True,False,False,False,True,False,582.0,,False,True,False,0.2540011599882909,
WO_INV_0234,PPG1000:20+PPG400:80,2.4,132.132,1.2447440625,0.1709160647,7.2827797923,0.7643676315,0.0584597642,True,0.5692106215429152,20.0,0.0,80.0,0.0,0.3575162885082475,0.06599877105507776,57.30128194646906,True,False,True,True,True,False,False,True,True,False,841.0,,False,True,False,0.487854971729864,
WO_INV_0862,PPG400:50+PPG700:50,2.8,137.6375,1.3019162129,0.1632322974,7.9758493466,0.8612107241,0.0615587432,True,0.5791909946872863,0.0,0.0,50.0,50.0,0.35434335000533435,0.020000508451706422,59.92478707110853,True,False,True,True,True,False,False,True,True,False,835.0,,False,True,False,0.4830729992700502,
WO_INV_0215,PPG1000:10+PPG400:90,2.1,123.498375,1.211466979,0.1787924684,6.7758278048,0.7530102821,0.058096329,True,0.5525694538047535,10.0,0.0,90.0,0.0,0.35715060957179473,0.11105192357588081,55.21902390915795,True,False,True,True,True,False,False,False,True,False,840.0,,False,True,False,0.4929280103505319,
WO_INV_0848,PPG400:40+PPG700:60,3.0,139.425,1.3366335422,0.1597709869,8.365934066,0.9211645981,0.0634772671,True,0.5823326720267308,0.0,0.0,40.0,60.0,0.3525574356448184,-0.0014323572089804549,61.30283293919268,True,False,True,False,True,False,False,True,True,False,833.0,,False,True,False,0.4861336257807855,
WO_INV_0918,PPG400:90+PPG700:10,2.0,119.7625,1.1984747814,0.1816302666,6.5984309988,0.7831360146,0.0590603525,True,0.5449633126670839,0.0,0.0,90.0,10.0,0.3583627805274518,0.0950724240881289,54.45338635098698,True,False,True,True,True,False,False,False,True,False,842.0,,False,True,False,0.4992020141087907,
WO_INV_0253,PPG1000:30+PPG400:70,2.7,138.513375,1.2815608604,0.1638426794,7.8218988205,0.8609366027,0.0615499713,True,0.5807363004275966,30.0,0.0,70.0,0.0,0.3591247269291354,0.023732880243360448,59.362288490166996,True,False,True,True,True,False,False,True,True,False,843.0,,False,True,False,0.49055974599125035,
WO_INV_0781,PPG2000:90+PPG700:10,2.7,40.057875,7.4534239832,0.6046288952,12.3272705654,1.0083555184,0.0662673766,False,0.2860094443100754,0.0,90.0,0.0,10.0,0.16541173133599316,0.05313543012678394,72.49017504829754,True,False,True,True,True,False,False,False,False,False,619.0,,False,False,False,0.30358320454864124,
WO_INV_0738,PPG2000:70+PPG700:30,1.6,31.174000000000003,7.0586050958,0.7195180634,9.8101846984,0.9182743345,0.0633847787,True,0.23765380334517514,0.0,70.0,0.0,30.0,0.15351894199364502,0.10603009616571887,65.89882853701496,True,False,True,True,True,False,False,False,True,False,601.0,,False,True,False,0.26601661880241345,
WO_INV_0131,PPG1000:50+PPG2000:50,1.7,31.906875,7.1649029147,0.7150665454,10.0199106795,0.870385744,0.0618523438,True,0.2418894011400088,50.0,50.0,0.0,0.0,0.15788086392830794,0.11223611881519845,66.50929991206063,True,False,True,True,True,False,False,False,True,False,607.0,,False,True,False,0.26983248279100774,
WO_INV_0525,PPG2000:20+PPG400:80,2.7,141.89175,1.3029396243,0.1635454456,7.9668352701,0.9477711633,0.0643286772,True,0.5865919362690128,0.0,20.0,80.0,0.0,0.35337198269653997,0.02191709122128027,59.89215222253279,True,False,True,True,True,False,False,True,True,False,834.0,,False,True,False,0.48893851925390863,
WO_INV_0505,PPG2000:10+PPG400:90,2.3,132.38225,1.2310400418,0.1718109233,7.1650860016,0.8174483589,0.0601583475,True,0.5696745340919971,0.0,10.0,90.0,0.0,0.36079032087919716,0.07122077378521549,56.83108355584125,True,False,True,True,True,False,False,True,True,False,846.0,,False,True,False,0.4975374468248719,
WO_INV_0036,PPG400:100,1.8,112.6125,1.1735457206,0.1869243827,6.2781842787,0.8696479426,0.0618287342,True,0.5296607678287965,0.0,0.0,100.0,0.0,0.36229722688756155,0.04532134185106952,53.0175854629093,True,False,True,True,True,False,False,False,True,False,848.0,,False,True,False,0.5156946501003833,
WO_INV_0272,PPG1000:40+PPG400:60,3.0,142.6425,1.3250335013,0.1577023256,8.4021177015,0.9548691259,0.064555812,True,0.5878710448499336,40.0,0.0,60.0,0.0,0.36059487065570334,-0.014464574385618162,61.42738528836356,True,False,True,False,True,False,False,True,True,False,845.0,,False,True,False,0.49856191155902374,
WO_INV_0092,PPG1000:20+PPG2000:80,2.6,39.039,7.590906542,0.6240613253,12.1637189072,0.9362238852,0.0639591643,True,0.28077733585540754,20.0,80.0,0.0,0.0,0.173096860063385,0.06649169649612893,72.10471732045005,True,False,True,True,True,False,False,False,True,False,633.0,,False,True,False,0.30685857137656597,
WO_INV_0104,PPG1000:30+PPG2000:70,2.2,35.78575000000001,7.6233982962,0.6773444304,11.2548327761,0.721914071,0.0571012503,True,0.2635456960689911,30.0,70.0,0.0,0.0,0.1769739032147621,0.14415174095644376,69.86347239560519,True,False,True,True,True,False,False,False,True,False,639.0,,False,True,False,0.2906156051291582,
WO_INV_0629,PPG2000:90+PPG400:10,1.9,33.28325,7.3469662956,0.7030709839,10.4498215173,0.8617688677,0.0615766038,True,0.24971817538963073,0.0,90.0,10.0,0.0,0.16515902818294578,0.12915386812395016,67.72171624954643,True,False,True,True,True,False,False,False,True,False,618.0,,False,True,False,0.2814408035731445,
WO_INV_0758,PPG2000:80+PPG700:20,2.0,34.32,7.4820125702,0.6951741364,10.762789032,0.8056452162,0.0597806469,True,0.25550923168552714,0.0,80.0,0.0,20.0,0.1711554702862949,0.14044935751581736,68.57336073139955,True,False,True,True,True,False,False,False,True,False,627.0,,False,True,False,0.2868254088981131,
WO_INV_0905,PPG400:80+PPG700:20,2.3,131.56,1.1894953622,0.1695111357,7.0172107412,0.7168884704,0.0569404311,True,0.5681464847123856,0.0,0.0,80.0,20.0,0.38019383262178646,0.057744806773834735,56.22923616927535,True,False,True,True,True,False,False,True,True,False,855.0,,False,True,False,0.5129540749149225,
WO_INV_0216,PPG1000:10+PPG400:90,2.2,129.37925000000004,1.1802097378,0.1717819155,6.8703957254,0.7092602821,0.056696329,True,0.5640407752662894,10.0,0.0,90.0,0.0,0.38008843160713157,0.07105192393275502,55.61902389750682,True,False,True,True,True,False,False,False,True,False,854.0,,False,True,False,0.5140096317920282,
WO_INV_0891,PPG400:70+PPG700:30,2.5,136.29687500000003,1.212870532,0.1648640399,7.3567924976,0.7808106388,0.0589859404,True,0.5768035442703168,0.0,0.0,70.0,30.0,0.3798966503776072,0.02994731838558584,57.59309402509836,True,False,True,True,True,False,False,True,True,False,853.0,,False,True,False,0.5137346884019872,
WO_INV_0919,PPG400:90+PPG700:10,2.1,125.750625,1.1675527539,0.174508442,6.6905230527,0.7393860146,0.0576603525,True,0.5570333415466734,0.0,0.0,90.0,10.0,0.381030603613883,0.08679930346196225,54.85338634779527,True,False,True,True,True,False,False,False,True,False,856.0,,False,True,False,0.519971127495761,
WO_INV_0080,PPG1000:10+PPG2000:90,3.0,41.291250000000005,7.5758887077,0.5771635172,13.1260699652,1.1539560861,0.0709265948,False,0.2922420885935966,10.0,90.0,0.0,0.0,0.1748721139676529,-0.009650968851576817,74.30217114994836,True,False,True,True,False,False,True,False,False,False,634.0,,False,False,False,0.33061714082697197,
WO_INV_0780,PPG2000:90+PPG700:10,2.6,38.57425,7.6508240413,0.6293042685,12.1575912062,0.9646055184,0.0648673766,True,0.2783652085434343,0.0,90.0,0.0,10.0,0.1765780185687058,0.06699559214164205,72.09017504894054,True,False,True,True,True,False,False,False,True,False,637.0,,False,True,False,0.31345019549211334,
WO_INV_0117,PPG1000:40+PPG2000:60,1.9,33.28325,7.4790920839,0.7089101362,10.5501271633,0.8167688677,0.0601366038,True,0.24971817538963073,40.0,60.0,0.0,0.0,0.17274574681254878,0.12088295641855862,67.99741330476344,True,False,True,True,True,False,False,False,True,False,630.0,,False,True,False,0.288149655532252,
WO_INV_0877,PPG400:60+PPG700:40,2.7,139.96125,1.2388512408,0.1606265654,7.7126173828,0.843543517,0.0609933925,True,0.5832660481640265,0.0,0.0,60.0,40.0,0.37955606236431455,0.003908386049102272,58.95624037910262,True,False,True,True,True,False,False,True,True,False,852.0,,False,True,False,0.513935564567599,
WO_INV_0235,PPG1000:20+PPG400:80,2.5,137.63750000000002,1.2126282343,0.16421435,7.3844230691,0.8081176315,0.0598597642,True,0.5791909946872863,20.0,0.0,80.0,0.0,0.3812439470186033,0.025998771388573472,57.70128193600917,True,False,True,True,True,False,False,True,True,False,857.0,,False,True,False,0.5172043816141136,
WO_INV_0863,PPG400:50+PPG700:50,2.9,142.553125,1.2683252775,0.1568318675,8.0871655591,0.9049607241,0.0629587432,True,0.5877191852300399,0.0,0.0,50.0,50.0,0.37879755113620855,-0.01999949136013808,60.32478706541566,True,False,True,False,True,False,False,True,True,False,851.0,,False,True,False,0.5130846699489549,
WO_INV_0091,PPG1000:20+PPG2000:80,2.5,37.5375,7.7919477541,0.6495297511,11.9962907633,0.8924738852,0.0625591643,True,0.27292556575479415,20.0,80.0,0.0,0.0,0.18499052514946246,0.08035185851406679,71.70471732155228,True,False,True,True,True,False,False,False,True,False,647.0,,False,True,False,0.3173864810926902,
WO_INV_0037,PPG400:100,1.9,118.86875,1.1432668915,0.1795949728,6.3658067581,0.8258979426,0.0604287342,True,0.5431051714783404,0.0,0.0,100.0,0.0,0.38447868101897703,0.059181503861657755,53.41758546512381,True,False,True,True,True,False,False,False,True,False,861.0,,False,True,False,0.5359116484537634,
WO_INV_0254,PPG1000:30+PPG400:70,2.8,143.6435,1.2484951165,0.157418316,7.931066398,0.9046866027,0.0629499713,True,0.5895642608975818,30.0,0.0,70.0,0.0,0.3835760923956411,-0.016267120073882903,59.76228849902169,True,False,True,False,True,False,False,True,True,False,859.0,,False,True,False,0.5206301675143318,
WO_INV_0130,PPG1000:50+PPG2000:50,1.6,30.030000000000005,7.3546616424,0.7442489647,9.8819910958,0.914135744,0.0632523438,True,0.23094670460662928,50.0,50.0,0.0,0.0,0.17227272462525842,0.07223611883783938,66.10929991301761,True,False,True,True,True,False,False,False,True,False,629.0,,False,True,False,0.28940041689819673,
WO_INV_0737,PPG2000:70+PPG700:30,1.5,29.225625000000004,7.245548581,0.7488821526,9.6751518989,0.9620243345,0.0647847787,True,0.22615967227862124,0.0,70.0,0.0,30.0,0.1679676549177361,0.06603009618276004,65.49882853763128,True,False,True,True,True,False,False,False,True,False,625.0,,False,True,False,0.28565621392547574,
WO_INV_0506,PPG2000:10+PPG400:90,2.4,138.138,1.1992777931,0.1650741207,7.2650866663,0.8611983589,0.0615583475,True,0.5800754184548456,0.0,10.0,90.0,0.0,0.38446316315455503,0.031220774162925624,57.23108354427541,True,False,True,True,True,False,False,True,True,False,860.0,,False,True,False,0.5269639960041821,
WO_INV_0079,PPG1000:10+PPG2000:90,2.9,39.914875,7.7765321803,0.6007180071,12.9453954899,1.1102060861,0.0695265948,False,0.28527971025239457,10.0,90.0,0.0,0.0,0.18516935575297033,0.0042091931681395595,73.90217115336229,True,False,True,True,True,False,False,False,False,False,648.0,,False,False,False,0.33957630787308757,
WO_INV_0526,PPG2000:20+PPG400:80,2.8,147.147,1.2693222837,0.157132737,8.0780256762,0.9915211633,0.0657286772,True,0.5953825051487576,0.0,20.0,80.0,0.0,0.37778360414153395,-0.018082908485596905,60.29215221360523,True,False,True,False,True,False,False,True,True,False,850.0,,False,True,False,0.5190460440078362,
WO_INV_0779,PPG2000:90+PPG700:10,2.5,37.090625,7.8534521372,0.6549866629,11.9902474073,0.9208555184,0.0634673766,True,0.2705555175636555,0.0,90.0,0.0,10.0,0.18867808278636863,0.08085575416460954,71.69017504872379,True,False,True,True,True,False,False,False,True,False,656.0,,False,True,False,0.3241810452758908,
WO_INV_0103,PPG1000:30+PPG2000:70,2.1,34.159125,7.8253000355,0.704987381,11.0999150427,0.765664071,0.0585012503,True,0.2546164862062122,30.0,70.0,0.0,0.0,0.19055197646624297,0.1264318243066331,69.46347239535216,True,False,True,True,True,False,False,False,True,False,658.0,,False,True,False,0.3094235708259423,
WO_INV_0920,PPG400:90+PPG700:10,2.2,131.73875,1.1374285502,0.1676658681,6.783900404,0.6956360146,0.0562603525,True,0.5684795917816938,0.0,0.0,90.0,10.0,0.4046322037839608,0.04679930336339867,55.25338634910274,True,False,True,True,True,False,False,False,True,False,870.0,,False,True,False,0.5416040998362481,
WO_INV_0628,PPG2000:90+PPG400:10,1.8,31.53150000000001,7.5415468772,0.7317638551,10.3059844035,0.9055188677,0.0629766038,True,0.23972584513975748,0.0,90.0,10.0,0.0,0.17932340085274617,0.08915386807634339,67.32171624823148,True,False,True,True,True,False,False,False,True,False,642.0,,False,True,False,0.3008795289637134,
WO_INV_0757,PPG2000:80+PPG700:20,1.9,32.604,7.6801697821,0.7235447311,10.6146440605,0.8493952162,0.0611806469,True,0.24587493589936957,0.0,80.0,0.0,20.0,0.18517472105379448,0.10044935752274006,68.17336073145954,True,False,True,True,True,False,False,False,True,False,649.0,,False,True,False,0.3061090906847399,
WO_INV_0906,PPG400:80+PPG700:20,2.4,137.28,1.158805014,0.162864509,7.1151475612,0.7606384704,0.0583404311,True,0.5785569790964261,0.0,0.0,80.0,20.0,0.4042994942831972,0.017744806778277857,56.6292361682939,True,False,True,True,True,False,False,True,True,False,867.0,,False,True,False,0.5427608502448273,
WO_INV_0217,PPG1000:10+PPG400:90,2.3,135.260125,1.1497589695,0.1650462502,6.9662834983,0.7530102821,0.058096329,True,0.5749385919097,10.0,0.0,90.0,0.0,0.40396003080533294,0.03105192363128337,56.01902390817817,True,False,True,True,True,False,False,False,True,False,864.0,,False,True,False,0.5436148695590567,
WO_INV_0892,PPG400:70+PPG700:30,2.6,141.74875000000003,1.1815770775,0.1583996284,7.4594687446,0.8245606388,0.0603859404,True,0.5863473957983237,0.0,0.0,70.0,30.0,0.4044769367379796,-0.010052681815849274,57.9930940291064,True,False,True,False,True,False,False,True,True,False,868.0,,False,True,False,0.5440139165738814,
WO_INV_0090,PPG1000:20+PPG2000:80,2.4,36.036,7.9983134382,0.6760375631,11.8311671928,0.8487238852,0.0611591643,True,0.26490046752330265,20.0,80.0,0.0,0.0,0.1978179672294058,0.09421202053430575,71.30471732168756,True,False,True,True,True,False,False,False,True,False,669.0,,False,True,False,0.3287782496607351,
WO_INV_0116,PPG1000:40+PPG2000:60,1.8,31.53150000000001,7.6771719482,0.7378413077,10.4049093871,0.8605188677,0.0615366038,True,0.23972584513975748,40.0,60.0,0.0,0.0,0.18716072582709406,0.08088295640656888,67.59741330413046,True,False,True,True,True,False,False,False,True,False,653.0,,False,True,False,0.30782170672554693,
WO_INV_0038,PPG400:100,2.0,125.125,1.113769291,0.1725529532,6.4546521547,0.7821479426,0.0590287342,True,0.5558023320377568,0.0,0.0,100.0,0.0,0.4075939120909734,0.07304166588811328,53.817585462668816,True,False,True,True,True,False,False,False,True,False,873.0,,False,True,False,0.5569925055940862,
WO_INV_0878,PPG400:60+PPG700:40,2.8,145.14499999999998,1.2068874542,0.1543283077,7.8202597564,0.887293517,0.0623933925,True,0.5920781578249608,0.0,0.0,60.0,40.0,0.4045672123144737,-0.036091613844824934,59.35624037577323,True,False,True,False,True,False,False,True,True,False,869.0,,False,True,False,0.5446373881292828,
WO_INV_0078,PPG1000:10+PPG2000:90,2.8,38.5385,7.9824895909,0.6252337741,12.7672079179,1.0664560861,0.0681265948,False,0.27817898995586066,10.0,90.0,0.0,0.0,0.1964003745524271,0.018069355183753244,73.50217115047104,True,False,True,True,True,False,False,False,False,False,666.0,,False,False,False,0.3493993338023937,
WO_INV_0236,PPG1000:20+PPG400:80,2.6,143.14300000000003,1.1813410314,0.1577754132,7.4874849466,0.8518676315,0.0612597642,True,0.5887193955820238,20.0,0.0,80.0,0.0,0.4059053827179264,-0.014001228847605938,58.10128194201427,True,False,True,False,True,False,False,True,True,False,871.0,,False,True,False,0.5476045268595953,
WO_INV_0864,PPG400:50+PPG700:50,3.0,147.46875,1.2356010269,0.150682402,8.2000353741,0.9487107241,0.0643587432,True,0.5959085743149387,0.0,0.0,50.0,50.0,0.4041855293521307,-0.05999949146988198,60.72478706924483,True,False,True,False,True,False,False,True,True,False,866.0,,False,True,False,0.5453852882701007,
WO_INV_0778,PPG2000:90+PPG700:10,2.4,35.60699999999999,8.0614467329,0.6817171757,11.8252070209,0.8771055184,0.0620673766,True,0.26257494082163896,0.0,90.0,0.0,10.0,0.2017119239938275,0.09471591618393256,71.29017504865234,True,False,True,True,True,False,False,False,True,False,675.0,,False,True,False,0.3357757539061361,
WO_INV_0255,PPG1000:30+PPG400:70,2.9,148.77362499999998,1.2162825068,0.1512458555,8.0417575902,0.9484366027,0.0643499713,True,0.5980281269768851,30.0,0.0,70.0,0.0,0.40896123484833125,-0.05626712035120085,60.16228850634883,True,False,True,False,True,False,False,True,True,False,874.0,,False,True,False,0.5517513241670499,
WO_INV_0129,PPG1000:50+PPG2000:50,1.5,28.153125000000003,7.5494460312,0.7746223412,9.7459699135,0.957885744,0.0646523438,True,0.21968348411324348,50.0,50.0,0.0,0.0,0.1875983623267989,0.03223611876204839,65.70929991066723,True,False,True,True,True,False,False,False,True,False,654.0,,False,True,False,0.3100190861598222,
WO_INV_0507,PPG2000:10+PPG400:90,2.5,143.89375,1.168335047,0.1586014718,7.3664830062,0.9049483589,0.0629583475,True,0.5899853932296338,0.0,10.0,90.0,0.0,0.4090697826327243,-0.008779226126579125,57.6310835534195,True,False,True,False,True,False,False,True,True,False,875.0,,False,True,False,0.5574412805636376,
WO_INV_0527,PPG2000:20+PPG400:80,2.9,152.40225,1.2365723092,0.1509714742,8.190767929,1.0352711633,0.0671286772,False,0.6038070183605733,0.0,20.0,80.0,0.0,0.4031290028029015,-0.058082908847913596,60.69215222487322,True,False,True,False,True,False,False,True,False,False,863.0,,False,False,False,0.5512320702422178,
WO_INV_0102,PPG1000:30+PPG2000:70,2.0,32.5325,8.0325490375,0.7337584618,10.9471296827,0.809414071,0.0599012503,True,0.2454680927319714,30.0,70.0,0.0,0.0,0.20506382670721884,0.0864318243263591,69.06347239617048,True,False,True,True,True,False,False,False,True,False,679.0,,False,True,False,0.329282271657844,
WO_INV_0089,PPG1000:20+PPG2000:80,2.3,34.534499999999994,8.2101446102,0.7036271795,11.6683164744,0.8049738852,0.0597591643,True,0.2566962377680075,20.0,80.0,0.0,0.0,0.21157918631911274,0.10807218254655157,70.90471731920832,True,False,True,True,True,False,False,False,True,False,688.0,,False,True,False,0.3410338771008017,
WO_INV_0921,PPG400:90+PPG700:10,2.3,137.726875,1.1080815857,0.1610915954,6.8785809911,0.7393860146,0.0576603525,True,0.5793492006320279,0.0,0.0,90.0,10.0,0.4291675808170573,0.006799303507500578,55.65338634608024,True,False,True,True,True,False,False,False,True,False,878.0,,False,True,False,0.5719564449367598,
WO_INV_0077,PPG1000:10+PPG2000:90,2.7,37.162125,8.1939016765,0.6507500484,12.5914730179,1.0227060861,0.0667265948,False,0.27093576306141365,10.0,90.0,0.0,0.0,0.20856517030993266,0.03192951721021485,73.10217115381684,True,False,True,True,True,False,False,False,False,False,682.0,,False,False,False,0.36008621853273254,
WO_INV_0627,PPG2000:90+PPG400:10,1.7,29.779750000000003,7.7412808243,0.7616277045,10.1641271431,0.9492688677,0.0643766038,True,0.22946376457035864,0.0,90.0,10.0,0.0,0.19442155048398377,0.049153868145455505,66.9217162502351,True,False,True,True,True,False,False,False,True,False,663.0,,False,True,False,0.3213689894527995,
WO_INV_0039,PPG400:100,2.1,131.38125,1.0850327626,0.1657870551,6.5447375361,0.7383979426,0.0576287342,True,0.5678128629696658,0.0,0.0,100.0,0.0,0.4316429201962201,0.03553034902728694,54.21758546906738,True,False,True,True,True,False,False,False,True,False,885.0,,False,True,False,0.5789372216329812,
WO_INV_0756,PPG2000:80+PPG700:20,1.8,30.888000000000005,7.8835750847,0.7530731517,10.4685382382,0.8931452162,0.0625806469,True,0.2359880202921582,0.0,80.0,0.0,20.0,0.2001277487978676,0.06044935757454689,67.77336073279479,True,False,True,True,True,False,False,False,True,False,670.0,,False,True,False,0.3264435075897555,
WO_INV_0907,PPG400:80+PPG700:20,2.5,143.00000000000003,1.1289065121,0.1564785003,7.2144512521,0.8043884704,0.0597404311,True,0.5884773662551441,0.0,0.0,80.0,20.0,0.4293389328275434,-0.02225519296563898,57.029236160668894,True,False,True,False,True,False,False,True,True,False,880.0,,False,True,False,0.5736183605869324,
WO_INV_0218,PPG1000:10+PPG400:90,2.4,141.14100000000002,1.1200938659,0.1585746942,7.0635095442,0.7967602821,0.059496329,True,0.5853048631298701,10.0,0.0,90.0,0.0,0.4287654068532907,-0.008948076140760907,56.41902390006706,True,False,True,False,True,False,False,True,True,False,877.0,,False,True,False,0.5742708422993447,
WO_INV_0893,PPG400:70+PPG700:30,2.7,147.20062500000003,1.1510910302,0.1521886902,7.5635780089,0.8683106388,0.0617859404,True,0.595470278442864,0.0,0.0,70.0,30.0,0.4299909998115482,-0.05005268137148245,58.39309401666093,True,False,True,False,True,False,False,True,True,False,882.0,,False,True,False,0.5753438795666223,
WO_INV_0115,PPG1000:40+PPG2000:60,1.7,29.779750000000003,7.8804978548,0.7679531827,10.2616904687,0.9042688677,0.0629366038,True,0.22946376457035864,40.0,60.0,0.0,0.0,0.20250948183177608,0.04088295640443484,67.19741330417199,True,False,True,True,True,False,False,False,True,False,676.0,,False,True,False,0.3285444930548612,
WO_INV_0777,PPG2000:90+PPG700:10,2.3,34.123375,8.2749499573,0.7095385815,11.6624383415,0.8333555184,0.0606673766,True,0.254417807485086,0.0,90.0,0.0,10.0,0.21567954220924762,0.10857607820451544,70.89017504540618,True,False,True,True,True,False,False,False,True,False,693.0,,False,True,False,0.34823432140574306,
WO_INV_0032,PPG2000:100,3.0,37.53750000000001,8.3463310084,0.6267915144,13.3159604384,1.1257639163,0.0700244453,False,0.27292556575479415,0.0,100.0,0.0,0.0,0.21855669793703783,-0.024013991264551414,74.71668354577301,True,False,True,True,False,False,False,False,False,False,697.0,,False,False,False,0.384596766097102,
WO_INV_0879,PPG400:60+PPG700:40,2.9,150.32875,1.1757483701,0.1482770082,7.9294044581,0.931043517,0.0637933925,True,0.6005253092183779,0.0,0.0,60.0,40.0,0.43051213927391646,-0.07609161384759103,59.756240376805515,True,False,True,False,True,False,False,True,True,False,883.0,,False,True,False,0.5763899468457887,
WO_INV_0237,PPG1000:20+PPG400:80,2.7,148.6485,1.1508610744,0.1515889508,7.5919852235,0.8956176315,0.0626597642,True,0.5978258465263213,20.0,0.0,80.0,0.0,0.43150059518782613,-0.054001228586729656,58.501281935847025,True,False,True,False,True,False,False,True,True,False,884.0,,False,True,False,0.5790554069910726,
WO_INV_0076,PPG1000:10+PPG2000:90,2.6,35.78575000000001,8.4109129012,0.6773076617,12.4181570302,0.9789560861,0.0653265948,True,0.2635456960689911,10.0,90.0,0.0,0.0,0.22166374307501904,0.04578967922916306,72.70217115299411,True,False,True,True,True,False,False,False,True,False,704.0,,False,True,False,0.37163696213514097,
WO_INV_0088,PPG1000:20+PPG2000:80,2.2,33.033,8.4275860205,0.7323427494,11.5077073231,0.7612238852,0.0583591643,True,0.24830681109198469,20.0,80.0,0.0,0.0,0.22627418236181449,0.08836308641005255,70.50471732052522,True,False,True,True,True,False,False,False,True,False,707.0,,False,True,False,0.35415336334007835,
WO_INV_0256,PPG1000:30+PPG400:70,3.0,153.90375,1.1849010195,0.1453154207,8.1539936616,0.9921866027,0.0657499713,True,0.6061499682458412,30.0,0.0,70.0,0.0,0.43528015411950277,-0.09626712021328228,60.562288502354285,True,False,True,False,True,False,False,True,True,False,887.0,,False,True,False,0.5839232157591137,
WO_INV_0508,PPG2000:10+PPG400:90,2.6,149.64950000000002,1.1381906593,0.1523826192,7.4692945003,0.9486983589,0.0643583475,True,0.5994384126545417,0.0,10.0,90.0,0.0,0.43461017885160563,-0.048779225729256886,58.03108354197758,True,False,True,False,True,False,False,True,True,False,886.0,,False,True,False,0.5889692999714541,
WO_INV_0040,PPG400:100,2.2,137.63750000000002,1.0570376696,0.1592864517,6.6360802086,0.6946479426,0.0562287342,True,0.5791909946872863,0.0,0.0,100.0,0.0,0.4566257052312638,-0.00446965089891081,54.61758546619314,True,False,True,False,True,False,False,False,True,False,893.0,,False,True,False,0.6017457964466255,
WO_INV_0101,PPG1000:30+PPG2000:70,1.9,30.905875,8.2452869214,0.7637037127,10.7964473446,0.853164071,0.0613012503,True,0.23609234497687748,30.0,70.0,0.0,0.0,0.22050945393274732,0.04643182432148004,68.6634723957853,True,False,True,True,True,False,False,False,True,False,701.0,,False,True,False,0.350191707617358,
WO_INV_0528,PPG2000:20+PPG400:80,3.0,157.65750000000003,1.2046673217,0.145051798,8.3050836869,1.0790211633,0.0685286772,False,0.6118878744069162,0.0,20.0,80.0,0.0,0.4294081783837013,-0.09808290901762838,61.092152230559876,True,False,True,False,True,False,False,True,False,False,881.0,,False,False,False,0.5867625076925299,
WO_INV_0922,PPG400:90+PPG700:10,2.4,143.715,1.0794918066,0.1547751036,6.974583003,0.7831360146,0.0590603525,True,0.5896846726709476,0.0,0.0,90.0,10.0,0.4546367348892285,-0.03320069647000865,56.05338634577742,True,False,True,False,True,False,False,False,True,False,890.0,,False,True,False,0.6033595252264032,
WO_INV_0031,PPG2000:100,2.9,36.28625,8.5673792447,0.6523713613,13.1326722058,1.0820139163,0.0686244453,False,0.2662502636913115,0.0,100.0,0.0,0.0,0.23097851455254403,-0.010153829247260078,74.31668354846157,True,False,True,True,False,False,False,False,False,False,715.0,,False,False,False,0.39541254557701794,
WO_INV_0776,PPG2000:90+PPG700:10,2.2,32.63975,8.4941077036,0.7384954003,11.5019101001,0.7896055184,0.0592673766,True,0.246078193000213,0.0,90.0,0.0,10.0,0.23058093738428898,0.07999685415190855,70.4901750466911,True,False,True,True,True,False,False,False,True,False,713.0,,False,True,False,0.36155674771290364,
WO_INV_0755,PPG2000:80+PPG700:20,1.7,29.172,8.092367471,0.78380665,10.3244434971,0.9368952162,0.0639806469,True,0.22583841699439508,0.0,80.0,0.0,20.0,0.21601455352738672,0.020449357631166475,67.37336073441777,True,False,True,True,True,False,False,False,True,False,694.0,,False,True,False,0.34782865962416176,
WO_INV_0626,PPG2000:90+PPG400:10,1.6,28.02800000000001,7.9463046211,0.7927103208,10.0242224845,0.9930188677,0.0657766038,True,0.2189208610616428,0.0,90.0,10.0,0.0,0.2104534771263756,0.009153868103846769,66.52171624897674,True,False,True,True,True,False,False,False,True,False,686.0,,False,True,False,0.3429091851048137,
WO_INV_0908,PPG400:80+PPG700:20,2.6,148.72,1.0997794259,0.1503428905,7.3151408908,0.8481384704,0.0611404311,True,0.5979414602766163,0.0,0.0,80.0,20.0,0.45531214857409125,-0.06225519324921506,57.42923616782964,True,False,True,False,True,False,False,True,True,False,891.0,,False,True,False,0.6055266063048297,
WO_INV_0219,PPG1000:10+PPG400:90,2.5,147.021875,1.0911941562,0.1523568915,7.1620925408,0.8405102821,0.060896329,True,0.5951775525952914,10.0,0.0,90.0,0.0,0.4545045599362118,-0.04894807616812536,56.81902390231769,True,False,True,False,True,False,False,True,True,False,889.0,,False,True,False,0.6059775502279805,
WO_INV_0114,PPG1000:40+PPG2000:60,1.6,28.02800000000001,8.0892087423,0.7992939466,10.1204428945,0.9480188677,0.0643366038,True,0.2189208610616428,40.0,60.0,0.0,0.0,0.21879201481340751,0.0008829564413368276,66.79741330534583,True,False,True,True,True,False,False,False,True,False,698.0,,False,True,False,0.35031801450238387,
WO_INV_0894,PPG400:70+PPG700:30,2.8,152.6525,1.121391558,0.1462212863,7.6691402909,0.9120606388,0.0631859404,True,0.6041994439002187,0.0,0.0,70.0,30.0,0.45643884003429985,-0.0900526813891588,58.793094018157895,True,False,True,False,True,False,False,True,True,False,892.0,,False,True,False,0.6077245778736209,
WO_INV_0075,PPG1000:10+PPG2000:90,2.5,34.409375000000004,8.6336715553,0.7049491118,12.2472266595,0.9352060861,0.0639265948,True,0.25600427797540165,10.0,90.0,0.0,0.0,0.23569609283779225,0.059649841244906715,72.30217115044236,True,False,True,True,True,False,False,False,True,False,722.0,,False,True,False,0.384051564594203,
WO_INV_0238,PPG1000:20+PPG400:80,2.8,154.154,1.1211675353,0.145645063,7.6979439753,0.9393676315,0.0640597642,True,0.6065377684396075,20.0,0.0,80.0,0.0,0.45802958481282746,-0.09400122872968765,58.90128194034019,True,False,True,False,True,False,False,True,True,False,895.0,,False,True,False,0.6115570224436748,
WO_INV_0880,PPG400:60+PPG700:40,3.0,155.51250000000002,1.1454127101,0.1424629836,8.0400724551,0.974793517,0.0651933925,True,0.6086297147889047,0.0,0.0,60.0,40.0,0.457390843095226,-0.11609161348021438,60.15624036523713,True,False,True,False,True,False,False,True,True,False,894.0,,False,True,False,0.6091932405528608,
WO_INV_0030,PPG2000:100,2.8,35.035,8.7942818286,0.6789951416,12.9519068536,1.0382639163,0.0672244453,False,0.25945125337875363,0.0,100.0,0.0,0.0,0.24433410816429285,0.0037063327735822123,73.91668354921751,True,False,True,True,True,False,False,False,False,False,732.0,,False,False,False,0.4070921839128448,
WO_INV_0087,PPG1000:20+PPG2000:80,2.1,31.5315,8.6507862535,0.762230224,11.3493088849,0.8049738852,0.0597591643,True,0.23972584513975742,20.0,80.0,0.0,0.0,0.24190295540947188,0.0483630863801353,70.10471731957009,True,False,True,True,True,False,False,False,True,False,730.0,,False,True,False,0.3753460643425179,
WO_INV_0041,PPG400:100,2.3,143.89374999999998,1.0297648822,0.1530407406,6.7286977197,0.7383979426,0.0576287342,True,0.5899853932296337,0.0,0.0,100.0,0.0,0.4825422672593477,-0.04446965085582828,55.017585464425814,True,False,True,False,True,False,False,False,True,False,901.0,,False,True,False,0.6336827986764382,
WO_INV_0509,PPG2000:10+PPG400:90,2.7,155.40525000000002,1.1088240315,0.1464076112,7.5735408994,0.9924483589,0.0657583475,True,0.6084653702302517,0.0,10.0,90.0,0.0,0.46108435229501205,-0.08877922598696236,58.43108355031982,True,False,True,False,True,False,False,True,True,False,896.0,,False,True,False,0.6215480547827897,
WO_INV_0100,PPG1000:30+PPG2000:70,1.8,29.27925,8.4636590576,0.7948710525,10.6478390815,0.896914071,0.0627012503,True,0.22648066104962708,30.0,70.0,0.0,0.0,0.2368888581572324,0.006431824282339519,68.26347239468438,True,False,True,True,True,False,False,False,True,False,724.0,,False,True,False,0.3721518787233377,
WO_INV_0923,PPG400:90+PPG700:10,2.5,149.703125,1.0516396767,0.1487062849,7.0719248822,0.8268860146,0.0604603525,True,0.5995244352668794,0.0,0.0,90.0,10.0,0.4810396661662865,-0.07320069702537652,56.453386362801275,True,False,True,False,True,False,False,True,True,False,898.0,,False,True,False,0.6358133408954234,
WO_INV_0775,PPG2000:90+PPG700:10,2.1,31.156125,8.7190697288,0.7686339693,11.3435914581,0.8333555184,0.0606673766,True,0.2375499047413912,0.0,90.0,0.0,10.0,0.24641610954608878,0.03999685418282136,70.09017504754975,True,False,True,True,True,False,False,False,True,False,735.0,,False,True,False,0.3830199223723467,
WO_INV_0074,PPG1000:10+PPG2000:90,2.4,33.033,8.8623298566,0.7337186308,12.0786490688,0.8914560861,0.0625265948,True,0.24830681109198469,10.0,90.0,0.0,0.0,0.2506622195705287,0.07351000326151819,71.90217115136764,True,False,True,True,True,False,False,False,True,False,740.0,,False,True,False,0.397330025873246,
WO_INV_0754,PPG2000:80+PPG700:20,1.6,27.456000000000003,8.3066896151,0.8157944063,10.1823321556,0.9806452162,0.0653806469,True,0.21541551594275674,0.0,80.0,0.0,20.0,0.232835135286365,-0.019550642486948596,66.97336073110361,True,False,True,False,True,False,False,False,True,False,717.0,,False,True,False,0.3702645468424244,
WO_INV_0625,PPG2000:90+PPG400:10,1.5,26.27625,8.1567583666,0.8250614427,9.8862435508,1.0367688677,0.0671766038,False,0.20808544758020608,0.0,90.0,10.0,0.0,0.22741918074752357,-0.030846131893554122,66.12171624922,True,False,True,False,True,False,False,False,False,False,711.0,,False,False,False,0.3655001158769588,
WO_INV_0220,PPG1000:10+PPG400:90,2.6,152.90275000000003,1.0630400921,0.1463828923,7.2620514268,0.8842602821,0.062296329,True,0.6045910928212525,10.0,0.0,90.0,0.0,0.481177490150127,-0.0889480764091122,57.2190239069027,True,False,True,False,True,False,False,True,True,False,899.0,,False,True,False,0.6387349934491504,
WO_INV_0909,PPG400:80+PPG700:20,2.7,154.44000000000003,1.0714038521,0.1444478614,7.4172358205,0.8918884704,0.0625404311,True,0.606980034585757,0.0,0.0,80.0,20.0,0.4822191412915706,-0.10225519355405961,57.829236177794165,True,False,True,False,True,False,False,True,True,False,900.0,,False,True,False,0.6384855871355637,
WO_INV_0113,PPG1000:40+PPG2000:60,1.5,26.27625,8.3034472291,0.8319137513,9.98113953,0.9917688677,0.0657366038,True,0.20808544758020608,40.0,60.0,0.0,0.0,0.23600832476940425,-0.039117043476881455,66.39741330775526,True,False,True,False,True,False,False,False,True,False,723.0,,False,True,False,0.3731422710667916,
WO_INV_0029,PPG2000:100,2.7,33.783750000000005,9.0271938094,0.706705459,12.7736296556,0.9945139163,0.0658244453,True,0.25252506376895556,0.0,100.0,0.0,0.0,0.25862347876572356,0.017566494788760833,73.51668354926025,True,False,True,True,True,False,False,False,True,False,750.0,,False,True,False,0.41963568109576227,
WO_INV_0895,PPG400:70+PPG700:30,2.9,158.104375,1.0924583663,0.1404878676,7.7761758696,0.9558106388,0.0645859404,True,0.612559841343255,0.0,0.0,70.0,30.0,0.4838204574172772,-0.1300526817899641,59.19309402982158,True,False,True,False,True,False,False,True,True,False,902.0,,False,True,False,0.6411560115098655,
WO_INV_0239,PPG1000:20+PPG400:80,2.9,159.6595,1.0922401236,0.1399342384,7.8053815572,0.9831176315,0.0654597642,True,0.6148802566437971,20.0,0.0,80.0,0.0,0.4854923513758565,-0.13400122869449108,59.30128193827778,True,False,True,False,True,False,False,True,True,False,903.0,,False,True,False,0.6451093729730506,
WO_INV_0086,PPG1000:20+PPG2000:80,2.0,30.03,8.8798978287,0.7933374296,11.1930907302,0.8487238852,0.0611591643,True,0.23094670460662925,20.0,80.0,0.0,0.0,0.2584655054546349,0.00836308632250215,69.70471731815289,True,False,True,True,True,False,False,False,True,False,749.0,,False,True,False,0.39758950048820463,
WO_INV_0073,PPG1000:10+PPG2000:90,2.3,31.656625,9.097044054,0.7636622562,11.9123918731,0.8477060861,0.0611265948,True,0.24044840128630063,10.0,90.0,0.0,0.0,0.26656212330146684,0.04648610928114855,71.50217114981652,True,False,True,True,True,False,False,False,True,False,758.0,,False,True,False,0.4114723460092488,
WO_INV_0042,PPG400:100,2.4,150.15,1.0031957641,0.1470399273,6.8226078618,0.7821479426,0.0590287342,True,0.6002398560863482,0.0,0.0,100.0,0.0,0.509392606357848,-0.08446965104985832,55.41758547016757,True,False,True,False,True,False,False,False,True,False,908.0,,False,True,False,0.6666705361326208,
WO_INV_0510,PPG2000:10+PPG400:90,2.8,161.161,1.0802150964,0.1406668867,7.67924223,1.0361983589,0.0671583475,False,0.6170944359992495,0.0,10.0,90.0,0.0,0.48849230251106157,-0.12877922564913874,58.83108353972455,True,False,True,False,True,False,False,True,False,False,904.0,,False,False,False,0.6551775444801127,
WO_INV_0099,PPG1000:30+PPG2000:70,1.7,27.652625,8.6878146663,0.8273103555,10.5012763446,0.940664071,0.0641012503,True,0.21662402163684452,30.0,70.0,0.0,0.0,0.2542020393504258,-0.03356817567457687,67.86347239607566,True,False,True,False,True,False,False,False,True,False,744.0,,False,True,False,0.39516278493808377,
WO_INV_0774,PPG2000:90+PPG700:10,2.0,29.6725,8.9499897563,0.8000025167,11.1874520013,0.8771055184,0.0620673766,True,0.22882646667566367,0.0,90.0,0.0,10.0,0.26318505871569764,-3.145870051659526e-06,69.69017504616212,True,False,True,False,True,False,False,False,True,False,755.0,,False,True,False,0.4055338321885109,
WO_INV_0924,PPG400:90+PPG700:10,2.6,155.69125000000005,1.0245061637,0.1428754281,7.1706253289,0.8706360146,0.0618603525,True,0.6089033160110094,0.0,0.0,90.0,10.0,0.5083763741595437,-0.11320069679788188,56.8533863550313,True,False,True,False,True,False,False,True,True,False,906.0,,False,True,False,0.6693178913874759,
WO_INV_0028,PPG2000:100,2.6,32.5325,9.2662743429,0.735546656,12.5978063633,0.9507639163,0.0644244453,True,0.2454680927319714,0.0,100.0,0.0,0.0,0.2738466263795381,0.031426656811740346,73.11668354566248,True,False,True,True,True,False,False,False,True,False,767.0,,False,True,False,0.43304303715314446,
WO_INV_0753,PPG2000:80+PPG700:20,1.5,25.74,8.5266879697,0.8490876076,10.042176913,1.0243952162,0.0667806469,False,0.20470812788293302,0.0,80.0,0.0,20.0,0.25058949400210395,-0.059550642483506486,66.57336073119598,True,False,True,False,True,False,False,False,False,False,739.0,,False,False,False,0.3937511691538365,
WO_INV_0221,PPG1000:10+PPG400:90,2.7,158.78362500000003,1.0356124354,0.140643137,7.3634054049,0.9280102821,0.063696329,True,0.6135767863982894,10.0,0.0,90.0,0.0,0.5087841971682805,-0.12894807636938008,57.619023908099436,True,False,True,False,True,False,False,True,True,False,907.0,,False,True,False,0.6725431715953736,
WO_INV_0910,PPG400:80+PPG700:20,2.8,160.16,1.0437604007,0.1387839798,7.5207556543,0.9356384704,0.0639404311,True,0.6156211562115622,0.0,0.0,80.0,20.0,0.5100599107117065,-0.142255193130801,58.229236165847844,True,False,True,False,True,False,False,True,True,False,909.0,,False,True,False,0.6724953027759804,
WO_INV_0896,PPG400:70+PPG700:30,3.0,163.55625,1.0642716842,0.1349792596,7.8847053074,0.9995606388,0.0659859404,True,0.6205743555692571,0.0,0.0,70.0,30.0,0.5121358513739398,-0.17005268119068556,59.59309401217477,True,False,True,False,True,False,False,True,True,False,910.0,,False,True,False,0.6756381798087796,
WO_INV_0072,PPG1000:10+PPG2000:90,2.2,30.28025,9.3379745349,0.794827904,11.7484231333,0.8039560861,0.0597265948,True,0.23242394760525867,10.0,90.0,0.0,0.0,0.2833958039823739,0.006486109403222481,71.10217115335092,True,False,True,True,True,False,False,False,True,False,775.0,,False,True,False,0.4264785249426618,
WO_INV_0240,PPG1000:20+PPG400:80,3.0,165.16500000000002,1.0640590724,0.1344473384,7.9143186088,1.0268676315,0.0668597642,False,0.622876322289895,20.0,0.0,80.0,0.0,0.5138888950335936,-0.17400122892166908,59.70128194413987,True,False,True,False,True,False,False,True,False,False,911.0,,False,False,False,0.6797124587564373,
WO_INV_0085,PPG1000:20+PPG2000:80,1.9,28.5285,9.1150773047,0.8257141442,11.0390228485,0.8924738852,0.0625591643,True,0.22196244412717803,20.0,80.0,0.0,0.0,0.2759618324399567,-0.03163691355908476,69.30471732142747,True,False,True,False,True,False,False,False,True,False,770.0,,False,True,False,0.42088367170866997,
WO_INV_0027,PPG2000:100,2.5,31.28125,9.5116868,0.7655648844,12.4244032,0.9070139163,0.0630244453,True,0.2382766008093311,0.0,100.0,0.0,0.0,0.29000355093259206,0.04399775535225512,72.71668354893278,True,False,True,True,True,False,False,False,True,False,781.0,,False,True,False,0.44731425199322683,
WO_INV_0043,PPG400:100,2.5,156.40625,0.9773121598,0.1412744093,6.9178286757,0.8258979426,0.0604287342,True,0.6099939061547837,0.0,0.0,100.0,0.0,0.5371767223202987,-0.1244696509335273,55.817585466977995,True,False,True,False,True,False,False,False,True,False,914.0,,False,True,False,0.7007090085821134,
WO_INV_0098,PPG1000:30+PPG2000:70,1.6,26.026000000000003,8.9179069197,0.8610735316,10.3567309781,0.984414071,0.0655012503,True,0.20651294177391968,30.0,70.0,0.0,0.0,0.2724489975375846,-0.07356817566838121,67.46347239631645,True,False,True,False,True,False,False,False,True,False,765.0,,False,True,False,0.41922442629241935,
WO_INV_0511,PPG2000:10+PPG400:90,2.9,166.91675,1.0523443048,0.1351512591,7.786418798,1.0799483589,0.0685583475,False,0.6253513501869029,0.0,10.0,90.0,0.0,0.5168340300725645,-0.16877922623956157,59.23108355799425,True,False,True,False,True,False,False,True,False,False,912.0,,False,False,False,0.6898577697183915,
WO_INV_0773,PPG2000:90+PPG700:10,1.9,28.188875,9.1870255806,0.8326512387,11.0334617342,0.9208555184,0.0634673766,True,0.21990110296232807,0.0,90.0,0.0,10.0,0.2808877848395696,-0.04000314579512719,69.29017504833509,True,False,True,False,True,False,False,False,True,False,774.0,,False,True,False,0.42909847709601456,
WO_INV_0925,PPG400:90+PPG700:10,2.7,161.67937500000002,0.9980727266,0.1372732024,7.2707033041,0.9143860146,0.0632603525,True,0.6178529545937658,0.0,0.0,90.0,10.0,0.5366468593029593,-0.15320069703716443,57.253386362531145,True,False,True,False,True,False,False,True,True,False,913.0,,False,True,False,0.7038731771959269,
WO_INV_0222,PPG1000:10+PPG400:90,2.8,164.6645,1.0088924437,0.1351284407,7.466173946,0.9717602821,0.065096329,True,0.6221631537285885,10.0,0.0,90.0,0.0,0.5373246812846465,-0.16894807650890195,58.019023912174646,True,False,True,False,True,False,False,True,True,False,915.0,,False,True,False,0.7074020849976231,
WO_INV_0911,PPG400:80+PPG700:20,2.9,165.88000000000002,1.0168301821,0.1333421821,7.6257202792,0.9793884704,0.0653404311,True,0.6238904769068754,0.0,0.0,80.0,20.0,0.5388344573559001,-0.18225519324606348,58.629236168491005,True,False,True,False,True,False,False,True,True,False,916.0,,False,True,False,0.7075557538154907,
WO_INV_0026,PPG2000:100,2.4,30.03,9.7635988784,0.7968081801,12.2533868535,0.8632639163,0.0616244453,True,0.23094670460662925,0.0,100.0,0.0,0.0,0.3070942525163036,0.0039977552604767925,72.31668354631019,True,False,True,True,True,False,False,False,True,False,798.0,,False,True,False,0.4624493257300629,
WO_INV_0071,PPG1000:10+PPG2000:90,2.1,28.903875000000003,9.5852859343,0.8272654462,11.5867113497,0.8477060861,0.0611265948,True,0.2242281312334482,10.0,90.0,0.0,0.0,0.3011632617033204,-0.03351389070320851,70.70217115031483,True,False,True,False,True,False,False,False,True,False,793.0,,False,True,False,0.4501531669693413,
WO_INV_0084,PPG1000:20+PPG2000:80,1.8,27.027,9.3564853869,0.8594121777,10.8870756422,0.9362238852,0.0639591643,True,0.2127657899501681,20.0,80.0,0.0,0.0,0.2943919364474288,-0.07163691357490107,68.90471732108513,True,False,True,False,True,False,False,False,True,False,789.0,,False,True,False,0.44522857810318306,
WO_INV_0044,PPG400:100,2.6,162.6625,0.9520963823,0.1357349605,7.0143784541,0.8696479426,0.0618287342,True,0.6192833008137819,0.0,0.0,100.0,0.0,0.5658946152223884,-0.1644696507708776,56.21758546382203,True,False,True,False,True,False,False,True,True,False,919.0,,False,True,False,0.7357982161096548,
WO_INV_0097,PPG1000:30+PPG2000:70,1.5,24.399375,9.1540930467,0.8962146091,10.2141752139,1.028164071,0.0669012503,False,0.19613744040112743,30.0,70.0,0.0,0.0,0.291629732722902,-0.11356817571170796,67.06347239489648,True,False,True,False,True,False,False,False,False,False,785.0,,False,False,False,0.4443368027921985,
WO_INV_0772,PPG2000:90+PPG700:10,1.8,26.70525,9.4303391754,0.8666323804,10.8815910741,0.9646055184,0.0648673766,True,0.21076672040029912,0.0,90.0,0.0,10.0,0.29952428797102587,-0.08000314581405323,68.89017504768526,True,False,True,False,True,False,False,False,True,False,792.0,,False,True,False,0.4537138571595217,
WO_INV_0512,PPG2000:10+PPG400:90,3.0,172.6725,1.0251926116,0.1298519025,7.8950911929,1.1236983589,0.0699583475,False,0.6332596796523302,0.0,10.0,90.0,0.0,0.5461095341701226,-0.20877922571141616,59.631083541977524,True,False,True,False,True,False,False,True,False,False,917.0,,False,False,False,0.7255887295738468,
WO_INV_0926,PPG400:90+PPG700:10,2.8,167.66750000000002,0.9723213025,0.1318906432,7.3721780335,0.9581360146,0.0646603525,True,0.6264021593955187,0.0,0.0,90.0,10.0,0.5658511211852663,-0.1932006966166597,57.653386348825684,True,False,True,False,True,False,False,True,True,False,918.0,,False,True,False,0.7394791978553732,
WO_INV_0025,PPG2000:100,2.3,28.77875,10.0221827171,0.8293265388,12.0847244705,0.8195139163,0.0602244453,True,0.22347436980091823,0.0,100.0,0.0,0.0,0.32511873105974953,-0.036002244724198815,71.91668354651652,True,False,False,False,True,False,False,False,True,False,814.0,,False,True,False,0.4784482582766939,
WO_INV_0223,PPG1000:10+PPG400:90,2.9,170.545375,0.9828618585,0.1298299788,7.5703767926,1.0155102821,0.066496329,False,0.6303762354096794,10.0,0.0,90.0,0.0,0.5667989421760397,-0.208948076152135,58.41902390158683,True,False,True,False,True,False,False,True,False,False,920.0,,False,False,False,0.7433117332918289,
WO_INV_0912,PPG400:80+PPG700:20,3.0,171.6,0.9905947942,0.1281137604,7.7321498596,1.0231384704,0.0667404311,False,0.6318114874815906,0.0,0.0,80.0,20.0,0.5685427807368658,-0.2222551928964209,59.0292361603969,True,False,True,False,True,False,False,True,False,False,921.0,,False,False,False,0.7436669397042668,
WO_INV_0070,PPG1000:10+PPG2000:90,2.0,27.5275,9.8391472475,0.8610267895,11.4272254564,0.8914560861,0.0625265948,True,0.215855403736449,10.0,90.0,0.0,0.0,0.3198644963791798,-0.07351389067761878,70.30217115108786,True,False,True,False,True,False,False,False,True,False,812.0,,False,True,False,0.4748785440883708,
WO_INV_0083,PPG1000:20+PPG2000:80,1.7,25.5255,9.6042870366,0.8944854541,10.7372199212,0.9799738852,0.0653591643,True,0.2033491202982661,20.0,80.0,0.0,0.0,0.3137558174620646,-0.11163691366176288,68.50471731864756,True,False,True,False,True,False,False,False,True,False,807.0,,False,True,False,0.4706242196535979,
WO_INV_0045,PPG400:100,2.7,168.91875000000002,0.9275312008,0.1304127166,7.1122757449,0.9133979426,0.0632287342,True,0.6281404699374811,0.0,0.0,100.0,0.0,0.5955462851115623,-0.20446965055738417,56.617585457510984,True,False,True,False,True,False,False,True,True,False,922.0,,False,True,False,0.7719381587679709,
WO_INV_0771,PPG2000:90+PPG700:10,1.7,25.221625,9.6800968043,0.9020003188,10.7318108457,1.0083555184,0.0662673766,False,0.2014158896276901,0.0,90.0,0.0,10.0,0.3190945680930897,-0.12000314583144092,68.49017504730844,True,False,True,False,True,False,False,False,False,False,811.0,,False,False,False,0.47937997235902374,
WO_INV_0024,PPG2000:100,2.2,27.527500000000003,10.2876150144,0.8631719969,11.9183836496,0.7757639163,0.0588244453,True,0.21585540373644901,0.0,100.0,0.0,0.0,0.34407698659476726,-0.07600224471641158,71.51668354681246,True,False,False,False,True,False,False,False,True,False,832.0,,False,True,False,0.4953110496709642,
WO_INV_0927,PPG400:90+PPG700:10,2.9,173.655625,0.9472342948,0.1267191371,7.4750690111,1.0018860146,0.0660603525,False,0.6345772172598315,0.0,0.0,90.0,10.0,0.5959891602457059,-0.2332006966921587,58.053386350801325,True,False,True,False,True,False,False,True,False,False,923.0,,False,False,False,0.7761359538625745,
WO_INV_0224,PPG1000:10+PPG400:90,3.0,176.42625,0.9575028923,0.1247392725,7.6760339628,1.0592602821,0.067896329,False,0.6382398560194628,10.0,0.0,90.0,0.0,0.5972069802852328,-0.2489480762836895,58.81902390414451,True,False,True,False,True,False,False,True,False,False,924.0,,False,False,False,0.7802721169785185,
WO_INV_0069,PPG1000:10+PPG2000:90,1.9,26.151125,10.0997319455,0.8961659594,11.2699348151,0.9352060861,0.0639265948,True,0.20729997453451168,10.0,90.0,0.0,0.0,0.3394995080532366,-0.11351389070006836,69.90217115030002,True,False,False,False,True,False,False,False,True,False,829.0,,False,True,False,0.5006546563530482,
WO_INV_0082,PPG1000:20+PPG2000:80,1.6,24.024,9.8586515841,0.9309900979,10.589426897,1.0237238852,0.0667591643,False,0.193704444301103,20.0,80.0,0.0,0.0,0.3340534754111955,-0.15163691356976308,68.10471732129909,True,False,True,False,True,False,False,False,False,False,821.0,,False,False,False,0.49707059627144884,
WO_INV_0046,PPG400:100,2.8,175.17499999999998,0.9035998292,0.1252991608,7.2115393549,0.9571479426,0.0646287342,True,0.636594894158263,0.0,0.0,100.0,0.0,0.6261317322448278,-0.2444696508801706,57.017585465694864,True,False,True,False,True,False,False,True,True,False,925.0,,False,True,False,0.8091288368452227,
WO_INV_0770,PPG2000:90+PPG700:10,1.6,23.738,9.936469134,0.9388116501,10.584092275,1.0521055184,0.0676673766,False,0.19184082496888588,0.0,90.0,0.0,10.0,0.3395986251817326,-0.16000314579734576,68.09017504807679,True,False,True,False,True,False,False,False,False,False,830.0,,False,False,False,0.506096822664893,
WO_INV_0023,PPG2000:100,2.1,26.27625,10.560077148,0.8983987143,11.7543324357,0.8195139163,0.0602244453,True,0.20808544758020608,0.0,100.0,0.0,0.0,0.3639690191000888,-0.11600224465554915,71.11668354848194,True,False,False,False,True,False,False,False,True,False,849.0,,False,True,False,0.521318018033332,
WO_INV_0928,PPG400:90+PPG700:10,3.0,179.64375,0.9227945608,0.1217504087,7.5793960031,1.0456360146,0.0674603525,False,0.642402163466911,0.0,0.0,90.0,10.0,0.6270609760920228,-0.27320069639791195,58.45338634376971,True,False,True,False,True,False,False,True,False,False,926.0,,False,False,False,0.8138434447739552,
WO_INV_0068,PPG1000:10+PPG2000:90,1.8,24.77475,10.3672180938,0.932739186,11.114809209,0.9789560861,0.0653265948,True,0.19855579754718003,10.0,90.0,0.0,0.0,0.3600682967085195,-0.1535138906915147,69.50217115065907,True,False,False,False,True,False,False,False,True,False,844.0,,False,True,False,0.5274815037415759,
WO_INV_0081,PPG1000:20+PPG2000:80,1.5,22.5225,10.1197528443,0.9689845246,10.4436681777,1.0674738852,0.0681591643,False,0.18382337937929769,20.0,80.0,0.0,0.0,0.35528491038419063,-0.1916369136102732,67.7047173199569,True,False,False,False,True,False,False,False,False,False,836.0,,False,False,False,0.5245677080658265,
WO_INV_0047,PPG400:100,2.9,181.43125,0.8802859145,0.1203861104,7.3121883532,1.0008979426,0.0660287342,False,0.6446734326767195,0.0,0.0,100.0,0.0,0.6576509563504067,-0.28446965114007405,57.417585471825106,True,False,True,False,True,False,False,True,False,False,927.0,,False,False,False,0.8473702500382175,
WO_INV_0022,PPG2000:100,2.0,25.025,10.8397552996,0.9350630614,11.5925393132,0.8632639163,0.0616244453,True,0.2001599680063987,0.0,100.0,0.0,0.0,0.38479482862209274,-0.15600224469401797,70.71668354751124,True,False,False,False,True,False,False,False,True,False,862.0,,False,True,False,0.5483757215613415,
WO_INV_0769,PPG2000:90+PPG700:10,1.5,22.254375,10.1996313516,0.9771252804,10.4384069844,1.0958555184,0.0690673766,False,0.18203336281421423,0.0,90.0,0.0,10.0,0.3610364592832395,-0.20000314583683457,67.69017504693389,True,False,False,False,True,False,False,False,False,False,847.0,,False,False,False,0.5338644081340047,
WO_INV_0067,PPG1000:10+PPG2000:90,1.7,23.398375,10.6417884736,0.9708049943,10.9618188374,1.0227060861,0.0667265948,False,0.18961655694412508,10.0,90.0,0.0,0.0,0.38157086235158494,-0.19351389069126954,69.10217115068639,True,False,False,False,True,False,False,False,False,False,858.0,,False,False,False,0.5553590862623993,
WO_INV_0021,PPG2000:100,1.9,23.77375,11.1268405815,0.9732237089,11.4329732006,0.9070139163,0.0630244453,True,0.1920742483765742,0.0,100.0,0.0,0.0,0.40655441513098445,-0.19600224474083286,70.31668354603708,True,False,False,False,True,False,False,False,True,False,872.0,,False,True,False,0.5764841602207135,
WO_INV_0048,PPG400:100,3.0,187.6875,0.8575735257,0.1156657035,7.4142420753,1.0446479426,0.0674287342,False,0.6524006082989354,0.0,0.0,100.0,0.0,0.6901039572383009,-0.32446965107908504,57.81758547174321,True,False,True,False,True,False,False,True,False,False,928.0,,False,False,False,0.886662398133331,
WO_INV_0066,PPG1000:10+PPG2000:90,1.6,22.022,10.9236307071,1.0104242977,10.8109343097,1.0664560861,0.0681265948,False,0.18047565193161888,10.0,90.0,0.0,0.0,0.40400720497779374,-0.23351389068412384,68.70217115085946,True,False,False,False,True,False,False,False,False,False,865.0,,False,False,False,0.5842874039094907,
WO_INV_0020,PPG2000:100,1.8,22.522500000000004,11.4215291679,1.0129417219,11.2756034441,0.9507639163,0.0644244453,True,0.1838233793792977,0.0,100.0,0.0,0.0,0.42924777860965657,-0.23600224471852518,69.9166835468293,True,False,False,False,True,False,False,False,True,False,879.0,,False,True,False,0.6056433339909961,
WO_INV_0065,PPG1000:10+PPG2000:90,1.5,20.645625000000003,11.2129373856,1.0516604955,10.66212664,1.1102060861,0.0695265948,False,0.17112618049763514,10.0,90.0,0.0,0.0,0.4273773245771542,-0.273513890634738,68.30217115229479,True,False,False,False,True,False,False,False,False,False,876.0,,False,False,False,0.6142664566719519,
WO_INV_0019,PPG2000:100,1.7,21.27125,11.7240224282,1.0542806578,11.1203998119,0.9945139163,0.0658244453,True,0.17540224909036561,0.0,100.0,0.0,0.0,0.4528749190862521,-0.2760022447351147,69.51668354634883,True,False,False,False,True,False,False,False,True,False,888.0,,False,True,False,0.6358532429060649,
WO_INV_0018,PPG2000:100,1.6,20.020000000000003,12.0345270652,1.0973066676,10.9673324881,1.0382639163,0.0672244453,False,0.1668055324112648,0.0,100.0,0.0,0.0,0.4774358365236669,-0.31600224467963517,69.11668354797496,True,False,False,False,True,False,False,False,False,False,897.0,,False,False,False,0.6671138869210854,
WO_INV_0017,PPG2000:100,1.5,18.768750000000004,12.353255256,1.1420886022,10.8163720675,1.0820139163,0.0686244453,False,0.15802767984002528,0.0,100.0,0.0,0.0,0.5029305309556888,-0.3560022446522943,68.71668354870775,True,False,False,False,True,False,False,False,False,False,905.0,,False,False,False,0.6994252660766577,
